-- MySQL dump 10.13  Distrib 8.0.36, for Win64 (x86_64)
--
-- Host: 127.0.0.1    Database: jpardodb
-- ------------------------------------------------------
-- Server version	8.0.30

/*!40101 SET @OLD_CHARACTER_SET_CLIENT=@@CHARACTER_SET_CLIENT */;
/*!40101 SET @OLD_CHARACTER_SET_RESULTS=@@CHARACTER_SET_RESULTS */;
/*!40101 SET @OLD_COLLATION_CONNECTION=@@COLLATION_CONNECTION */;
/*!50503 SET NAMES utf8 */;
/*!40103 SET @OLD_TIME_ZONE=@@TIME_ZONE */;
/*!40103 SET TIME_ZONE='+00:00' */;
/*!40014 SET @OLD_UNIQUE_CHECKS=@@UNIQUE_CHECKS, UNIQUE_CHECKS=0 */;
/*!40014 SET @OLD_FOREIGN_KEY_CHECKS=@@FOREIGN_KEY_CHECKS, FOREIGN_KEY_CHECKS=0 */;
/*!40101 SET @OLD_SQL_MODE=@@SQL_MODE, SQL_MODE='NO_AUTO_VALUE_ON_ZERO' */;
/*!40111 SET @OLD_SQL_NOTES=@@SQL_NOTES, SQL_NOTES=0 */;

--
-- Table structure for table `admin_permissions`
--

DROP TABLE IF EXISTS `admin_permissions`;
/*!40101 SET @saved_cs_client     = @@character_set_client */;
/*!50503 SET character_set_client = utf8mb4 */;
CREATE TABLE `admin_permissions` (
  `id` int unsigned NOT NULL AUTO_INCREMENT,
  `action` varchar(255) DEFAULT NULL,
  `subject` varchar(255) DEFAULT NULL,
  `properties` json DEFAULT NULL,
  `conditions` json DEFAULT NULL,
  `created_at` datetime(6) DEFAULT NULL,
  `updated_at` datetime(6) DEFAULT NULL,
  `created_by_id` int unsigned DEFAULT NULL,
  `updated_by_id` int unsigned DEFAULT NULL,
  `action_parameters` json DEFAULT NULL,
  PRIMARY KEY (`id`),
  KEY `admin_permissions_created_by_id_fk` (`created_by_id`),
  KEY `admin_permissions_updated_by_id_fk` (`updated_by_id`),
  CONSTRAINT `admin_permissions_created_by_id_fk` FOREIGN KEY (`created_by_id`) REFERENCES `admin_users` (`id`) ON DELETE SET NULL,
  CONSTRAINT `admin_permissions_updated_by_id_fk` FOREIGN KEY (`updated_by_id`) REFERENCES `admin_users` (`id`) ON DELETE SET NULL
) ENGINE=InnoDB AUTO_INCREMENT=304 DEFAULT CHARSET=utf8mb4 COLLATE=utf8mb4_0900_ai_ci;
/*!40101 SET character_set_client = @saved_cs_client */;

--
-- Dumping data for table `admin_permissions`
--

LOCK TABLES `admin_permissions` WRITE;
/*!40000 ALTER TABLE `admin_permissions` DISABLE KEYS */;
INSERT INTO `admin_permissions` VALUES (1,'plugin::content-manager.explorer.create','plugin::ezforms.submission','{\"fields\": [\"score\", \"formName\", \"data\"]}','[]','2024-03-05 11:38:13.901000','2024-03-05 11:38:13.901000',NULL,NULL,NULL),(2,'plugin::content-manager.explorer.create','plugin::ezforms.recipient','{\"fields\": [\"name\", \"email\", \"number\"]}','[]','2024-03-05 11:38:14.460000','2024-03-05 11:38:14.460000',NULL,NULL,NULL),(3,'plugin::content-manager.explorer.read','plugin::ezforms.submission','{\"fields\": [\"score\", \"formName\", \"data\"]}','[]','2024-03-05 11:38:15.020000','2024-03-05 11:38:15.020000',NULL,NULL,NULL),(4,'plugin::content-manager.explorer.read','plugin::ezforms.recipient','{\"fields\": [\"name\", \"email\", \"number\"]}','[]','2024-03-05 11:38:15.575000','2024-03-05 11:38:15.575000',NULL,NULL,NULL),(5,'plugin::content-manager.explorer.update','plugin::ezforms.submission','{\"fields\": [\"score\", \"formName\", \"data\"]}','[]','2024-03-05 11:38:16.135000','2024-03-05 11:38:16.135000',NULL,NULL,NULL),(6,'plugin::content-manager.explorer.update','plugin::ezforms.recipient','{\"fields\": [\"name\", \"email\", \"number\"]}','[]','2024-03-05 11:38:16.699000','2024-03-05 11:38:16.699000',NULL,NULL,NULL),(7,'plugin::content-manager.explorer.delete','plugin::ezforms.submission','{}','[]','2024-03-05 11:38:17.300000','2024-03-05 11:38:17.300000',NULL,NULL,NULL),(8,'plugin::content-manager.explorer.delete','plugin::ezforms.recipient','{}','[]','2024-03-05 11:38:17.856000','2024-03-05 11:38:17.856000',NULL,NULL,NULL),(9,'plugin::upload.read',NULL,'{}','[]','2024-03-05 11:38:18.415000','2024-03-05 11:38:18.415000',NULL,NULL,NULL),(10,'plugin::upload.configure-view',NULL,'{}','[]','2024-03-05 11:38:19.002000','2024-03-05 11:38:19.002000',NULL,NULL,NULL),(11,'plugin::upload.assets.create',NULL,'{}','[]','2024-03-05 11:38:19.566000','2024-03-05 11:38:19.566000',NULL,NULL,NULL),(12,'plugin::upload.assets.update',NULL,'{}','[]','2024-03-05 11:38:20.119000','2024-03-05 11:38:20.119000',NULL,NULL,NULL),(13,'plugin::upload.assets.download',NULL,'{}','[]','2024-03-05 11:38:20.676000','2024-03-05 11:38:20.676000',NULL,NULL,NULL),(14,'plugin::upload.assets.copy-link',NULL,'{}','[]','2024-03-05 11:38:21.234000','2024-03-05 11:38:21.234000',NULL,NULL,NULL),(15,'plugin::content-manager.explorer.create','plugin::ezforms.submission','{\"fields\": [\"score\", \"formName\", \"data\"]}','[\"admin::is-creator\"]','2024-03-05 11:38:21.793000','2024-03-05 11:38:21.793000',NULL,NULL,NULL),(16,'plugin::content-manager.explorer.create','plugin::ezforms.recipient','{\"fields\": [\"name\", \"email\", \"number\"]}','[\"admin::is-creator\"]','2024-03-05 11:38:22.351000','2024-03-05 11:38:22.351000',NULL,NULL,NULL),(17,'plugin::content-manager.explorer.read','plugin::ezforms.submission','{\"fields\": [\"score\", \"formName\", \"data\"]}','[\"admin::is-creator\"]','2024-03-05 11:38:22.910000','2024-03-05 11:38:22.910000',NULL,NULL,NULL),(18,'plugin::content-manager.explorer.read','plugin::ezforms.recipient','{\"fields\": [\"name\", \"email\", \"number\"]}','[\"admin::is-creator\"]','2024-03-05 11:38:23.488000','2024-03-05 11:38:23.488000',NULL,NULL,NULL),(19,'plugin::content-manager.explorer.update','plugin::ezforms.submission','{\"fields\": [\"score\", \"formName\", \"data\"]}','[\"admin::is-creator\"]','2024-03-05 11:38:24.048000','2024-03-05 11:38:24.048000',NULL,NULL,NULL),(20,'plugin::content-manager.explorer.update','plugin::ezforms.recipient','{\"fields\": [\"name\", \"email\", \"number\"]}','[\"admin::is-creator\"]','2024-03-05 11:38:24.619000','2024-03-05 11:38:24.619000',NULL,NULL,NULL),(21,'plugin::content-manager.explorer.delete','plugin::ezforms.submission','{}','[\"admin::is-creator\"]','2024-03-05 11:38:25.186000','2024-03-05 11:38:25.186000',NULL,NULL,NULL),(22,'plugin::content-manager.explorer.delete','plugin::ezforms.recipient','{}','[\"admin::is-creator\"]','2024-03-05 11:38:25.786000','2024-03-05 11:38:25.786000',NULL,NULL,NULL),(23,'plugin::upload.read',NULL,'{}','[\"admin::is-creator\"]','2024-03-05 11:38:26.375000','2024-03-05 11:38:26.375000',NULL,NULL,NULL),(24,'plugin::upload.configure-view',NULL,'{}','[]','2024-03-05 11:38:26.951000','2024-03-05 11:38:26.951000',NULL,NULL,NULL),(25,'plugin::upload.assets.create',NULL,'{}','[]','2024-03-05 11:38:27.510000','2024-03-05 11:38:27.510000',NULL,NULL,NULL),(26,'plugin::upload.assets.update',NULL,'{}','[\"admin::is-creator\"]','2024-03-05 11:38:28.070000','2024-03-05 11:38:28.070000',NULL,NULL,NULL),(27,'plugin::upload.assets.download',NULL,'{}','[]','2024-03-05 11:38:28.633000','2024-03-05 11:38:28.633000',NULL,NULL,NULL),(28,'plugin::upload.assets.copy-link',NULL,'{}','[]','2024-03-05 11:38:29.232000','2024-03-05 11:38:29.232000',NULL,NULL,NULL),(96,'plugin::content-manager.explorer.create','plugin::ezforms.submission','{\"fields\": [\"score\", \"formName\", \"data\"]}','[]','2024-03-05 13:06:42.992000','2024-03-05 13:06:42.992000',NULL,NULL,'{}'),(97,'plugin::content-manager.explorer.create','plugin::ezforms.recipient','{\"fields\": [\"name\", \"email\", \"number\"]}','[]','2024-03-05 13:06:43.564000','2024-03-05 13:06:43.564000',NULL,NULL,'{}'),(98,'plugin::content-manager.explorer.create','plugin::users-permissions.user','{\"fields\": [\"username\", \"email\", \"provider\", \"password\", \"resetPasswordToken\", \"confirmationToken\", \"confirmed\", \"blocked\", \"role\"]}','[]','2024-03-05 13:06:44.134000','2024-03-05 13:06:44.134000',NULL,NULL,'{}'),(100,'plugin::content-manager.explorer.read','plugin::ezforms.submission','{\"fields\": [\"score\", \"formName\", \"data\"]}','[]','2024-03-05 13:06:45.270000','2024-03-05 13:06:45.270000',NULL,NULL,'{}'),(101,'plugin::content-manager.explorer.read','plugin::ezforms.recipient','{\"fields\": [\"name\", \"email\", \"number\"]}','[]','2024-03-05 13:06:45.839000','2024-03-05 13:06:45.839000',NULL,NULL,'{}'),(102,'plugin::content-manager.explorer.read','plugin::users-permissions.user','{\"fields\": [\"username\", \"email\", \"provider\", \"password\", \"resetPasswordToken\", \"confirmationToken\", \"confirmed\", \"blocked\", \"role\"]}','[]','2024-03-05 13:06:46.432000','2024-03-05 13:06:46.432000',NULL,NULL,'{}'),(104,'plugin::content-manager.explorer.update','plugin::ezforms.submission','{\"fields\": [\"score\", \"formName\", \"data\"]}','[]','2024-03-05 13:06:47.578000','2024-03-05 13:06:47.578000',NULL,NULL,'{}'),(105,'plugin::content-manager.explorer.update','plugin::ezforms.recipient','{\"fields\": [\"name\", \"email\", \"number\"]}','[]','2024-03-05 13:06:48.145000','2024-03-05 13:06:48.145000',NULL,NULL,'{}'),(106,'plugin::content-manager.explorer.update','plugin::users-permissions.user','{\"fields\": [\"username\", \"email\", \"provider\", \"password\", \"resetPasswordToken\", \"confirmationToken\", \"confirmed\", \"blocked\", \"role\"]}','[]','2024-03-05 13:06:48.740000','2024-03-05 13:06:48.740000',NULL,NULL,'{}'),(107,'plugin::content-manager.explorer.delete','api::admision.admision','{}','[]','2024-03-05 13:06:49.313000','2024-03-05 13:06:49.313000',NULL,NULL,'{}'),(108,'plugin::content-manager.explorer.delete','plugin::ezforms.submission','{}','[]','2024-03-05 13:06:49.879000','2024-03-05 13:06:49.879000',NULL,NULL,'{}'),(109,'plugin::content-manager.explorer.delete','plugin::ezforms.recipient','{}','[]','2024-03-05 13:06:50.462000','2024-03-05 13:06:50.462000',NULL,NULL,'{}'),(110,'plugin::content-manager.explorer.delete','plugin::users-permissions.user','{}','[]','2024-03-05 13:06:51.039000','2024-03-05 13:06:51.039000',NULL,NULL,'{}'),(111,'plugin::content-manager.explorer.publish','api::admision.admision','{}','[]','2024-03-05 13:06:51.633000','2024-03-05 13:06:51.633000',NULL,NULL,'{}'),(112,'plugin::content-manager.single-types.configure-view',NULL,'{}','[]','2024-03-05 13:06:52.198000','2024-03-05 13:06:52.198000',NULL,NULL,'{}'),(113,'plugin::content-manager.collection-types.configure-view',NULL,'{}','[]','2024-03-05 13:06:52.772000','2024-03-05 13:06:52.772000',NULL,NULL,'{}'),(114,'plugin::content-manager.components.configure-layout',NULL,'{}','[]','2024-03-05 13:06:53.340000','2024-03-05 13:06:53.340000',NULL,NULL,'{}'),(115,'plugin::content-type-builder.read',NULL,'{}','[]','2024-03-05 13:06:53.921000','2024-03-05 13:06:53.921000',NULL,NULL,'{}'),(116,'plugin::email.settings.read',NULL,'{}','[]','2024-03-05 13:06:54.513000','2024-03-05 13:06:54.513000',NULL,NULL,'{}'),(117,'plugin::upload.read',NULL,'{}','[]','2024-03-05 13:06:55.106000','2024-03-05 13:06:55.106000',NULL,NULL,'{}'),(118,'plugin::upload.assets.create',NULL,'{}','[]','2024-03-05 13:06:55.671000','2024-03-05 13:06:55.671000',NULL,NULL,'{}'),(119,'plugin::upload.assets.update',NULL,'{}','[]','2024-03-05 13:06:56.246000','2024-03-05 13:06:56.246000',NULL,NULL,'{}'),(120,'plugin::upload.assets.download',NULL,'{}','[]','2024-03-05 13:06:56.815000','2024-03-05 13:06:56.815000',NULL,NULL,'{}'),(121,'plugin::upload.assets.copy-link',NULL,'{}','[]','2024-03-05 13:06:57.379000','2024-03-05 13:06:57.379000',NULL,NULL,'{}'),(122,'plugin::upload.configure-view',NULL,'{}','[]','2024-03-05 13:06:57.964000','2024-03-05 13:06:57.964000',NULL,NULL,'{}'),(123,'plugin::upload.settings.read',NULL,'{}','[]','2024-03-05 13:06:58.532000','2024-03-05 13:06:58.532000',NULL,NULL,'{}'),(124,'plugin::i18n.locale.create',NULL,'{}','[]','2024-03-05 13:06:59.110000','2024-03-05 13:06:59.110000',NULL,NULL,'{}'),(125,'plugin::i18n.locale.read',NULL,'{}','[]','2024-03-05 13:06:59.683000','2024-03-05 13:06:59.683000',NULL,NULL,'{}'),(126,'plugin::i18n.locale.update',NULL,'{}','[]','2024-03-05 13:07:00.248000','2024-03-05 13:07:00.248000',NULL,NULL,'{}'),(127,'plugin::i18n.locale.delete',NULL,'{}','[]','2024-03-05 13:07:00.819000','2024-03-05 13:07:00.819000',NULL,NULL,'{}'),(128,'plugin::seo.read',NULL,'{}','[]','2024-03-05 13:07:01.388000','2024-03-05 13:07:01.388000',NULL,NULL,'{}'),(129,'plugin::users-permissions.roles.create',NULL,'{}','[]','2024-03-05 13:07:01.972000','2024-03-05 13:07:01.972000',NULL,NULL,'{}'),(130,'plugin::users-permissions.roles.read',NULL,'{}','[]','2024-03-05 13:07:02.560000','2024-03-05 13:07:02.560000',NULL,NULL,'{}'),(131,'plugin::users-permissions.roles.update',NULL,'{}','[]','2024-03-05 13:07:03.127000','2024-03-05 13:07:03.127000',NULL,NULL,'{}'),(132,'plugin::users-permissions.roles.delete',NULL,'{}','[]','2024-03-05 13:07:03.697000','2024-03-05 13:07:03.697000',NULL,NULL,'{}'),(133,'plugin::users-permissions.providers.read',NULL,'{}','[]','2024-03-05 13:07:04.267000','2024-03-05 13:07:04.267000',NULL,NULL,'{}'),(134,'plugin::users-permissions.providers.update',NULL,'{}','[]','2024-03-05 13:07:04.840000','2024-03-05 13:07:04.840000',NULL,NULL,'{}'),(135,'plugin::users-permissions.email-templates.read',NULL,'{}','[]','2024-03-05 13:07:05.419000','2024-03-05 13:07:05.419000',NULL,NULL,'{}'),(136,'plugin::users-permissions.email-templates.update',NULL,'{}','[]','2024-03-05 13:07:05.993000','2024-03-05 13:07:05.993000',NULL,NULL,'{}'),(137,'plugin::users-permissions.advanced-settings.read',NULL,'{}','[]','2024-03-05 13:07:06.576000','2024-03-05 13:07:06.576000',NULL,NULL,'{}'),(138,'plugin::users-permissions.advanced-settings.update',NULL,'{}','[]','2024-03-05 13:07:07.152000','2024-03-05 13:07:07.152000',NULL,NULL,'{}'),(139,'admin::marketplace.read',NULL,'{}','[]','2024-03-05 13:07:07.733000','2024-03-05 13:07:07.733000',NULL,NULL,'{}'),(140,'admin::webhooks.create',NULL,'{}','[]','2024-03-05 13:07:08.343000','2024-03-05 13:07:08.343000',NULL,NULL,'{}'),(141,'admin::webhooks.read',NULL,'{}','[]','2024-03-05 13:07:08.928000','2024-03-05 13:07:08.928000',NULL,NULL,'{}'),(142,'admin::webhooks.update',NULL,'{}','[]','2024-03-05 13:07:09.498000','2024-03-05 13:07:09.498000',NULL,NULL,'{}'),(143,'admin::webhooks.delete',NULL,'{}','[]','2024-03-05 13:07:10.069000','2024-03-05 13:07:10.069000',NULL,NULL,'{}'),(144,'admin::users.create',NULL,'{}','[]','2024-03-05 13:07:10.649000','2024-03-05 13:07:10.649000',NULL,NULL,'{}'),(145,'admin::users.read',NULL,'{}','[]','2024-03-05 13:07:11.215000','2024-03-05 13:07:11.215000',NULL,NULL,'{}'),(146,'admin::users.update',NULL,'{}','[]','2024-03-05 13:07:11.795000','2024-03-05 13:07:11.795000',NULL,NULL,'{}'),(147,'admin::users.delete',NULL,'{}','[]','2024-03-05 13:07:12.369000','2024-03-05 13:07:12.369000',NULL,NULL,'{}'),(148,'admin::roles.create',NULL,'{}','[]','2024-03-05 13:07:12.933000','2024-03-05 13:07:12.933000',NULL,NULL,'{}'),(149,'admin::roles.read',NULL,'{}','[]','2024-03-05 13:07:13.508000','2024-03-05 13:07:13.508000',NULL,NULL,'{}'),(150,'admin::roles.update',NULL,'{}','[]','2024-03-05 13:07:14.113000','2024-03-05 13:07:14.113000',NULL,NULL,'{}'),(151,'admin::roles.delete',NULL,'{}','[]','2024-03-05 13:07:14.695000','2024-03-05 13:07:14.695000',NULL,NULL,'{}'),(152,'admin::api-tokens.access',NULL,'{}','[]','2024-03-05 13:07:15.280000','2024-03-05 13:07:15.280000',NULL,NULL,'{}'),(153,'admin::api-tokens.create',NULL,'{}','[]','2024-03-05 13:07:15.878000','2024-03-05 13:07:15.878000',NULL,NULL,'{}'),(154,'admin::api-tokens.read',NULL,'{}','[]','2024-03-05 13:07:16.458000','2024-03-05 13:07:16.458000',NULL,NULL,'{}'),(155,'admin::api-tokens.update',NULL,'{}','[]','2024-03-05 13:07:17.090000','2024-03-05 13:07:17.090000',NULL,NULL,'{}'),(156,'admin::api-tokens.regenerate',NULL,'{}','[]','2024-03-05 13:07:17.686000','2024-03-05 13:07:17.686000',NULL,NULL,'{}'),(157,'admin::api-tokens.delete',NULL,'{}','[]','2024-03-05 13:07:18.265000','2024-03-05 13:07:18.265000',NULL,NULL,'{}'),(158,'admin::project-settings.update',NULL,'{}','[]','2024-03-05 13:07:18.826000','2024-03-05 13:07:18.826000',NULL,NULL,'{}'),(159,'admin::project-settings.read',NULL,'{}','[]','2024-03-05 13:07:19.397000','2024-03-05 13:07:19.397000',NULL,NULL,'{}'),(160,'admin::transfer.tokens.access',NULL,'{}','[]','2024-03-05 13:07:19.964000','2024-03-05 13:07:19.964000',NULL,NULL,'{}'),(161,'admin::transfer.tokens.create',NULL,'{}','[]','2024-03-05 13:07:20.529000','2024-03-05 13:07:20.529000',NULL,NULL,'{}'),(162,'admin::transfer.tokens.read',NULL,'{}','[]','2024-03-05 13:07:21.093000','2024-03-05 13:07:21.093000',NULL,NULL,'{}'),(163,'admin::transfer.tokens.update',NULL,'{}','[]','2024-03-05 13:07:21.666000','2024-03-05 13:07:21.666000',NULL,NULL,'{}'),(164,'admin::transfer.tokens.regenerate',NULL,'{}','[]','2024-03-05 13:07:22.256000','2024-03-05 13:07:22.256000',NULL,NULL,'{}'),(165,'admin::transfer.tokens.delete',NULL,'{}','[]','2024-03-05 13:07:22.824000','2024-03-05 13:07:22.824000',NULL,NULL,'{}'),(184,'plugin::content-manager.explorer.delete','api::general.general','{}','[]','2024-03-05 13:33:50.170000','2024-03-05 13:33:50.170000',NULL,NULL,'{}'),(185,'plugin::content-manager.explorer.publish','api::general.general','{}','[]','2024-03-05 13:33:50.788000','2024-03-05 13:33:50.788000',NULL,NULL,'{}'),(198,'plugin::content-manager.explorer.create','api::enviroment.enviroment','{\"fields\": [\"ENV\"]}','[]','2024-03-05 18:28:19.911000','2024-03-05 18:28:19.911000',NULL,NULL,'{}'),(199,'plugin::content-manager.explorer.read','api::enviroment.enviroment','{\"fields\": [\"ENV\"]}','[]','2024-03-05 18:28:20.475000','2024-03-05 18:28:20.475000',NULL,NULL,'{}'),(200,'plugin::content-manager.explorer.update','api::enviroment.enviroment','{\"fields\": [\"ENV\"]}','[]','2024-03-05 18:28:21.033000','2024-03-05 18:28:21.033000',NULL,NULL,'{}'),(201,'plugin::content-manager.explorer.delete','api::enviroment.enviroment','{}','[]','2024-03-05 18:28:21.589000','2024-03-05 18:28:21.589000',NULL,NULL,'{}'),(202,'plugin::content-manager.explorer.publish','api::enviroment.enviroment','{}','[]','2024-03-05 18:28:22.142000','2024-03-05 18:28:22.142000',NULL,NULL,'{}'),(217,'plugin::content-manager.explorer.create','api::especialidad.especialidad','{\"fields\": [\"titulo\", \"descripcion\", \"logo\"]}','[]','2024-03-07 21:29:59.202000','2024-03-07 21:29:59.202000',NULL,NULL,'{}'),(218,'plugin::content-manager.explorer.read','api::especialidad.especialidad','{\"fields\": [\"titulo\", \"descripcion\", \"logo\"]}','[]','2024-03-07 21:29:59.217000','2024-03-07 21:29:59.217000',NULL,NULL,'{}'),(219,'plugin::content-manager.explorer.update','api::especialidad.especialidad','{\"fields\": [\"titulo\", \"descripcion\", \"logo\"]}','[]','2024-03-07 21:29:59.227000','2024-03-07 21:29:59.227000',NULL,NULL,'{}'),(220,'plugin::content-manager.explorer.delete','api::especialidad.especialidad','{}','[]','2024-03-07 21:29:59.238000','2024-03-07 21:29:59.238000',NULL,NULL,'{}'),(221,'plugin::content-manager.explorer.publish','api::especialidad.especialidad','{}','[]','2024-03-07 21:29:59.250000','2024-03-07 21:29:59.250000',NULL,NULL,'{}'),(225,'plugin::content-manager.explorer.delete','api::user-register.user-register','{}','[]','2024-03-07 22:13:53.972000','2024-03-07 22:13:53.972000',NULL,NULL,'{}'),(226,'plugin::content-manager.explorer.publish','api::user-register.user-register','{}','[]','2024-03-07 22:13:53.984000','2024-03-07 22:13:53.984000',NULL,NULL,'{}'),(257,'plugin::content-manager.explorer.create','api::user-register.user-register','{\"fields\": [\"nombres\", \"apellidos\", \"carrera_interes\", \"celular\", \"email\"]}','[]','2024-11-12 11:52:55.812000','2024-11-12 11:52:55.812000',NULL,NULL,'{}'),(258,'plugin::content-manager.explorer.read','api::user-register.user-register','{\"fields\": [\"nombres\", \"apellidos\", \"carrera_interes\", \"celular\", \"email\"]}','[]','2024-11-12 11:52:55.821000','2024-11-12 11:52:55.821000',NULL,NULL,'{}'),(259,'plugin::content-manager.explorer.update','api::user-register.user-register','{\"fields\": [\"nombres\", \"apellidos\", \"carrera_interes\", \"celular\", \"email\"]}','[]','2024-11-12 11:52:55.828000','2024-11-12 11:52:55.828000',NULL,NULL,'{}'),(284,'plugin::content-manager.explorer.create','api::admision.admision','{\"fields\": [\"AdmisionBanner.titulo\", \"AdmisionBanner.subtitulo\", \"AdmisionBanner.texto\", \"AdmisionBanner.image\", \"AdmisionForm.nombre.name\", \"AdmisionForm.nombre.label\", \"AdmisionForm.apellido.name\", \"AdmisionForm.apellido.label\", \"AdmisionForm.carrera.name\", \"AdmisionForm.carrera.label\", \"AdmisionForm.celular.name\", \"AdmisionForm.celular.label\", \"AdmisionForm.messages\", \"AdmisionForm.titulo\", \"AdmisionForm.subtitulo\", \"AdmisionForm.email.name\", \"AdmisionForm.email.label\", \"AdmisionEspecialidades.titulo\", \"AdmisionEspecialidades.subtitulo\", \"AdmisionEspecialidades.texto\", \"AdmisionModalidades.titulo\", \"AdmisionModalidades.subtitulo\", \"AdmisionModalidades.image\", \"AdmisionModalidades.Modalidad.titulo\", \"AdmisionModalidades.Modalidad.descripcion\", \"AdmisionModalidades.Modalidad.logo\", \"AdmisionModalidades.texto\", \"AdmimisionBeneficios.CardBenefits.image\", \"AdmimisionBeneficios.CardBenefits.titulo\", \"AdmimisionBeneficios.titulo\", \"AdmimisionBeneficios.subtitulo\", \"AdmisionGaleria.titulo\", \"AdmisionGaleria.subtitulo\", \"AdmisionConvenios.titulo\", \"AdmisionConvenios.logo\", \"AdmisionTestimonios.titulo\", \"AdmisionTestimonios.subtitulo\", \"AdmisionTestimonios.Cardtestimonios.imagen\", \"AdmisionTestimonios.Cardtestimonios.comentario\", \"AdmisionTestimonios.Cardtestimonios.nombre\", \"AdmisionTestimonios.Cardtestimonios.ocupacion\", \"AdmisionBlog.titulo\", \"AdmisionBlog.subtitulo\", \"seo.metaTitle\", \"seo.metaDescription\", \"seo.metaImage\", \"seo.metaSocial.socialNetwork\", \"seo.metaSocial.title\", \"seo.metaSocial.description\", \"seo.metaSocial.image\", \"seo.keywords\", \"seo.metaRobots\", \"seo.structuredData\", \"seo.metaViewport\", \"seo.canonicalURL\"]}','[]','2024-11-17 12:25:28.604000','2024-11-17 12:25:28.604000',NULL,NULL,'{}'),(285,'plugin::content-manager.explorer.read','api::admision.admision','{\"fields\": [\"AdmisionBanner.titulo\", \"AdmisionBanner.subtitulo\", \"AdmisionBanner.texto\", \"AdmisionBanner.image\", \"AdmisionForm.nombre.name\", \"AdmisionForm.nombre.label\", \"AdmisionForm.apellido.name\", \"AdmisionForm.apellido.label\", \"AdmisionForm.carrera.name\", \"AdmisionForm.carrera.label\", \"AdmisionForm.celular.name\", \"AdmisionForm.celular.label\", \"AdmisionForm.messages\", \"AdmisionForm.titulo\", \"AdmisionForm.subtitulo\", \"AdmisionForm.email.name\", \"AdmisionForm.email.label\", \"AdmisionEspecialidades.titulo\", \"AdmisionEspecialidades.subtitulo\", \"AdmisionEspecialidades.texto\", \"AdmisionModalidades.titulo\", \"AdmisionModalidades.subtitulo\", \"AdmisionModalidades.image\", \"AdmisionModalidades.Modalidad.titulo\", \"AdmisionModalidades.Modalidad.descripcion\", \"AdmisionModalidades.Modalidad.logo\", \"AdmisionModalidades.texto\", \"AdmimisionBeneficios.CardBenefits.image\", \"AdmimisionBeneficios.CardBenefits.titulo\", \"AdmimisionBeneficios.titulo\", \"AdmimisionBeneficios.subtitulo\", \"AdmisionGaleria.titulo\", \"AdmisionGaleria.subtitulo\", \"AdmisionConvenios.titulo\", \"AdmisionConvenios.logo\", \"AdmisionTestimonios.titulo\", \"AdmisionTestimonios.subtitulo\", \"AdmisionTestimonios.Cardtestimonios.imagen\", \"AdmisionTestimonios.Cardtestimonios.comentario\", \"AdmisionTestimonios.Cardtestimonios.nombre\", \"AdmisionTestimonios.Cardtestimonios.ocupacion\", \"AdmisionBlog.titulo\", \"AdmisionBlog.subtitulo\", \"seo.metaTitle\", \"seo.metaDescription\", \"seo.metaImage\", \"seo.metaSocial.socialNetwork\", \"seo.metaSocial.title\", \"seo.metaSocial.description\", \"seo.metaSocial.image\", \"seo.keywords\", \"seo.metaRobots\", \"seo.structuredData\", \"seo.metaViewport\", \"seo.canonicalURL\"]}','[]','2024-11-17 12:25:28.617000','2024-11-17 12:25:28.617000',NULL,NULL,'{}'),(286,'plugin::content-manager.explorer.update','api::admision.admision','{\"fields\": [\"AdmisionBanner.titulo\", \"AdmisionBanner.subtitulo\", \"AdmisionBanner.texto\", \"AdmisionBanner.image\", \"AdmisionForm.nombre.name\", \"AdmisionForm.nombre.label\", \"AdmisionForm.apellido.name\", \"AdmisionForm.apellido.label\", \"AdmisionForm.carrera.name\", \"AdmisionForm.carrera.label\", \"AdmisionForm.celular.name\", \"AdmisionForm.celular.label\", \"AdmisionForm.messages\", \"AdmisionForm.titulo\", \"AdmisionForm.subtitulo\", \"AdmisionForm.email.name\", \"AdmisionForm.email.label\", \"AdmisionEspecialidades.titulo\", \"AdmisionEspecialidades.subtitulo\", \"AdmisionEspecialidades.texto\", \"AdmisionModalidades.titulo\", \"AdmisionModalidades.subtitulo\", \"AdmisionModalidades.image\", \"AdmisionModalidades.Modalidad.titulo\", \"AdmisionModalidades.Modalidad.descripcion\", \"AdmisionModalidades.Modalidad.logo\", \"AdmisionModalidades.texto\", \"AdmimisionBeneficios.CardBenefits.image\", \"AdmimisionBeneficios.CardBenefits.titulo\", \"AdmimisionBeneficios.titulo\", \"AdmimisionBeneficios.subtitulo\", \"AdmisionGaleria.titulo\", \"AdmisionGaleria.subtitulo\", \"AdmisionConvenios.titulo\", \"AdmisionConvenios.logo\", \"AdmisionTestimonios.titulo\", \"AdmisionTestimonios.subtitulo\", \"AdmisionTestimonios.Cardtestimonios.imagen\", \"AdmisionTestimonios.Cardtestimonios.comentario\", \"AdmisionTestimonios.Cardtestimonios.nombre\", \"AdmisionTestimonios.Cardtestimonios.ocupacion\", \"AdmisionBlog.titulo\", \"AdmisionBlog.subtitulo\", \"seo.metaTitle\", \"seo.metaDescription\", \"seo.metaImage\", \"seo.metaSocial.socialNetwork\", \"seo.metaSocial.title\", \"seo.metaSocial.description\", \"seo.metaSocial.image\", \"seo.keywords\", \"seo.metaRobots\", \"seo.structuredData\", \"seo.metaViewport\", \"seo.canonicalURL\"]}','[]','2024-11-17 12:25:28.624000','2024-11-17 12:25:28.624000',NULL,NULL,'{}'),(290,'plugin::content-manager.explorer.delete','api::blog-post.blog-post','{}','[]','2024-11-18 10:42:23.814000','2024-11-18 10:42:23.814000',NULL,NULL,'{}'),(291,'plugin::content-manager.explorer.publish','api::blog-post.blog-post','{}','[]','2024-11-18 10:42:23.818000','2024-11-18 10:42:23.818000',NULL,NULL,'{}'),(295,'plugin::content-manager.explorer.create','api::blog-post.blog-post','{\"fields\": [\"titulo\", \"text\", \"image\", \"destacado\", \"slug\", \"seo.metaTitle\", \"seo.metaDescription\", \"seo.metaImage\", \"seo.metaSocial.socialNetwork\", \"seo.metaSocial.title\", \"seo.metaSocial.description\", \"seo.metaSocial.image\", \"seo.keywords\", \"seo.metaRobots\", \"seo.structuredData\", \"seo.metaViewport\", \"seo.canonicalURL\"]}','[]','2024-11-18 11:36:04.674000','2024-11-18 11:36:04.674000',NULL,NULL,'{}'),(296,'plugin::content-manager.explorer.read','api::blog-post.blog-post','{\"fields\": [\"titulo\", \"text\", \"image\", \"destacado\", \"slug\", \"seo.metaTitle\", \"seo.metaDescription\", \"seo.metaImage\", \"seo.metaSocial.socialNetwork\", \"seo.metaSocial.title\", \"seo.metaSocial.description\", \"seo.metaSocial.image\", \"seo.keywords\", \"seo.metaRobots\", \"seo.structuredData\", \"seo.metaViewport\", \"seo.canonicalURL\"]}','[]','2024-11-18 11:36:04.683000','2024-11-18 11:36:04.683000',NULL,NULL,'{}'),(297,'plugin::content-manager.explorer.update','api::blog-post.blog-post','{\"fields\": [\"titulo\", \"text\", \"image\", \"destacado\", \"slug\", \"seo.metaTitle\", \"seo.metaDescription\", \"seo.metaImage\", \"seo.metaSocial.socialNetwork\", \"seo.metaSocial.title\", \"seo.metaSocial.description\", \"seo.metaSocial.image\", \"seo.keywords\", \"seo.metaRobots\", \"seo.structuredData\", \"seo.metaViewport\", \"seo.canonicalURL\"]}','[]','2024-11-18 11:36:04.688000','2024-11-18 11:36:04.688000',NULL,NULL,'{}'),(301,'plugin::content-manager.explorer.create','api::general.general','{\"fields\": [\"label_buttons.lbl_enviar\", \"label_buttons.lbl_leer_mas\", \"informacion.direccion\", \"informacion.telefono\", \"informacion.correo\", \"informacion.horario\", \"informacion.logo\", \"informacion.redes_sociales.tipo\", \"informacion.redes_sociales.url\", \"Footer.text\", \"Footer.copyright\"]}','[]','2024-11-19 03:13:26.207000','2024-11-19 03:13:26.207000',NULL,NULL,'{}'),(302,'plugin::content-manager.explorer.read','api::general.general','{\"fields\": [\"label_buttons.lbl_enviar\", \"label_buttons.lbl_leer_mas\", \"informacion.direccion\", \"informacion.telefono\", \"informacion.correo\", \"informacion.horario\", \"informacion.logo\", \"informacion.redes_sociales.tipo\", \"informacion.redes_sociales.url\", \"Footer.text\", \"Footer.copyright\"]}','[]','2024-11-19 03:13:26.213000','2024-11-19 03:13:26.213000',NULL,NULL,'{}'),(303,'plugin::content-manager.explorer.update','api::general.general','{\"fields\": [\"label_buttons.lbl_enviar\", \"label_buttons.lbl_leer_mas\", \"informacion.direccion\", \"informacion.telefono\", \"informacion.correo\", \"informacion.horario\", \"informacion.logo\", \"informacion.redes_sociales.tipo\", \"informacion.redes_sociales.url\", \"Footer.text\", \"Footer.copyright\"]}','[]','2024-11-19 03:13:26.220000','2024-11-19 03:13:26.220000',NULL,NULL,'{}');
/*!40000 ALTER TABLE `admin_permissions` ENABLE KEYS */;
UNLOCK TABLES;

--
-- Table structure for table `admin_permissions_role_links`
--

DROP TABLE IF EXISTS `admin_permissions_role_links`;
/*!40101 SET @saved_cs_client     = @@character_set_client */;
/*!50503 SET character_set_client = utf8mb4 */;
CREATE TABLE `admin_permissions_role_links` (
  `id` int unsigned NOT NULL AUTO_INCREMENT,
  `permission_id` int unsigned DEFAULT NULL,
  `role_id` int unsigned DEFAULT NULL,
  `permission_order` double unsigned DEFAULT NULL,
  PRIMARY KEY (`id`),
  UNIQUE KEY `admin_permissions_role_links_unique` (`permission_id`,`role_id`),
  KEY `admin_permissions_role_links_fk` (`permission_id`),
  KEY `admin_permissions_role_links_inv_fk` (`role_id`),
  KEY `admin_permissions_role_links_order_inv_fk` (`permission_order`),
  CONSTRAINT `admin_permissions_role_links_fk` FOREIGN KEY (`permission_id`) REFERENCES `admin_permissions` (`id`) ON DELETE CASCADE,
  CONSTRAINT `admin_permissions_role_links_inv_fk` FOREIGN KEY (`role_id`) REFERENCES `admin_roles` (`id`) ON DELETE CASCADE
) ENGINE=InnoDB AUTO_INCREMENT=304 DEFAULT CHARSET=utf8mb4 COLLATE=utf8mb4_0900_ai_ci;
/*!40101 SET character_set_client = @saved_cs_client */;

--
-- Dumping data for table `admin_permissions_role_links`
--

LOCK TABLES `admin_permissions_role_links` WRITE;
/*!40000 ALTER TABLE `admin_permissions_role_links` DISABLE KEYS */;
INSERT INTO `admin_permissions_role_links` VALUES (1,1,2,1),(2,2,2,2),(3,3,2,3),(4,4,2,4),(5,5,2,5),(6,6,2,6),(7,7,2,7),(8,8,2,8),(9,9,2,9),(10,10,2,10),(11,11,2,11),(12,12,2,12),(13,13,2,13),(14,14,2,14),(15,15,3,1),(16,16,3,2),(17,17,3,3),(18,18,3,4),(19,19,3,5),(20,20,3,6),(21,21,3,7),(22,22,3,8),(23,23,3,9),(24,24,3,10),(25,25,3,11),(26,26,3,12),(27,27,3,13),(28,28,3,14),(96,96,1,2),(97,97,1,3),(98,98,1,4),(100,100,1,6),(101,101,1,7),(102,102,1,8),(104,104,1,10),(105,105,1,11),(106,106,1,12),(107,107,1,13),(108,108,1,14),(109,109,1,15),(110,110,1,16),(111,111,1,17),(112,112,1,18),(113,113,1,19),(114,114,1,20),(115,115,1,21),(116,116,1,22),(117,117,1,23),(118,118,1,24),(119,119,1,25),(120,120,1,26),(121,121,1,27),(122,122,1,28),(123,123,1,29),(124,124,1,30),(125,125,1,31),(126,126,1,32),(127,127,1,33),(128,128,1,34),(129,129,1,35),(130,130,1,36),(131,131,1,37),(132,132,1,38),(133,133,1,39),(134,134,1,40),(135,135,1,41),(136,136,1,42),(137,137,1,43),(138,138,1,44),(139,139,1,45),(140,140,1,46),(141,141,1,47),(142,142,1,48),(143,143,1,49),(144,144,1,50),(145,145,1,51),(146,146,1,52),(147,147,1,53),(148,148,1,54),(149,149,1,55),(150,150,1,56),(151,151,1,57),(152,152,1,58),(153,153,1,59),(154,154,1,60),(155,155,1,61),(156,156,1,62),(157,157,1,63),(158,158,1,64),(159,159,1,65),(160,160,1,66),(161,161,1,67),(162,162,1,68),(163,163,1,69),(164,164,1,70),(165,165,1,71),(184,184,1,78),(185,185,1,79),(198,198,1,86),(199,199,1,87),(200,200,1,88),(201,201,1,89),(202,202,1,90),(217,217,1,94),(218,218,1,95),(219,219,1,96),(220,220,1,97),(221,221,1,98),(225,225,1,102),(226,226,1,103),(257,257,1,110),(258,258,1,111),(259,259,1,112),(284,284,1,113),(285,285,1,114),(286,286,1,115),(290,290,1,119),(291,291,1,120),(295,295,1,121),(296,296,1,122),(297,297,1,123),(301,301,1,124),(302,302,1,125),(303,303,1,126);
/*!40000 ALTER TABLE `admin_permissions_role_links` ENABLE KEYS */;
UNLOCK TABLES;

--
-- Table structure for table `admin_roles`
--

DROP TABLE IF EXISTS `admin_roles`;
/*!40101 SET @saved_cs_client     = @@character_set_client */;
/*!50503 SET character_set_client = utf8mb4 */;
CREATE TABLE `admin_roles` (
  `id` int unsigned NOT NULL AUTO_INCREMENT,
  `name` varchar(255) DEFAULT NULL,
  `code` varchar(255) DEFAULT NULL,
  `description` varchar(255) DEFAULT NULL,
  `created_at` datetime(6) DEFAULT NULL,
  `updated_at` datetime(6) DEFAULT NULL,
  `created_by_id` int unsigned DEFAULT NULL,
  `updated_by_id` int unsigned DEFAULT NULL,
  PRIMARY KEY (`id`),
  KEY `admin_roles_created_by_id_fk` (`created_by_id`),
  KEY `admin_roles_updated_by_id_fk` (`updated_by_id`),
  CONSTRAINT `admin_roles_created_by_id_fk` FOREIGN KEY (`created_by_id`) REFERENCES `admin_users` (`id`) ON DELETE SET NULL,
  CONSTRAINT `admin_roles_updated_by_id_fk` FOREIGN KEY (`updated_by_id`) REFERENCES `admin_users` (`id`) ON DELETE SET NULL
) ENGINE=InnoDB AUTO_INCREMENT=4 DEFAULT CHARSET=utf8mb4 COLLATE=utf8mb4_0900_ai_ci;
/*!40101 SET character_set_client = @saved_cs_client */;

--
-- Dumping data for table `admin_roles`
--

LOCK TABLES `admin_roles` WRITE;
/*!40000 ALTER TABLE `admin_roles` DISABLE KEYS */;
INSERT INTO `admin_roles` VALUES (1,'Super Admin','strapi-super-admin','Super Admins can access and manage all features and settings.','2024-03-05 11:38:12.496000','2024-03-05 11:38:12.496000',NULL,NULL),(2,'Editor','strapi-editor','Editors can manage and publish contents including those of other users.','2024-03-05 11:38:13.052000','2024-03-05 11:38:13.052000',NULL,NULL),(3,'Author','strapi-author','Authors can manage the content they have created.','2024-03-05 11:38:13.519000','2024-03-05 11:38:13.519000',NULL,NULL);
/*!40000 ALTER TABLE `admin_roles` ENABLE KEYS */;
UNLOCK TABLES;

--
-- Table structure for table `admin_users`
--

DROP TABLE IF EXISTS `admin_users`;
/*!40101 SET @saved_cs_client     = @@character_set_client */;
/*!50503 SET character_set_client = utf8mb4 */;
CREATE TABLE `admin_users` (
  `id` int unsigned NOT NULL AUTO_INCREMENT,
  `firstname` varchar(255) DEFAULT NULL,
  `lastname` varchar(255) DEFAULT NULL,
  `username` varchar(255) DEFAULT NULL,
  `email` varchar(255) DEFAULT NULL,
  `password` varchar(255) DEFAULT NULL,
  `reset_password_token` varchar(255) DEFAULT NULL,
  `registration_token` varchar(255) DEFAULT NULL,
  `is_active` tinyint(1) DEFAULT NULL,
  `blocked` tinyint(1) DEFAULT NULL,
  `prefered_language` varchar(255) DEFAULT NULL,
  `created_at` datetime(6) DEFAULT NULL,
  `updated_at` datetime(6) DEFAULT NULL,
  `created_by_id` int unsigned DEFAULT NULL,
  `updated_by_id` int unsigned DEFAULT NULL,
  PRIMARY KEY (`id`),
  KEY `admin_users_created_by_id_fk` (`created_by_id`),
  KEY `admin_users_updated_by_id_fk` (`updated_by_id`),
  CONSTRAINT `admin_users_created_by_id_fk` FOREIGN KEY (`created_by_id`) REFERENCES `admin_users` (`id`) ON DELETE SET NULL,
  CONSTRAINT `admin_users_updated_by_id_fk` FOREIGN KEY (`updated_by_id`) REFERENCES `admin_users` (`id`) ON DELETE SET NULL
) ENGINE=InnoDB AUTO_INCREMENT=3 DEFAULT CHARSET=utf8mb4 COLLATE=utf8mb4_0900_ai_ci;
/*!40101 SET character_set_client = @saved_cs_client */;

--
-- Dumping data for table `admin_users`
--

LOCK TABLES `admin_users` WRITE;
/*!40000 ALTER TABLE `admin_users` DISABLE KEYS */;
INSERT INTO `admin_users` VALUES (1,'Jhair','Infanzon',NULL,'raulfsalazar@gmail.com','$2a$10$HMN8xLcHfWCJRte69yC5EOZQ1bK2wC563jl4JeJ9.FJrr4iGBPAFy',NULL,NULL,1,0,NULL,'2024-03-05 11:58:04.198000','2024-03-05 11:58:04.198000',NULL,NULL),(2,'Jhair','Infanzon',NULL,'raulfsalazar@gmail.com','$2a$10$mvHDRRPKdH/2ydPd/mc7gOloZBj8t7dQHQQ5q/syB061jgD2Sw7ye',NULL,NULL,1,0,NULL,'2024-03-05 11:58:04.464000','2024-03-05 11:58:04.464000',NULL,NULL);
/*!40000 ALTER TABLE `admin_users` ENABLE KEYS */;
UNLOCK TABLES;

--
-- Table structure for table `admin_users_roles_links`
--

DROP TABLE IF EXISTS `admin_users_roles_links`;
/*!40101 SET @saved_cs_client     = @@character_set_client */;
/*!50503 SET character_set_client = utf8mb4 */;
CREATE TABLE `admin_users_roles_links` (
  `id` int unsigned NOT NULL AUTO_INCREMENT,
  `user_id` int unsigned DEFAULT NULL,
  `role_id` int unsigned DEFAULT NULL,
  `role_order` double unsigned DEFAULT NULL,
  `user_order` double unsigned DEFAULT NULL,
  PRIMARY KEY (`id`),
  UNIQUE KEY `admin_users_roles_links_unique` (`user_id`,`role_id`),
  KEY `admin_users_roles_links_fk` (`user_id`),
  KEY `admin_users_roles_links_inv_fk` (`role_id`),
  KEY `admin_users_roles_links_order_fk` (`role_order`),
  KEY `admin_users_roles_links_order_inv_fk` (`user_order`),
  CONSTRAINT `admin_users_roles_links_fk` FOREIGN KEY (`user_id`) REFERENCES `admin_users` (`id`) ON DELETE CASCADE,
  CONSTRAINT `admin_users_roles_links_inv_fk` FOREIGN KEY (`role_id`) REFERENCES `admin_roles` (`id`) ON DELETE CASCADE
) ENGINE=InnoDB AUTO_INCREMENT=3 DEFAULT CHARSET=utf8mb4 COLLATE=utf8mb4_0900_ai_ci;
/*!40101 SET character_set_client = @saved_cs_client */;

--
-- Dumping data for table `admin_users_roles_links`
--

LOCK TABLES `admin_users_roles_links` WRITE;
/*!40000 ALTER TABLE `admin_users_roles_links` DISABLE KEYS */;
INSERT INTO `admin_users_roles_links` VALUES (1,1,1,1,1),(2,2,1,1,2);
/*!40000 ALTER TABLE `admin_users_roles_links` ENABLE KEYS */;
UNLOCK TABLES;

--
-- Table structure for table `admisions`
--

DROP TABLE IF EXISTS `admisions`;
/*!40101 SET @saved_cs_client     = @@character_set_client */;
/*!50503 SET character_set_client = utf8mb4 */;
CREATE TABLE `admisions` (
  `id` int unsigned NOT NULL AUTO_INCREMENT,
  `created_at` datetime(6) DEFAULT NULL,
  `updated_at` datetime(6) DEFAULT NULL,
  `published_at` datetime(6) DEFAULT NULL,
  `created_by_id` int unsigned DEFAULT NULL,
  `updated_by_id` int unsigned DEFAULT NULL,
  PRIMARY KEY (`id`),
  KEY `admisions_created_by_id_fk` (`created_by_id`),
  KEY `admisions_updated_by_id_fk` (`updated_by_id`),
  CONSTRAINT `admisions_created_by_id_fk` FOREIGN KEY (`created_by_id`) REFERENCES `admin_users` (`id`) ON DELETE SET NULL,
  CONSTRAINT `admisions_updated_by_id_fk` FOREIGN KEY (`updated_by_id`) REFERENCES `admin_users` (`id`) ON DELETE SET NULL
) ENGINE=InnoDB AUTO_INCREMENT=2 DEFAULT CHARSET=utf8mb4 COLLATE=utf8mb4_0900_ai_ci;
/*!40101 SET character_set_client = @saved_cs_client */;

--
-- Dumping data for table `admisions`
--

LOCK TABLES `admisions` WRITE;
/*!40000 ALTER TABLE `admisions` DISABLE KEYS */;
INSERT INTO `admisions` VALUES (1,'2024-03-05 12:17:44.168000','2024-11-19 03:11:04.766000','2024-03-05 12:17:48.478000',2,1);
/*!40000 ALTER TABLE `admisions` ENABLE KEYS */;
UNLOCK TABLES;

--
-- Table structure for table `admisions_components`
--

DROP TABLE IF EXISTS `admisions_components`;
/*!40101 SET @saved_cs_client     = @@character_set_client */;
/*!50503 SET character_set_client = utf8mb4 */;
CREATE TABLE `admisions_components` (
  `id` int unsigned NOT NULL AUTO_INCREMENT,
  `entity_id` int unsigned DEFAULT NULL,
  `component_id` int unsigned DEFAULT NULL,
  `component_type` varchar(255) DEFAULT NULL,
  `field` varchar(255) DEFAULT NULL,
  `order` double unsigned DEFAULT NULL,
  PRIMARY KEY (`id`),
  UNIQUE KEY `admisions_unique` (`entity_id`,`component_id`,`field`,`component_type`),
  KEY `admisions_field_index` (`field`),
  KEY `admisions_component_type_index` (`component_type`),
  KEY `admisions_entity_fk` (`entity_id`),
  CONSTRAINT `admisions_entity_fk` FOREIGN KEY (`entity_id`) REFERENCES `admisions` (`id`) ON DELETE CASCADE
) ENGINE=InnoDB AUTO_INCREMENT=666 DEFAULT CHARSET=utf8mb4 COLLATE=utf8mb4_0900_ai_ci;
/*!40101 SET character_set_client = @saved_cs_client */;

--
-- Dumping data for table `admisions_components`
--

LOCK TABLES `admisions_components` WRITE;
/*!40000 ALTER TABLE `admisions_components` DISABLE KEYS */;
INSERT INTO `admisions_components` VALUES (1,1,1,'admision.admision-banner','AdmisionBanner',NULL),(4,1,1,'admision.admision-form','AdmisionForm',NULL),(5,1,1,'admision.admision-especialidades','AdmisionEspecialidades',NULL),(12,1,1,'admision.admision-estudia-con-nosotros','AdmisionEstudiaconnostros',NULL),(25,1,1,'admision.admin-destacados','AdmimisionDestacados',NULL),(26,1,1,'admision.galeria-de-imagenes','AdmisionGaleria',NULL),(27,1,1,'admision.admision-convenios','AdmisionConvenios',NULL),(28,1,1,'admision.admision-testimonios','AdmisionTestimonios',NULL),(37,1,1,'admision.admision-blog','AdmisionBlog',NULL),(554,1,2,'admision.admision-estudia-con-nosotros','AdmisionModalidades',NULL),(587,1,2,'admision.admin-destacados','AdmimisionBeneficios',NULL),(655,1,1,'shared.seo','seo',NULL);
/*!40000 ALTER TABLE `admisions_components` ENABLE KEYS */;
UNLOCK TABLES;

--
-- Table structure for table `blog_posts`
--

DROP TABLE IF EXISTS `blog_posts`;
/*!40101 SET @saved_cs_client     = @@character_set_client */;
/*!50503 SET character_set_client = utf8mb4 */;
CREATE TABLE `blog_posts` (
  `id` int unsigned NOT NULL AUTO_INCREMENT,
  `titulo` varchar(255) DEFAULT NULL,
  `text` longtext,
  `destacado` tinyint(1) DEFAULT NULL,
  `created_at` datetime(6) DEFAULT NULL,
  `updated_at` datetime(6) DEFAULT NULL,
  `published_at` datetime(6) DEFAULT NULL,
  `created_by_id` int unsigned DEFAULT NULL,
  `updated_by_id` int unsigned DEFAULT NULL,
  `slug` varchar(255) DEFAULT NULL,
  PRIMARY KEY (`id`),
  UNIQUE KEY `blog_posts_slug_unique` (`slug`),
  KEY `blog_posts_created_by_id_fk` (`created_by_id`),
  KEY `blog_posts_updated_by_id_fk` (`updated_by_id`),
  CONSTRAINT `blog_posts_created_by_id_fk` FOREIGN KEY (`created_by_id`) REFERENCES `admin_users` (`id`) ON DELETE SET NULL,
  CONSTRAINT `blog_posts_updated_by_id_fk` FOREIGN KEY (`updated_by_id`) REFERENCES `admin_users` (`id`) ON DELETE SET NULL
) ENGINE=InnoDB AUTO_INCREMENT=4 DEFAULT CHARSET=utf8mb4 COLLATE=utf8mb4_0900_ai_ci;
/*!40101 SET character_set_client = @saved_cs_client */;

--
-- Dumping data for table `blog_posts`
--

LOCK TABLES `blog_posts` WRITE;
/*!40000 ALTER TABLE `blog_posts` DISABLE KEYS */;
INSERT INTO `blog_posts` VALUES (1,'Webinar de Inteligencia artificial en el diagnostico de la salud','¡Impulsa tu crecimiento profesional! \n\nEstimado(a) alumno(a):\nTe invitamos a participar de este webinar exclusivo, diseñado para fortalecer tus habilidades y llevar tu desarrollo profesional al siguiente nivel.\n\n-  Fecha: Miércoles, 27 de noviembre\n-  Hora: 7:00 p.m.\n-  Plataforma: Zoom\n\nReserva tu lugar ahora mismo:\n[enlace](https://bit.ly/Taller2711Salud)\n\n¡No te pierdas esta oportunidad para aprender y crecer! ',1,'2024-11-18 10:52:50.920000','2024-11-19 05:31:23.165000','2024-11-19 05:31:23.162000',1,1,'webinar-de-inteligencia-artificial-en-el-diagnostico-de-la-salud'),(2,'Simulacro nocturno / en el Instituto José Pardo','A las 8 pm, nuestros estudiantes y personal demostraron su compromiso y preparación en este ejercicio, diseñado para fortalecer nuestra respuesta ante emergencias. ¡Gracias a todos los que participaron y ayudaron a que todo saliera de acuerdo al plan! La seguridad y el bienestar de nuestra comunidad es nuestra prioridad. Aquí les compartimos algunas fotos del simulacro.',1,'2024-11-19 04:51:01.610000','2024-11-19 05:35:38.303000','2024-11-19 05:31:12.862000',1,1,'simulacro-nocturno-en-el-instituto-jose-pardo'),(3,'Taller / \"Entrevista Laboral\"','El fin de que dentro de la sala puedan estar nombrados con sus datos correctos y a fin de evitar que terceros a nuestras organizaciones puedan acceder a la misma. Además tener un control de vuestra asistencia.\nPor otro lado, comentarles que este enlace será el mismo con el cual podrán acceder a la sala Zoom, no habrá otro. \nLa sala estará aperturada 10 minutos antes del inicio del taller, la cual podrán acceder una vez registrados de manera correcta.',1,'2024-11-19 05:09:56.757000','2024-11-19 05:31:25.366000','2024-11-19 05:31:25.362000',1,1,'taller-entrevista-laboral');
/*!40000 ALTER TABLE `blog_posts` ENABLE KEYS */;
UNLOCK TABLES;

--
-- Table structure for table `blog_posts_components`
--

DROP TABLE IF EXISTS `blog_posts_components`;
/*!40101 SET @saved_cs_client     = @@character_set_client */;
/*!50503 SET character_set_client = utf8mb4 */;
CREATE TABLE `blog_posts_components` (
  `id` int unsigned NOT NULL AUTO_INCREMENT,
  `entity_id` int unsigned DEFAULT NULL,
  `component_id` int unsigned DEFAULT NULL,
  `component_type` varchar(255) DEFAULT NULL,
  `field` varchar(255) DEFAULT NULL,
  `order` double unsigned DEFAULT NULL,
  PRIMARY KEY (`id`),
  UNIQUE KEY `blog_posts_unique` (`entity_id`,`component_id`,`field`,`component_type`),
  KEY `blog_posts_field_index` (`field`),
  KEY `blog_posts_component_type_index` (`component_type`),
  KEY `blog_posts_entity_fk` (`entity_id`),
  CONSTRAINT `blog_posts_entity_fk` FOREIGN KEY (`entity_id`) REFERENCES `blog_posts` (`id`) ON DELETE CASCADE
) ENGINE=InnoDB AUTO_INCREMENT=7 DEFAULT CHARSET=utf8mb4 COLLATE=utf8mb4_0900_ai_ci;
/*!40101 SET character_set_client = @saved_cs_client */;

--
-- Dumping data for table `blog_posts_components`
--

LOCK TABLES `blog_posts_components` WRITE;
/*!40000 ALTER TABLE `blog_posts_components` DISABLE KEYS */;
INSERT INTO `blog_posts_components` VALUES (1,1,2,'shared.seo','seo',NULL);
/*!40000 ALTER TABLE `blog_posts_components` ENABLE KEYS */;
UNLOCK TABLES;

--
-- Table structure for table `components_admision_admin_destacados`
--

DROP TABLE IF EXISTS `components_admision_admin_destacados`;
/*!40101 SET @saved_cs_client     = @@character_set_client */;
/*!50503 SET character_set_client = utf8mb4 */;
CREATE TABLE `components_admision_admin_destacados` (
  `id` int unsigned NOT NULL AUTO_INCREMENT,
  `titulo` varchar(255) DEFAULT NULL,
  `subtitulo` varchar(255) DEFAULT NULL,
  PRIMARY KEY (`id`)
) ENGINE=InnoDB AUTO_INCREMENT=3 DEFAULT CHARSET=utf8mb4 COLLATE=utf8mb4_0900_ai_ci;
/*!40101 SET character_set_client = @saved_cs_client */;

--
-- Dumping data for table `components_admision_admin_destacados`
--

LOCK TABLES `components_admision_admin_destacados` WRITE;
/*!40000 ALTER TABLE `components_admision_admin_destacados` DISABLE KEYS */;
INSERT INTO `components_admision_admin_destacados` VALUES (1,NULL,NULL),(2,'Beneficios Academicos','CONOCE SOBRE NUESTROS');
/*!40000 ALTER TABLE `components_admision_admin_destacados` ENABLE KEYS */;
UNLOCK TABLES;

--
-- Table structure for table `components_admision_admin_destacados_components`
--

DROP TABLE IF EXISTS `components_admision_admin_destacados_components`;
/*!40101 SET @saved_cs_client     = @@character_set_client */;
/*!50503 SET character_set_client = utf8mb4 */;
CREATE TABLE `components_admision_admin_destacados_components` (
  `id` int unsigned NOT NULL AUTO_INCREMENT,
  `entity_id` int unsigned DEFAULT NULL,
  `component_id` int unsigned DEFAULT NULL,
  `component_type` varchar(255) DEFAULT NULL,
  `field` varchar(255) DEFAULT NULL,
  `order` double unsigned DEFAULT NULL,
  PRIMARY KEY (`id`),
  UNIQUE KEY `components_admision_admin_destacados_unique` (`entity_id`,`component_id`,`field`,`component_type`),
  KEY `components_admision_admin_destacados_field_index` (`field`),
  KEY `components_admision_admin_destacados_component_type_index` (`component_type`),
  KEY `components_admision_admin_destacados_entity_fk` (`entity_id`),
  CONSTRAINT `components_admision_admin_destacados_entity_fk` FOREIGN KEY (`entity_id`) REFERENCES `components_admision_admin_destacados` (`id`) ON DELETE CASCADE
) ENGINE=InnoDB AUTO_INCREMENT=198 DEFAULT CHARSET=utf8mb4 COLLATE=utf8mb4_0900_ai_ci;
/*!40101 SET character_set_client = @saved_cs_client */;

--
-- Dumping data for table `components_admision_admin_destacados_components`
--

LOCK TABLES `components_admision_admin_destacados_components` WRITE;
/*!40000 ALTER TABLE `components_admision_admin_destacados_components` DISABLE KEYS */;
INSERT INTO `components_admision_admin_destacados_components` VALUES (1,1,1,'admision.card-destacado','CardDestacado',1),(2,1,2,'admision.card-destacado','CardDestacado',2),(3,1,3,'admision.card-destacado','CardDestacado',3),(168,2,4,'admision.card-destacado','CardBenefits',1),(169,2,5,'admision.card-destacado','CardBenefits',2),(170,2,6,'admision.card-destacado','CardBenefits',3),(171,2,7,'admision.card-destacado','CardBenefits',4);
/*!40000 ALTER TABLE `components_admision_admin_destacados_components` ENABLE KEYS */;
UNLOCK TABLES;

--
-- Table structure for table `components_admision_admision_banners`
--

DROP TABLE IF EXISTS `components_admision_admision_banners`;
/*!40101 SET @saved_cs_client     = @@character_set_client */;
/*!50503 SET character_set_client = utf8mb4 */;
CREATE TABLE `components_admision_admision_banners` (
  `id` int unsigned NOT NULL AUTO_INCREMENT,
  `titulo` varchar(255) DEFAULT NULL,
  `subtitulo` varchar(255) DEFAULT NULL,
  `texto` longtext,
  PRIMARY KEY (`id`)
) ENGINE=InnoDB AUTO_INCREMENT=2 DEFAULT CHARSET=utf8mb4 COLLATE=utf8mb4_0900_ai_ci;
/*!40101 SET character_set_client = @saved_cs_client */;

--
-- Dumping data for table `components_admision_admision_banners`
--

LOCK TABLES `components_admision_admision_banners` WRITE;
/*!40000 ALTER TABLE `components_admision_admision_banners` DISABLE KEYS */;
INSERT INTO `components_admision_admision_banners` VALUES (1,'Examen de admisión / 14 de abril 2025','ESTUDIA SIN PAGAR MENSUALIDAD','Somos alma mater de la educación tecnológica, formando profesionales técnicos de alto nivel desde 1848.');
/*!40000 ALTER TABLE `components_admision_admision_banners` ENABLE KEYS */;
UNLOCK TABLES;

--
-- Table structure for table `components_admision_admision_blogs`
--

DROP TABLE IF EXISTS `components_admision_admision_blogs`;
/*!40101 SET @saved_cs_client     = @@character_set_client */;
/*!50503 SET character_set_client = utf8mb4 */;
CREATE TABLE `components_admision_admision_blogs` (
  `id` int unsigned NOT NULL AUTO_INCREMENT,
  `titulo` varchar(255) DEFAULT NULL,
  `subtitulo` varchar(255) DEFAULT NULL,
  PRIMARY KEY (`id`)
) ENGINE=InnoDB AUTO_INCREMENT=2 DEFAULT CHARSET=utf8mb4 COLLATE=utf8mb4_0900_ai_ci;
/*!40101 SET character_set_client = @saved_cs_client */;

--
-- Dumping data for table `components_admision_admision_blogs`
--

LOCK TABLES `components_admision_admision_blogs` WRITE;
/*!40000 ALTER TABLE `components_admision_admision_blogs` DISABLE KEYS */;
INSERT INTO `components_admision_admision_blogs` VALUES (1,'Explora todas las oportunidades que tenemos para ti.','ULTIMAS NOTICIAS');
/*!40000 ALTER TABLE `components_admision_admision_blogs` ENABLE KEYS */;
UNLOCK TABLES;

--
-- Table structure for table `components_admision_admision_convenios`
--

DROP TABLE IF EXISTS `components_admision_admision_convenios`;
/*!40101 SET @saved_cs_client     = @@character_set_client */;
/*!50503 SET character_set_client = utf8mb4 */;
CREATE TABLE `components_admision_admision_convenios` (
  `id` int unsigned NOT NULL AUTO_INCREMENT,
  `titulo` varchar(255) DEFAULT NULL,
  PRIMARY KEY (`id`)
) ENGINE=InnoDB AUTO_INCREMENT=2 DEFAULT CHARSET=utf8mb4 COLLATE=utf8mb4_0900_ai_ci;
/*!40101 SET character_set_client = @saved_cs_client */;

--
-- Dumping data for table `components_admision_admision_convenios`
--

LOCK TABLES `components_admision_admision_convenios` WRITE;
/*!40000 ALTER TABLE `components_admision_admision_convenios` DISABLE KEYS */;
INSERT INTO `components_admision_admision_convenios` VALUES (1,'Alianzas con grandes Instituciones');
/*!40000 ALTER TABLE `components_admision_admision_convenios` ENABLE KEYS */;
UNLOCK TABLES;

--
-- Table structure for table `components_admision_admision_especialidades`
--

DROP TABLE IF EXISTS `components_admision_admision_especialidades`;
/*!40101 SET @saved_cs_client     = @@character_set_client */;
/*!50503 SET character_set_client = utf8mb4 */;
CREATE TABLE `components_admision_admision_especialidades` (
  `id` int unsigned NOT NULL AUTO_INCREMENT,
  `titulo` varchar(255) DEFAULT NULL,
  `subtitulo` varchar(255) DEFAULT NULL,
  `texto` longtext,
  PRIMARY KEY (`id`)
) ENGINE=InnoDB AUTO_INCREMENT=2 DEFAULT CHARSET=utf8mb4 COLLATE=utf8mb4_0900_ai_ci;
/*!40101 SET character_set_client = @saved_cs_client */;

--
-- Dumping data for table `components_admision_admision_especialidades`
--

LOCK TABLES `components_admision_admision_especialidades` WRITE;
/*!40000 ALTER TABLE `components_admision_admision_especialidades` DISABLE KEYS */;
INSERT INTO `components_admision_admision_especialidades` VALUES (1,'Nuestras Carreras','ESPECIALIDADES','Explora nuestras opciones de formación profesional de tres años y elige la que mejor se alinee con tus intereses. Es el momento de transformar tu pasión por la tecnología en una carrera exitosa.');
/*!40000 ALTER TABLE `components_admision_admision_especialidades` ENABLE KEYS */;
UNLOCK TABLES;

--
-- Table structure for table `components_admision_admision_estudia`
--

DROP TABLE IF EXISTS `components_admision_admision_estudia`;
/*!40101 SET @saved_cs_client     = @@character_set_client */;
/*!50503 SET character_set_client = utf8mb4 */;
CREATE TABLE `components_admision_admision_estudia` (
  `id` int unsigned NOT NULL AUTO_INCREMENT,
  `titulo` varchar(255) DEFAULT NULL,
  `subtitulo` varchar(255) DEFAULT NULL,
  `texto` longtext,
  PRIMARY KEY (`id`)
) ENGINE=InnoDB AUTO_INCREMENT=3 DEFAULT CHARSET=utf8mb4 COLLATE=utf8mb4_0900_ai_ci;
/*!40101 SET character_set_client = @saved_cs_client */;

--
-- Dumping data for table `components_admision_admision_estudia`
--

LOCK TABLES `components_admision_admision_estudia` WRITE;
/*!40000 ALTER TABLE `components_admision_admision_estudia` DISABLE KEYS */;
INSERT INTO `components_admision_admision_estudia` VALUES (1,'Construye hoy tu futuro','ESTUDIA CON NOSTROS','Con más de cuatro décadas de experiencia, nuestra institución tecnológica se ha consolidado como un referente en educación de calidad. Nos dedicamos a brindar una formación de excelencia que impulsa el crecimiento profesional de nuestros estudiantes.\n\n Ofrecemos una amplia variedad de programas y oportunidades diseñados para equiparte con las habilidades y conocimientos necesarios en un mundo en constante evolución. Desde carreras innovadoras hasta especializaciones en las áreas más demandadas, te acompañamos en cada paso de tu camino hacia el éxito, ayudándote a alcanzar tus metas y a construir un futuro brillante.'),(2,'Tu fututo empieza hoy','MODALIDADES DE INGRESO','Con más de 40 años de experiencia, somos un referente en educación tecnológica, formando profesionales de excelencia en áreas demandadas. Te acompañamos en cada etapa para impulsar tu crecimiento y construir un futuro brillante');
/*!40000 ALTER TABLE `components_admision_admision_estudia` ENABLE KEYS */;
UNLOCK TABLES;

--
-- Table structure for table `components_admision_admision_estudia_components`
--

DROP TABLE IF EXISTS `components_admision_admision_estudia_components`;
/*!40101 SET @saved_cs_client     = @@character_set_client */;
/*!50503 SET character_set_client = utf8mb4 */;
CREATE TABLE `components_admision_admision_estudia_components` (
  `id` int unsigned NOT NULL AUTO_INCREMENT,
  `entity_id` int unsigned DEFAULT NULL,
  `component_id` int unsigned DEFAULT NULL,
  `component_type` varchar(255) DEFAULT NULL,
  `field` varchar(255) DEFAULT NULL,
  `order` double unsigned DEFAULT NULL,
  PRIMARY KEY (`id`),
  UNIQUE KEY `components_admision_admision_estudia_unique` (`entity_id`,`component_id`,`field`,`component_type`),
  KEY `components_admision_admision_estudia_field_index` (`field`),
  KEY `components_admision_admision_estudia_component_type_index` (`component_type`),
  KEY `components_admision_admision_estudia_entity_fk` (`entity_id`),
  CONSTRAINT `components_admision_admision_estudia_entity_fk` FOREIGN KEY (`entity_id`) REFERENCES `components_admision_admision_estudia` (`id`) ON DELETE CASCADE
) ENGINE=InnoDB AUTO_INCREMENT=262 DEFAULT CHARSET=utf8mb4 COLLATE=utf8mb4_0900_ai_ci;
/*!40101 SET character_set_client = @saved_cs_client */;

--
-- Dumping data for table `components_admision_admision_estudia_components`
--

LOCK TABLES `components_admision_admision_estudia_components` WRITE;
/*!40000 ALTER TABLE `components_admision_admision_estudia_components` DISABLE KEYS */;
INSERT INTO `components_admision_admision_estudia_components` VALUES (1,1,1,'admision.razones','Razones',1),(2,1,2,'admision.razones','Razones',2),(3,1,3,'admision.razones','Razones',3),(4,1,4,'admision.razones','Razones',4),(227,2,5,'admision.razones','Modalidad',1),(228,2,6,'admision.razones','Modalidad',2),(229,2,7,'admision.razones','Modalidad',3);
/*!40000 ALTER TABLE `components_admision_admision_estudia_components` ENABLE KEYS */;
UNLOCK TABLES;

--
-- Table structure for table `components_admision_admision_forms`
--

DROP TABLE IF EXISTS `components_admision_admision_forms`;
/*!40101 SET @saved_cs_client     = @@character_set_client */;
/*!50503 SET character_set_client = utf8mb4 */;
CREATE TABLE `components_admision_admision_forms` (
  `id` int unsigned NOT NULL AUTO_INCREMENT,
  `messages` json DEFAULT NULL,
  `titulo` varchar(255) DEFAULT NULL,
  `subtitulo` varchar(255) DEFAULT NULL,
  PRIMARY KEY (`id`)
) ENGINE=InnoDB AUTO_INCREMENT=2 DEFAULT CHARSET=utf8mb4 COLLATE=utf8mb4_0900_ai_ci;
/*!40101 SET character_set_client = @saved_cs_client */;

--
-- Dumping data for table `components_admision_admision_forms`
--

LOCK TABLES `components_admision_admision_forms` WRITE;
/*!40000 ALTER TABLE `components_admision_admision_forms` DISABLE KEYS */;
INSERT INTO `components_admision_admision_forms` VALUES (1,'{\"invalid_tel\": \"Ingrese número celular\", \"invalid_name\": \"Ingrese un nombre.\", \"mail_sent_ok\": \"Gracias por registrase. Pronto estaremos en contacto con usted\", \"invalid_email\": \"Ingrese un email válido\", \"invalid_number\": \"El número de télefono no es válido.\", \"invalid_carrera\": \"Elija una especialidad\", \"invalid_lastname\": \"Ingrese un apellido válido.\", \"invalid_required\": \"Elija una especialidad\", \"invalid_recaptcha\": \"El reCAPTCHA no es válido. Inténtelo de nuevo.\"}','Inscríbete ahora','Mantente informado con nosotros');
/*!40000 ALTER TABLE `components_admision_admision_forms` ENABLE KEYS */;
UNLOCK TABLES;

--
-- Table structure for table `components_admision_admision_forms_components`
--

DROP TABLE IF EXISTS `components_admision_admision_forms_components`;
/*!40101 SET @saved_cs_client     = @@character_set_client */;
/*!50503 SET character_set_client = utf8mb4 */;
CREATE TABLE `components_admision_admision_forms_components` (
  `id` int unsigned NOT NULL AUTO_INCREMENT,
  `entity_id` int unsigned DEFAULT NULL,
  `component_id` int unsigned DEFAULT NULL,
  `component_type` varchar(255) DEFAULT NULL,
  `field` varchar(255) DEFAULT NULL,
  `order` double unsigned DEFAULT NULL,
  PRIMARY KEY (`id`),
  UNIQUE KEY `components_admision_admision_forms_unique` (`entity_id`,`component_id`,`field`,`component_type`),
  KEY `components_admision_admision_forms_field_index` (`field`),
  KEY `components_admision_admision_forms_component_type_index` (`component_type`),
  KEY `components_admision_admision_forms_entity_fk` (`entity_id`),
  CONSTRAINT `components_admision_admision_forms_entity_fk` FOREIGN KEY (`entity_id`) REFERENCES `components_admision_admision_forms` (`id`) ON DELETE CASCADE
) ENGINE=InnoDB AUTO_INCREMENT=328 DEFAULT CHARSET=utf8mb4 COLLATE=utf8mb4_0900_ai_ci;
/*!40101 SET character_set_client = @saved_cs_client */;

--
-- Dumping data for table `components_admision_admision_forms_components`
--

LOCK TABLES `components_admision_admision_forms_components` WRITE;
/*!40000 ALTER TABLE `components_admision_admision_forms_components` DISABLE KEYS */;
INSERT INTO `components_admision_admision_forms_components` VALUES (1,1,1,'admision.input-admision','nombre',NULL),(2,1,2,'admision.input-admision','apellido',NULL),(3,1,3,'admision.input-admision','carrera',NULL),(4,1,4,'admision.input-admision','celular',NULL),(237,1,1,'email.email','email',NULL);
/*!40000 ALTER TABLE `components_admision_admision_forms_components` ENABLE KEYS */;
UNLOCK TABLES;

--
-- Table structure for table `components_admision_admision_testimonios`
--

DROP TABLE IF EXISTS `components_admision_admision_testimonios`;
/*!40101 SET @saved_cs_client     = @@character_set_client */;
/*!50503 SET character_set_client = utf8mb4 */;
CREATE TABLE `components_admision_admision_testimonios` (
  `id` int unsigned NOT NULL AUTO_INCREMENT,
  `titulo` varchar(255) DEFAULT NULL,
  `subtitulo` varchar(255) DEFAULT NULL,
  PRIMARY KEY (`id`)
) ENGINE=InnoDB AUTO_INCREMENT=2 DEFAULT CHARSET=utf8mb4 COLLATE=utf8mb4_0900_ai_ci;
/*!40101 SET character_set_client = @saved_cs_client */;

--
-- Dumping data for table `components_admision_admision_testimonios`
--

LOCK TABLES `components_admision_admision_testimonios` WRITE;
/*!40000 ALTER TABLE `components_admision_admision_testimonios` DISABLE KEYS */;
INSERT INTO `components_admision_admision_testimonios` VALUES (1,'Egresados de éxito','TESTIMONIOS');
/*!40000 ALTER TABLE `components_admision_admision_testimonios` ENABLE KEYS */;
UNLOCK TABLES;

--
-- Table structure for table `components_admision_admision_testimonios_components`
--

DROP TABLE IF EXISTS `components_admision_admision_testimonios_components`;
/*!40101 SET @saved_cs_client     = @@character_set_client */;
/*!50503 SET character_set_client = utf8mb4 */;
CREATE TABLE `components_admision_admision_testimonios_components` (
  `id` int unsigned NOT NULL AUTO_INCREMENT,
  `entity_id` int unsigned DEFAULT NULL,
  `component_id` int unsigned DEFAULT NULL,
  `component_type` varchar(255) DEFAULT NULL,
  `field` varchar(255) DEFAULT NULL,
  `order` double unsigned DEFAULT NULL,
  PRIMARY KEY (`id`),
  UNIQUE KEY `components_admision_admision_testimonios_unique` (`entity_id`,`component_id`,`field`,`component_type`),
  KEY `components_admision_admision_testimonios_field_index` (`field`),
  KEY `components_admision_admision_testimonios_component_type_index` (`component_type`),
  KEY `components_admision_admision_testimonios_entity_fk` (`entity_id`),
  CONSTRAINT `components_admision_admision_testimonios_entity_fk` FOREIGN KEY (`entity_id`) REFERENCES `components_admision_admision_testimonios` (`id`) ON DELETE CASCADE
) ENGINE=InnoDB AUTO_INCREMENT=333 DEFAULT CHARSET=utf8mb4 COLLATE=utf8mb4_0900_ai_ci;
/*!40101 SET character_set_client = @saved_cs_client */;

--
-- Dumping data for table `components_admision_admision_testimonios_components`
--

LOCK TABLES `components_admision_admision_testimonios_components` WRITE;
/*!40000 ALTER TABLE `components_admision_admision_testimonios_components` DISABLE KEYS */;
INSERT INTO `components_admision_admision_testimonios_components` VALUES (1,1,1,'admision.cardtestimonios','Cardtestimonios',1),(2,1,2,'admision.cardtestimonios','Cardtestimonios',2),(3,1,3,'admision.cardtestimonios','Cardtestimonios',3),(4,1,4,'admision.cardtestimonios','Cardtestimonios',4),(5,1,5,'admision.cardtestimonios','Cardtestimonios',5);
/*!40000 ALTER TABLE `components_admision_admision_testimonios_components` ENABLE KEYS */;
UNLOCK TABLES;

--
-- Table structure for table `components_admision_card_destacados`
--

DROP TABLE IF EXISTS `components_admision_card_destacados`;
/*!40101 SET @saved_cs_client     = @@character_set_client */;
/*!50503 SET character_set_client = utf8mb4 */;
CREATE TABLE `components_admision_card_destacados` (
  `id` int unsigned NOT NULL AUTO_INCREMENT,
  `titulo` varchar(255) DEFAULT NULL,
  PRIMARY KEY (`id`)
) ENGINE=InnoDB AUTO_INCREMENT=8 DEFAULT CHARSET=utf8mb4 COLLATE=utf8mb4_0900_ai_ci;
/*!40101 SET character_set_client = @saved_cs_client */;

--
-- Dumping data for table `components_admision_card_destacados`
--

LOCK TABLES `components_admision_card_destacados` WRITE;
/*!40000 ALTER TABLE `components_admision_card_destacados` DISABLE KEYS */;
INSERT INTO `components_admision_card_destacados` VALUES (1,'Años de Experiencia'),(2,'Alumnos expertos egresados'),(3,'Convenios con Entidades'),(4,'Certificación modular'),(5,'Programas de extensión'),(6,'Bolsa de trabajo'),(7,'Experiencias Formativas');
/*!40000 ALTER TABLE `components_admision_card_destacados` ENABLE KEYS */;
UNLOCK TABLES;

--
-- Table structure for table `components_admision_cardtestimonios`
--

DROP TABLE IF EXISTS `components_admision_cardtestimonios`;
/*!40101 SET @saved_cs_client     = @@character_set_client */;
/*!50503 SET character_set_client = utf8mb4 */;
CREATE TABLE `components_admision_cardtestimonios` (
  `id` int unsigned NOT NULL AUTO_INCREMENT,
  `comentario` longtext,
  `nombre` varchar(255) DEFAULT NULL,
  `ocupacion` varchar(255) DEFAULT NULL,
  PRIMARY KEY (`id`)
) ENGINE=InnoDB AUTO_INCREMENT=6 DEFAULT CHARSET=utf8mb4 COLLATE=utf8mb4_0900_ai_ci;
/*!40101 SET character_set_client = @saved_cs_client */;

--
-- Dumping data for table `components_admision_cardtestimonios`
--

LOCK TABLES `components_admision_cardtestimonios` WRITE;
/*!40000 ALTER TABLE `components_admision_cardtestimonios` DISABLE KEYS */;
INSERT INTO `components_admision_cardtestimonios` VALUES (1,'Gracias a mi formación en el Instituto José Pardo, he logrado destacarme en el campo de la ingeniería civil. Hoy lidero proyectos de infraestructura que impactan positivamente en mi comunidad','María García',NULL),(2,'El Instituto José Pardo me brindó las herramientas necesarias para destacar en el mundo del diseño gráfico. Ahora, mi trabajo es reconocido a nivel nacional e internacional','Juan López',NULL),(3,'Estudiar en el Instituto José Pardo fue un acierto para mi carrera como desarrolladora de software. Hoy trabajo en una empresa líder en tecnología, gracias a la sólida base que obtuve en esta institución','Ana Martínez',NULL),(4,'Gracias al Instituto José Pardo, pude convertir mi pasión por la gastronomía en una exitosa carrera como chef. Mi formación integral y las prácticas profesionales fueron clave para alcanzar el éxito','Carlos Rodríguez',NULL),(5,'El Instituto José Pardo me brindó una formación de calidad en administración de empresas. Hoy, como emprendedora, puedo aplicar los conocimientos adquiridos y alcanzar mis metas empresariales con éxito','Laura Fernández',NULL);
/*!40000 ALTER TABLE `components_admision_cardtestimonios` ENABLE KEYS */;
UNLOCK TABLES;

--
-- Table structure for table `components_admision_galeria_de_imagenes`
--

DROP TABLE IF EXISTS `components_admision_galeria_de_imagenes`;
/*!40101 SET @saved_cs_client     = @@character_set_client */;
/*!50503 SET character_set_client = utf8mb4 */;
CREATE TABLE `components_admision_galeria_de_imagenes` (
  `id` int unsigned NOT NULL AUTO_INCREMENT,
  `titulo` varchar(255) DEFAULT NULL,
  `subtitulo` varchar(255) DEFAULT NULL,
  PRIMARY KEY (`id`)
) ENGINE=InnoDB AUTO_INCREMENT=2 DEFAULT CHARSET=utf8mb4 COLLATE=utf8mb4_0900_ai_ci;
/*!40101 SET character_set_client = @saved_cs_client */;

--
-- Dumping data for table `components_admision_galeria_de_imagenes`
--

LOCK TABLES `components_admision_galeria_de_imagenes` WRITE;
/*!40000 ALTER TABLE `components_admision_galeria_de_imagenes` DISABLE KEYS */;
INSERT INTO `components_admision_galeria_de_imagenes` VALUES (1,'Actividades de nuestro Instituto','Galeria');
/*!40000 ALTER TABLE `components_admision_galeria_de_imagenes` ENABLE KEYS */;
UNLOCK TABLES;

--
-- Table structure for table `components_admision_input_admisions`
--

DROP TABLE IF EXISTS `components_admision_input_admisions`;
/*!40101 SET @saved_cs_client     = @@character_set_client */;
/*!50503 SET character_set_client = utf8mb4 */;
CREATE TABLE `components_admision_input_admisions` (
  `id` int unsigned NOT NULL AUTO_INCREMENT,
  `name` varchar(255) DEFAULT NULL,
  `label` varchar(255) DEFAULT NULL,
  PRIMARY KEY (`id`)
) ENGINE=InnoDB AUTO_INCREMENT=5 DEFAULT CHARSET=utf8mb4 COLLATE=utf8mb4_0900_ai_ci;
/*!40101 SET character_set_client = @saved_cs_client */;

--
-- Dumping data for table `components_admision_input_admisions`
--

LOCK TABLES `components_admision_input_admisions` WRITE;
/*!40000 ALTER TABLE `components_admision_input_admisions` DISABLE KEYS */;
INSERT INTO `components_admision_input_admisions` VALUES (1,'name','Nombres'),(2,'last_name','Apellidos'),(3,'carrera','Carrera de tu interés'),(4,'phone','Celular');
/*!40000 ALTER TABLE `components_admision_input_admisions` ENABLE KEYS */;
UNLOCK TABLES;

--
-- Table structure for table `components_admision_razones`
--

DROP TABLE IF EXISTS `components_admision_razones`;
/*!40101 SET @saved_cs_client     = @@character_set_client */;
/*!50503 SET character_set_client = utf8mb4 */;
CREATE TABLE `components_admision_razones` (
  `id` int unsigned NOT NULL AUTO_INCREMENT,
  `titulo` varchar(255) DEFAULT NULL,
  `descripcion` longtext,
  PRIMARY KEY (`id`)
) ENGINE=InnoDB AUTO_INCREMENT=8 DEFAULT CHARSET=utf8mb4 COLLATE=utf8mb4_0900_ai_ci;
/*!40101 SET character_set_client = @saved_cs_client */;

--
-- Dumping data for table `components_admision_razones`
--

LOCK TABLES `components_admision_razones` WRITE;
/*!40000 ALTER TABLE `components_admision_razones` DISABLE KEYS */;
INSERT INTO `components_admision_razones` VALUES (1,'Cetificación módular','Lorem ipsum dolor sit amet consectetur adipisicing elit. Aspernatur, iste'),(2,'Experiencias Formativas','Lorem ipsum dolor sit amet consectetur adipisicing elit. Aspernatur, iste'),(3,'Bolsa de trabajo','Lorem ipsum dolor sit amet consectetur adipisicing elit. Aspernatur, iste'),(4,'Programas de extensión','Lorem ipsum dolor sit amet consectetur adipisicing elit. Aspernatur, iste'),(5,'Examen Regular','Método principal dirigido a postulantes con educación secundaria completa.'),(6,'Modalidades Especiales','Para deportistas, personas con discapacidades y otros perfiles especiales con requisitos.'),(7,'Examen Extraordinario','Estudiantes que deseen cambio de  carrera o trasladarse a  José Pardo');
/*!40000 ALTER TABLE `components_admision_razones` ENABLE KEYS */;
UNLOCK TABLES;

--
-- Table structure for table `components_card_especialidad_card_especialidads`
--

DROP TABLE IF EXISTS `components_card_especialidad_card_especialidads`;
/*!40101 SET @saved_cs_client     = @@character_set_client */;
/*!50503 SET character_set_client = utf8mb4 */;
CREATE TABLE `components_card_especialidad_card_especialidads` (
  `id` int unsigned NOT NULL AUTO_INCREMENT,
  PRIMARY KEY (`id`)
) ENGINE=InnoDB DEFAULT CHARSET=utf8mb4 COLLATE=utf8mb4_0900_ai_ci;
/*!40101 SET character_set_client = @saved_cs_client */;

--
-- Dumping data for table `components_card_especialidad_card_especialidads`
--

LOCK TABLES `components_card_especialidad_card_especialidads` WRITE;
/*!40000 ALTER TABLE `components_card_especialidad_card_especialidads` DISABLE KEYS */;
/*!40000 ALTER TABLE `components_card_especialidad_card_especialidads` ENABLE KEYS */;
UNLOCK TABLES;

--
-- Table structure for table `components_email_emails`
--

DROP TABLE IF EXISTS `components_email_emails`;
/*!40101 SET @saved_cs_client     = @@character_set_client */;
/*!50503 SET character_set_client = utf8mb4 */;
CREATE TABLE `components_email_emails` (
  `id` int unsigned NOT NULL AUTO_INCREMENT,
  `name` varchar(255) DEFAULT NULL,
  `label` varchar(255) DEFAULT NULL,
  PRIMARY KEY (`id`)
) ENGINE=InnoDB AUTO_INCREMENT=2 DEFAULT CHARSET=utf8mb4 COLLATE=utf8mb4_0900_ai_ci;
/*!40101 SET character_set_client = @saved_cs_client */;

--
-- Dumping data for table `components_email_emails`
--

LOCK TABLES `components_email_emails` WRITE;
/*!40000 ALTER TABLE `components_email_emails` DISABLE KEYS */;
INSERT INTO `components_email_emails` VALUES (1,'email','Email');
/*!40000 ALTER TABLE `components_email_emails` ENABLE KEYS */;
UNLOCK TABLES;

--
-- Table structure for table `components_error_messages_mensajes_de_errors`
--

DROP TABLE IF EXISTS `components_error_messages_mensajes_de_errors`;
/*!40101 SET @saved_cs_client     = @@character_set_client */;
/*!50503 SET character_set_client = utf8mb4 */;
CREATE TABLE `components_error_messages_mensajes_de_errors` (
  `id` int unsigned NOT NULL AUTO_INCREMENT,
  PRIMARY KEY (`id`)
) ENGINE=InnoDB DEFAULT CHARSET=utf8mb4 COLLATE=utf8mb4_0900_ai_ci;
/*!40101 SET character_set_client = @saved_cs_client */;

--
-- Dumping data for table `components_error_messages_mensajes_de_errors`
--

LOCK TABLES `components_error_messages_mensajes_de_errors` WRITE;
/*!40000 ALTER TABLE `components_error_messages_mensajes_de_errors` DISABLE KEYS */;
/*!40000 ALTER TABLE `components_error_messages_mensajes_de_errors` ENABLE KEYS */;
UNLOCK TABLES;

--
-- Table structure for table `components_footer_footers`
--

DROP TABLE IF EXISTS `components_footer_footers`;
/*!40101 SET @saved_cs_client     = @@character_set_client */;
/*!50503 SET character_set_client = utf8mb4 */;
CREATE TABLE `components_footer_footers` (
  `id` int unsigned NOT NULL AUTO_INCREMENT,
  `text` longtext,
  `copyright` varchar(255) DEFAULT NULL,
  PRIMARY KEY (`id`)
) ENGINE=InnoDB AUTO_INCREMENT=2 DEFAULT CHARSET=utf8mb4 COLLATE=utf8mb4_0900_ai_ci;
/*!40101 SET character_set_client = @saved_cs_client */;

--
-- Dumping data for table `components_footer_footers`
--

LOCK TABLES `components_footer_footers` WRITE;
/*!40000 ALTER TABLE `components_footer_footers` DISABLE KEYS */;
INSERT INTO `components_footer_footers` VALUES (1,'Somos alma mater de la educación tecnológica, formando profesionales técnicos de alto nivel desde 1848.','2024 © José Pardo All rights reserved');
/*!40000 ALTER TABLE `components_footer_footers` ENABLE KEYS */;
UNLOCK TABLES;

--
-- Table structure for table `components_informacion_informacions`
--

DROP TABLE IF EXISTS `components_informacion_informacions`;
/*!40101 SET @saved_cs_client     = @@character_set_client */;
/*!50503 SET character_set_client = utf8mb4 */;
CREATE TABLE `components_informacion_informacions` (
  `id` int unsigned NOT NULL AUTO_INCREMENT,
  `direccion` varchar(255) DEFAULT NULL,
  `telefono` varchar(255) DEFAULT NULL,
  `correo` varchar(255) DEFAULT NULL,
  `horario` varchar(255) DEFAULT NULL,
  PRIMARY KEY (`id`)
) ENGINE=InnoDB AUTO_INCREMENT=2 DEFAULT CHARSET=utf8mb4 COLLATE=utf8mb4_0900_ai_ci;
/*!40101 SET character_set_client = @saved_cs_client */;

--
-- Dumping data for table `components_informacion_informacions`
--

LOCK TABLES `components_informacion_informacions` WRITE;
/*!40000 ALTER TABLE `components_informacion_informacions` DISABLE KEYS */;
INSERT INTO `components_informacion_informacions` VALUES (1,'Av. Grau 620 Lima 13 La Victoria, Peru','(01) 3304428','admisionpardo@jpardo.edu.pe','Lunes a Viernes 08:00 - 22:00');
/*!40000 ALTER TABLE `components_informacion_informacions` ENABLE KEYS */;
UNLOCK TABLES;

--
-- Table structure for table `components_informacion_informacions_components`
--

DROP TABLE IF EXISTS `components_informacion_informacions_components`;
/*!40101 SET @saved_cs_client     = @@character_set_client */;
/*!50503 SET character_set_client = utf8mb4 */;
CREATE TABLE `components_informacion_informacions_components` (
  `id` int unsigned NOT NULL AUTO_INCREMENT,
  `entity_id` int unsigned DEFAULT NULL,
  `component_id` int unsigned DEFAULT NULL,
  `component_type` varchar(255) DEFAULT NULL,
  `field` varchar(255) DEFAULT NULL,
  `order` double unsigned DEFAULT NULL,
  PRIMARY KEY (`id`),
  UNIQUE KEY `components_informacion_informacions_unique` (`entity_id`,`component_id`,`field`,`component_type`),
  KEY `components_informacion_informacions_field_index` (`field`),
  KEY `components_informacion_informacions_component_type_index` (`component_type`),
  KEY `components_informacion_informacions_entity_fk` (`entity_id`),
  CONSTRAINT `components_informacion_informacions_entity_fk` FOREIGN KEY (`entity_id`) REFERENCES `components_informacion_informacions` (`id`) ON DELETE CASCADE
) ENGINE=InnoDB AUTO_INCREMENT=37 DEFAULT CHARSET=utf8mb4 COLLATE=utf8mb4_0900_ai_ci;
/*!40101 SET character_set_client = @saved_cs_client */;

--
-- Dumping data for table `components_informacion_informacions_components`
--

LOCK TABLES `components_informacion_informacions_components` WRITE;
/*!40000 ALTER TABLE `components_informacion_informacions_components` DISABLE KEYS */;
INSERT INTO `components_informacion_informacions_components` VALUES (1,1,1,'social-networks.redes-sociales','redes_sociales',1),(2,1,2,'social-networks.redes-sociales','redes_sociales',2),(3,1,3,'social-networks.redes-sociales','redes_sociales',3),(4,1,4,'social-networks.redes-sociales','redes_sociales',4);
/*!40000 ALTER TABLE `components_informacion_informacions_components` ENABLE KEYS */;
UNLOCK TABLES;

--
-- Table structure for table `components_labels_labels`
--

DROP TABLE IF EXISTS `components_labels_labels`;
/*!40101 SET @saved_cs_client     = @@character_set_client */;
/*!50503 SET character_set_client = utf8mb4 */;
CREATE TABLE `components_labels_labels` (
  `id` int unsigned NOT NULL AUTO_INCREMENT,
  `lbl_enviar` varchar(255) DEFAULT NULL,
  `lbl_leer_mas` varchar(255) DEFAULT NULL,
  PRIMARY KEY (`id`)
) ENGINE=InnoDB AUTO_INCREMENT=2 DEFAULT CHARSET=utf8mb4 COLLATE=utf8mb4_0900_ai_ci;
/*!40101 SET character_set_client = @saved_cs_client */;

--
-- Dumping data for table `components_labels_labels`
--

LOCK TABLES `components_labels_labels` WRITE;
/*!40000 ALTER TABLE `components_labels_labels` DISABLE KEYS */;
INSERT INTO `components_labels_labels` VALUES (1,'Inscribirme aquí','leer más');
/*!40000 ALTER TABLE `components_labels_labels` ENABLE KEYS */;
UNLOCK TABLES;

--
-- Table structure for table `components_shared_meta_socials`
--

DROP TABLE IF EXISTS `components_shared_meta_socials`;
/*!40101 SET @saved_cs_client     = @@character_set_client */;
/*!50503 SET character_set_client = utf8mb4 */;
CREATE TABLE `components_shared_meta_socials` (
  `id` int unsigned NOT NULL AUTO_INCREMENT,
  `social_network` varchar(255) DEFAULT NULL,
  `title` varchar(255) DEFAULT NULL,
  `description` varchar(255) DEFAULT NULL,
  PRIMARY KEY (`id`)
) ENGINE=InnoDB AUTO_INCREMENT=2 DEFAULT CHARSET=utf8mb4 COLLATE=utf8mb4_0900_ai_ci;
/*!40101 SET character_set_client = @saved_cs_client */;

--
-- Dumping data for table `components_shared_meta_socials`
--

LOCK TABLES `components_shared_meta_socials` WRITE;
/*!40000 ALTER TABLE `components_shared_meta_socials` DISABLE KEYS */;
INSERT INTO `components_shared_meta_socials` VALUES (1,'Facebook','Admisión - Instituto Tecnológico José Pardo','Postula al Instituto José Pardo y asegura tu futuro profesional.');
/*!40000 ALTER TABLE `components_shared_meta_socials` ENABLE KEYS */;
UNLOCK TABLES;

--
-- Table structure for table `components_shared_seos`
--

DROP TABLE IF EXISTS `components_shared_seos`;
/*!40101 SET @saved_cs_client     = @@character_set_client */;
/*!50503 SET character_set_client = utf8mb4 */;
CREATE TABLE `components_shared_seos` (
  `id` int unsigned NOT NULL AUTO_INCREMENT,
  `meta_title` varchar(255) DEFAULT NULL,
  `meta_description` varchar(255) DEFAULT NULL,
  `keywords` longtext,
  `meta_robots` varchar(255) DEFAULT NULL,
  `structured_data` json DEFAULT NULL,
  `meta_viewport` varchar(255) DEFAULT NULL,
  `canonical_url` varchar(255) DEFAULT NULL,
  PRIMARY KEY (`id`)
) ENGINE=InnoDB AUTO_INCREMENT=3 DEFAULT CHARSET=utf8mb4 COLLATE=utf8mb4_0900_ai_ci;
/*!40101 SET character_set_client = @saved_cs_client */;

--
-- Dumping data for table `components_shared_seos`
--

LOCK TABLES `components_shared_seos` WRITE;
/*!40000 ALTER TABLE `components_shared_seos` DISABLE KEYS */;
INSERT INTO `components_shared_seos` VALUES (1,'Admisión - Instituto Tecnológico José Pardo','Postula al Instituto José Pardo y asegura tu futuro profesional. Formamos técnicos con docentes especializados para destacar en el ámbito laboral.','Instituto tecnológico en Perú, Carreras técnicas en Perú, Estudia sin mensualidades, Educación tecnológica de calidad, Especialidades técnicas Perú, Carreras de 3 años, Construcción civil Perú, Sistemas de información Perú, Electrónica industrial Perú, Electrotecnia y energías renovables, Mecánica automotriz, Metalurgia técnica, Mecánica de producción, Certificación modular educativa, Bolsa de trabajo técnico, Instituto José Pardo inscripciones, Docentes especializados, Programas de extensión educativa, Técnicos para el mercado laboral,\n','index, follow','{\"url\": \"https://josepardo.edu.pe/\", \"logo\": \"https://josepardo.edu.pe/_next/image?url=https%3A%2F%2Fres.cloudinary.com%2Fdau2qsvtr%2Fimage%2Fupload%2Fv1709672778%2FComponent_1_3_0b199b3630.png&w=1200&q=75\", \"name\": \"Instituto Tecnológico José Pardo\", \"@type\": \"EducationalOrganization\", \"sameAs\": [\"https://www.facebook.com/JosePardo.Oficial\", \"https://www.instagram.com/instituto_josepardo/\"], \"address\": {\"@type\": \"PostalAddress\", \"postalCode\": \"15034\", \"addressRegion\": \"Lima\", \"streetAddress\": \"Av. Grau 620 Lima 13 La Victoria, Peru\", \"addressCountry\": \"PE\", \"addressLocality\": \"Lima\"}, \"@context\": \"https://schema.org\", \"department\": [{\"name\": \"Construcción Civil\", \"@type\": \"EducationalOccupationalProgram\", \"timeOfDay\": [\"Diurno\", \"Nocturno\"], \"description\": \"Planificación, ejecución y supervisión de proyectos de construcción como viviendas y obras viales.\", \"educationalProgramMode\": \"Presencial\"}, {\"name\": \"Sistemas de Información\", \"@type\": \"EducationalOccupationalProgram\", \"timeOfDay\": [\"Diurno\", \"Nocturno\"], \"description\": \"Desarrollo de sistemas de información multiplataforma para incrementar la productividad organizacional.\", \"educationalProgramMode\": \"Presencial\"}, {\"name\": \"Electrónica Industrial\", \"@type\": \"EducationalOccupationalProgram\", \"timeOfDay\": [\"Diurno\", \"Nocturno\"], \"description\": \"Diseño y operación de sistemas electrónicos para automatización industrial.\", \"educationalProgramMode\": \"Presencial\"}, {\"name\": \"Electrotecnia Industrial\", \"@type\": \"EducationalOccupationalProgram\", \"timeOfDay\": [\"Diurno\", \"Nocturno\"], \"description\": \"Diseño, instalación y modernización de instalaciones de generación con energías renovables.\", \"educationalProgramMode\": \"Presencial\"}, {\"name\": \"Metalurgia\", \"@type\": \"EducationalOccupationalProgram\", \"timeOfDay\": [\"Diurno\", \"Nocturno\"], \"description\": \"Análisis y desarrollo de materiales metálicos, garantizando estándares de calidad.\", \"educationalProgramMode\": \"Presencial\"}, {\"name\": \"Mecánica de Producción\", \"@type\": \"EducationalOccupationalProgram\", \"timeOfDay\": [\"Diurno\", \"Nocturno\"], \"description\": \"Diseño, construcción y mantenimiento de maquinaria industrial.\", \"educationalProgramMode\": \"Presencial\"}, {\"name\": \"Mecánica Automotriz\", \"@type\": \"EducationalOccupationalProgram\", \"timeOfDay\": [\"Diurno\", \"Nocturno\"], \"description\": \"Mantenimiento y reparación de sistemas automotrices convencionales y electrónicos.\", \"educationalProgramMode\": \"Presencial\"}], \"description\": \"El Instituto José Pardo forma profesionales técnicos en carreras como Construcción Civil, Electrónica Industrial, Sistemas de Información, y más. Ofrecemos certificaciones modulares, programas de extensión y bolsa de trabajo para una formación integral.\", \"contactPoint\": {\"@type\": \"ContactPoint\", \"telephone\": \"(01) 3304428\", \"areaServed\": \"PE\", \"contactType\": \"Información General\", \"availableLanguage\": [\"es\"]}}','width=device-width, initial-scale=1.0','https://josepardo.edu.pe/'),(2,'INTELIGENCIA ARTIFICIAL EN EL DIAGNÓSTICO DE LA SALUD','Te invitamos a participar de este webinar exclusivo, diseñado para fortalecer tus habilidades y llevar tu desarrollo profesional al siguiente nivel.',NULL,NULL,NULL,NULL,NULL);
/*!40000 ALTER TABLE `components_shared_seos` ENABLE KEYS */;
UNLOCK TABLES;

--
-- Table structure for table `components_shared_seos_components`
--

DROP TABLE IF EXISTS `components_shared_seos_components`;
/*!40101 SET @saved_cs_client     = @@character_set_client */;
/*!50503 SET character_set_client = utf8mb4 */;
CREATE TABLE `components_shared_seos_components` (
  `id` int unsigned NOT NULL AUTO_INCREMENT,
  `entity_id` int unsigned DEFAULT NULL,
  `component_id` int unsigned DEFAULT NULL,
  `component_type` varchar(255) DEFAULT NULL,
  `field` varchar(255) DEFAULT NULL,
  `order` double unsigned DEFAULT NULL,
  PRIMARY KEY (`id`),
  UNIQUE KEY `components_shared_seos_unique` (`entity_id`,`component_id`,`field`,`component_type`),
  KEY `components_shared_seos_field_index` (`field`),
  KEY `components_shared_seos_component_type_index` (`component_type`),
  KEY `components_shared_seos_entity_fk` (`entity_id`),
  CONSTRAINT `components_shared_seos_entity_fk` FOREIGN KEY (`entity_id`) REFERENCES `components_shared_seos` (`id`) ON DELETE CASCADE
) ENGINE=InnoDB AUTO_INCREMENT=3 DEFAULT CHARSET=utf8mb4 COLLATE=utf8mb4_0900_ai_ci;
/*!40101 SET character_set_client = @saved_cs_client */;

--
-- Dumping data for table `components_shared_seos_components`
--

LOCK TABLES `components_shared_seos_components` WRITE;
/*!40000 ALTER TABLE `components_shared_seos_components` DISABLE KEYS */;
INSERT INTO `components_shared_seos_components` VALUES (1,1,1,'shared.meta-social','metaSocial',1);
/*!40000 ALTER TABLE `components_shared_seos_components` ENABLE KEYS */;
UNLOCK TABLES;

--
-- Table structure for table `components_social_networks_redes_sociales`
--

DROP TABLE IF EXISTS `components_social_networks_redes_sociales`;
/*!40101 SET @saved_cs_client     = @@character_set_client */;
/*!50503 SET character_set_client = utf8mb4 */;
CREATE TABLE `components_social_networks_redes_sociales` (
  `id` int unsigned NOT NULL AUTO_INCREMENT,
  `tipo` varchar(255) DEFAULT NULL,
  `url` varchar(255) DEFAULT NULL,
  PRIMARY KEY (`id`)
) ENGINE=InnoDB AUTO_INCREMENT=5 DEFAULT CHARSET=utf8mb4 COLLATE=utf8mb4_0900_ai_ci;
/*!40101 SET character_set_client = @saved_cs_client */;

--
-- Dumping data for table `components_social_networks_redes_sociales`
--

LOCK TABLES `components_social_networks_redes_sociales` WRITE;
/*!40000 ALTER TABLE `components_social_networks_redes_sociales` DISABLE KEYS */;
INSERT INTO `components_social_networks_redes_sociales` VALUES (1,'facebook','https://www.facebook.com/JosePardo.Oficial/'),(2,'instagram','https://www.instagram.com/instituto_josepardo/'),(3,'youtube','https://www.youtube.com/@institutojosepardo4903'),(4,'tiktok','https://www.tiktok.com/@instituto_josepardo');
/*!40000 ALTER TABLE `components_social_networks_redes_sociales` ENABLE KEYS */;
UNLOCK TABLES;

--
-- Table structure for table `enviroments`
--

DROP TABLE IF EXISTS `enviroments`;
/*!40101 SET @saved_cs_client     = @@character_set_client */;
/*!50503 SET character_set_client = utf8mb4 */;
CREATE TABLE `enviroments` (
  `id` int unsigned NOT NULL AUTO_INCREMENT,
  `env` varchar(255) DEFAULT NULL,
  `created_at` datetime(6) DEFAULT NULL,
  `updated_at` datetime(6) DEFAULT NULL,
  `published_at` datetime(6) DEFAULT NULL,
  `created_by_id` int unsigned DEFAULT NULL,
  `updated_by_id` int unsigned DEFAULT NULL,
  PRIMARY KEY (`id`),
  KEY `enviroments_created_by_id_fk` (`created_by_id`),
  KEY `enviroments_updated_by_id_fk` (`updated_by_id`),
  CONSTRAINT `enviroments_created_by_id_fk` FOREIGN KEY (`created_by_id`) REFERENCES `admin_users` (`id`) ON DELETE SET NULL,
  CONSTRAINT `enviroments_updated_by_id_fk` FOREIGN KEY (`updated_by_id`) REFERENCES `admin_users` (`id`) ON DELETE SET NULL
) ENGINE=InnoDB DEFAULT CHARSET=utf8mb4 COLLATE=utf8mb4_0900_ai_ci;
/*!40101 SET character_set_client = @saved_cs_client */;

--
-- Dumping data for table `enviroments`
--

LOCK TABLES `enviroments` WRITE;
/*!40000 ALTER TABLE `enviroments` DISABLE KEYS */;
/*!40000 ALTER TABLE `enviroments` ENABLE KEYS */;
UNLOCK TABLES;

--
-- Table structure for table `especialidades`
--

DROP TABLE IF EXISTS `especialidades`;
/*!40101 SET @saved_cs_client     = @@character_set_client */;
/*!50503 SET character_set_client = utf8mb4 */;
CREATE TABLE `especialidades` (
  `id` int unsigned NOT NULL AUTO_INCREMENT,
  `titulo` varchar(255) DEFAULT NULL,
  `descripcion` longtext,
  `created_at` datetime(6) DEFAULT NULL,
  `updated_at` datetime(6) DEFAULT NULL,
  `published_at` datetime(6) DEFAULT NULL,
  `created_by_id` int unsigned DEFAULT NULL,
  `updated_by_id` int unsigned DEFAULT NULL,
  PRIMARY KEY (`id`),
  KEY `especialidades_created_by_id_fk` (`created_by_id`),
  KEY `especialidades_updated_by_id_fk` (`updated_by_id`),
  CONSTRAINT `especialidades_created_by_id_fk` FOREIGN KEY (`created_by_id`) REFERENCES `admin_users` (`id`) ON DELETE SET NULL,
  CONSTRAINT `especialidades_updated_by_id_fk` FOREIGN KEY (`updated_by_id`) REFERENCES `admin_users` (`id`) ON DELETE SET NULL
) ENGINE=InnoDB AUTO_INCREMENT=8 DEFAULT CHARSET=utf8mb4 COLLATE=utf8mb4_0900_ai_ci;
/*!40101 SET character_set_client = @saved_cs_client */;

--
-- Dumping data for table `especialidades`
--

LOCK TABLES `especialidades` WRITE;
/*!40000 ALTER TABLE `especialidades` DISABLE KEYS */;
INSERT INTO `especialidades` VALUES (1,'Construcción / civil','Nuestros profesionales de la carrera de 3 años en Construcción Civil, se especializan en planificar, ejecutar y supervisar proyectos de construcción como viviendas, centros comerciales, obras viales, hidráulicas, saneamiento, entre otros.','2024-03-07 21:31:04.235000','2024-11-13 00:51:33.046000','2024-03-07 21:32:49.617000',1,1),(2,'Computación e / Informática','La Computación e Informática es una carrera de 3 años que te permite desarrollar sistemas de información multiplataforma para lograr soluciones integrales que contribuyan con el incremento de la productividad de las organizaciones, sobre la base del manejo de las tecnologías de la información y el desarrollo de competencias personales y laborales.','2024-03-07 21:31:17.452000','2024-11-13 01:28:39.822000','2024-03-07 21:31:18.844000',1,1),(3,'Electrónica / Industrial','La carrera de Electrónica Industrial forma profesionales capaces de diseñar, implementar, configurar y operar sistemas electrónicos de automatización. Destaca en todos los campos de la producción manejando equipos industriales de alto rendimiento utilizados por las empresas','2024-03-07 21:31:34.133000','2024-11-13 00:56:31.124000','2024-03-07 21:31:34.783000',1,1),(4,'Electrotecnia / Industrial','El profesional técnico en Electrotecnia Industrial y Energías Renovables posee las competencias para realizar tareas de diseño, instalación y modernización de instalaciones de generación con energías renovables, así como gestionar su mantenimiento, aplicando criterios de eficiencia energética y manejo medioambiental','2024-03-07 21:31:46.949000','2024-11-13 01:28:32.965000','2024-03-07 21:31:47.649000',1,1),(5,'Metalurgia','Los técnicos en metalurgia se encargan del análisis y desarrollo de materiales metálicos, así como del control de calidad en su producción. Esto implica llevar a cabo pruebas para determinar propiedades físicas y químicas, optimizar procesos de fabricación y garantizar que los productos cumplan con estándares de calidad. También participan en proyectos de investigación y desarrollo para mejorar materiales existentes o desarrollar nuevos. Además, proporcionan asesoramiento técnico sobre selección de materiales y diseño de componentes, mientras aseguran el cumplimiento de regulaciones de seguridad y medio ambiente. Su trabajo es esencial para la mejora continua de la industria metalúrgica y la producción de productos metálicos seguros y de alta calidad.','2024-03-07 21:31:57.378000','2024-11-13 01:17:12.958000','2024-03-07 21:31:57.968000',1,1),(6,'Mecánica de / producción','El campo de la mecánica de producción industrial es una de las disciplinas profesionales más amplias. Los profesionales mecánicos participan en el diseño, desarrollo, construcción, pruebas e investigación relacionados con varios tipos de máquinas, herramientas, motores y dispositivos térmicos. El trabajo en todas las etapas de un producto, va desde la investigación y el desarrollo hasta el diseño y la fabricación','2024-03-07 21:32:14.081000','2024-11-13 01:28:27.340000','2024-03-07 21:32:14.711000',1,1),(7,'Mecánica / automotriz ','El Profesional Técnico de Mecánica Automotriz aplica conocimientos tecnológicos y de gestión para la realización de actividades de mantenimiento y reparación de sistemas automotrices convencionales y electrónicos, en motores y unidades vehiculares diésel y gasolina. En el campo laboral se desempeñan en Talleres de Concesionarios, Factorías, Centros Mineros, Talleres de Reparación de Vehículos, Empresas del Rubro Automotriz, etc.','2024-03-07 21:32:46.293000','2024-11-13 01:28:19.991000','2024-03-07 21:32:47.074000',1,1);
/*!40000 ALTER TABLE `especialidades` ENABLE KEYS */;
UNLOCK TABLES;

--
-- Table structure for table `ezforms_recipient`
--

DROP TABLE IF EXISTS `ezforms_recipient`;
/*!40101 SET @saved_cs_client     = @@character_set_client */;
/*!50503 SET character_set_client = utf8mb4 */;
CREATE TABLE `ezforms_recipient` (
  `id` int unsigned NOT NULL AUTO_INCREMENT,
  `name` varchar(255) DEFAULT NULL,
  `email` varchar(255) DEFAULT NULL,
  `number` varchar(255) DEFAULT NULL,
  `created_at` datetime(6) DEFAULT NULL,
  `updated_at` datetime(6) DEFAULT NULL,
  `created_by_id` int unsigned DEFAULT NULL,
  `updated_by_id` int unsigned DEFAULT NULL,
  PRIMARY KEY (`id`),
  KEY `ezforms_recipient_created_by_id_fk` (`created_by_id`),
  KEY `ezforms_recipient_updated_by_id_fk` (`updated_by_id`),
  CONSTRAINT `ezforms_recipient_created_by_id_fk` FOREIGN KEY (`created_by_id`) REFERENCES `admin_users` (`id`) ON DELETE SET NULL,
  CONSTRAINT `ezforms_recipient_updated_by_id_fk` FOREIGN KEY (`updated_by_id`) REFERENCES `admin_users` (`id`) ON DELETE SET NULL
) ENGINE=InnoDB AUTO_INCREMENT=2 DEFAULT CHARSET=utf8mb4 COLLATE=utf8mb4_0900_ai_ci;
/*!40101 SET character_set_client = @saved_cs_client */;

--
-- Dumping data for table `ezforms_recipient`
--

LOCK TABLES `ezforms_recipient` WRITE;
/*!40000 ALTER TABLE `ezforms_recipient` DISABLE KEYS */;
INSERT INTO `ezforms_recipient` VALUES (1,'Jhair, Infanzon','josepardocloudinary@gmail.com',NULL,'2024-03-26 14:33:50.315000','2024-11-12 12:29:07.346000',1,1);
/*!40000 ALTER TABLE `ezforms_recipient` ENABLE KEYS */;
UNLOCK TABLES;

--
-- Table structure for table `ezforms_submission`
--

DROP TABLE IF EXISTS `ezforms_submission`;
/*!40101 SET @saved_cs_client     = @@character_set_client */;
/*!50503 SET character_set_client = utf8mb4 */;
CREATE TABLE `ezforms_submission` (
  `id` int unsigned NOT NULL AUTO_INCREMENT,
  `score` varchar(255) DEFAULT NULL,
  `form_name` varchar(255) DEFAULT NULL,
  `data` json DEFAULT NULL,
  `created_at` datetime(6) DEFAULT NULL,
  `updated_at` datetime(6) DEFAULT NULL,
  `created_by_id` int unsigned DEFAULT NULL,
  `updated_by_id` int unsigned DEFAULT NULL,
  PRIMARY KEY (`id`),
  KEY `ezforms_submission_created_by_id_fk` (`created_by_id`),
  KEY `ezforms_submission_updated_by_id_fk` (`updated_by_id`),
  CONSTRAINT `ezforms_submission_created_by_id_fk` FOREIGN KEY (`created_by_id`) REFERENCES `admin_users` (`id`) ON DELETE SET NULL,
  CONSTRAINT `ezforms_submission_updated_by_id_fk` FOREIGN KEY (`updated_by_id`) REFERENCES `admin_users` (`id`) ON DELETE SET NULL
) ENGINE=InnoDB AUTO_INCREMENT=60 DEFAULT CHARSET=utf8mb4 COLLATE=utf8mb4_0900_ai_ci;
/*!40101 SET character_set_client = @saved_cs_client */;

--
-- Dumping data for table `ezforms_submission`
--

LOCK TABLES `ezforms_submission` WRITE;
/*!40000 ALTER TABLE `ezforms_submission` DISABLE KEYS */;
INSERT INTO `ezforms_submission` VALUES (1,'-1','Form','{\"name\": \"Jhair\", \"phone\": \"922692354\", \"message\": \"Electrónica Industrial\", \"last_name\": \"Infanzon\"}','2024-04-12 13:28:29.283000','2024-04-12 13:28:29.283000',NULL,NULL),(2,'-1','Form','{\"name\": \"Jhair\", \"phone\": \"922692354\", \"message\": \"Computación e Informática\", \"last_name\": \"Infanzon\"}','2024-11-12 12:19:03.130000','2024-11-12 12:19:03.130000',NULL,NULL),(3,'-1','Form','{\"name\": \"Jhair\", \"email\": \"jinfanzonquispe30@gmail.com\", \"phone\": \"922692354\", \"message\": \"Construcción civil\", \"last_name\": \"Infanzon\"}','2024-11-12 12:21:22.005000','2024-11-12 12:21:22.005000',NULL,NULL),(4,'-1','Form','{\"name\": \"Jhair\", \"email\": \"jinfanzonquispe30@gmail.com\", \"phone\": \"922692354\", \"message\": \"Mecánica de producción\", \"last_name\": \"Infanzon\"}','2024-11-12 12:28:00.748000','2024-11-12 12:28:00.748000',NULL,NULL),(5,'-1','Form','{\"name\": \"Jhair\", \"email\": \"jinfanzonquispe30@gmail.com\", \"phone\": \"922692354\", \"carrera\": \"Construcción civil\", \"last_name\": \"Infanzon\"}','2024-11-12 16:48:44.402000','2024-11-12 16:48:44.402000',NULL,NULL),(6,'-1','Form','{\"name\": \"Jhair\", \"email\": \"jinfanzonquispe30@gmail.com\", \"phone\": \"922692354\", \"carrera\": \"Computación e Informática\", \"last_name\": \"Infanzon\"}','2024-11-12 16:50:32.483000','2024-11-12 16:50:32.483000',NULL,NULL),(7,'-1','Form','{\"name\": \"Jhair\", \"email\": \"jinfanzonquispe30@gmail.com\", \"phone\": \"922692354\", \"carrera\": \"Computación e Informática\", \"last_name\": \"Infanzon\"}','2024-11-12 17:04:21.806000','2024-11-12 17:04:21.806000',NULL,NULL),(8,'-1','Form','{\"name\": \"Jhair\", \"email\": \"jinfanzonquispe30@gmail.com\", \"phone\": \"922692354\", \"carrera\": \"Construcción civil\", \"last_name\": \"Infanzon\"}','2024-11-12 17:50:31.814000','2024-11-12 17:50:31.814000',NULL,NULL),(9,'-1','Form','{\"name\": \"Jhair\", \"email\": \"jinfanzonquispe30@gmail.com\", \"phone\": \"922692354\", \"carrera\": \"Mecánica automotriz \", \"last_name\": \"Infanzon\"}','2024-11-12 17:53:43.916000','2024-11-12 17:53:43.916000',NULL,NULL),(10,'-1','Form','{\"name\": \"Jhair\", \"email\": \"cesarzegarrav26@gmail.com\", \"phone\": \"92269232\", \"carrera\": \"Construcción civil\", \"last_name\": \"Quispe\"}','2024-11-12 18:00:10.180000','2024-11-12 18:00:10.180000',NULL,NULL),(11,'-1','Form','{\"name\": \"Jhair\", \"email\": \"jinfanzonquispe30@gmail.com\", \"phone\": \"922692354\", \"carrera\": \"Computación e Informática\", \"last_name\": \"Infanzon\"}','2024-11-12 18:00:51.371000','2024-11-12 18:00:51.371000',NULL,NULL),(12,'-1','Form','{\"name\": \"Jhair\", \"email\": \"jinfanzonquispe30@gmail.com\", \"phone\": \"922692354\", \"carrera\": \"Construcción civil\", \"last_name\": \"Quispe\"}','2024-11-12 18:05:09.019000','2024-11-12 18:05:09.019000',NULL,NULL),(13,'-1','Form','{\"name\": \"Infanzon\", \"email\": \"cesarzegarrav26@gmail.com\", \"phone\": \"92269232\", \"carrera\": \"Computación e Informática\", \"last_name\": \"Jhair\"}','2024-11-12 18:06:15.162000','2024-11-12 18:06:15.162000',NULL,NULL),(14,'-1','Form','{\"name\": \"Jhair\", \"email\": \"jinfanzonquispe30@gmail.com\", \"phone\": \"922692354\", \"carrera\": \"Mecánica de producción\", \"last_name\": \"Quispe\"}','2024-11-12 18:08:02.682000','2024-11-12 18:08:02.682000',NULL,NULL),(15,'-1','Form','{\"name\": \"Infanzon\", \"email\": \"cesarzegarrav26@gmail.com\", \"phone\": \"92269232\", \"carrera\": \"Electrónica Industrial\", \"last_name\": \"Jhair\"}','2024-11-12 18:19:33.810000','2024-11-12 18:19:33.810000',NULL,NULL),(16,'-1','Form','{\"name\": \"Jhair\", \"email\": \"jinfanzonquispe30@gmail.com\", \"phone\": \"922692354\", \"carrera\": \"Construcción civil\", \"last_name\": \"Infanzon\"}','2024-11-12 18:40:27.499000','2024-11-12 18:40:27.499000',NULL,NULL),(17,'-1','Form','{\"name\": \"Jhair\", \"email\": \"jinfanzonquispe30@gmail.com\", \"phone\": \"922692354\", \"carrera\": \"Construcción civil\", \"last_name\": \"Infanzon\"}','2024-11-12 18:42:30.946000','2024-11-12 18:42:30.946000',NULL,NULL),(18,'-1','Form','{\"name\": \"Jhair\", \"email\": \"jinfanzonquispe30@gmail.com\", \"phone\": \"922692354\", \"carrera\": \"Construcción civil\", \"last_name\": \"Infanzon\"}','2024-11-12 18:43:21.619000','2024-11-12 18:43:21.619000',NULL,NULL),(19,'-1','Form','{\"name\": \"Infanzon\", \"email\": \"cesarzegarrav26@gmail.com\", \"phone\": \"92269232\", \"carrera\": \"Construcción civil\", \"last_name\": \"Jhair\"}','2024-11-12 18:43:52.583000','2024-11-12 18:43:52.583000',NULL,NULL),(20,'-1','Form','{\"name\": \"Jhair\", \"email\": \"jinfanzonquispe30@gmail.com\", \"phone\": \"922692354\", \"carrera\": \"Electrónica Industrial\", \"last_name\": \"Quispe\"}','2024-11-12 18:48:32.638000','2024-11-12 18:48:32.638000',NULL,NULL),(21,'-1','Form','{\"name\": \"Infanzon\", \"email\": \"cesarzegarrav26@gmail.com\", \"phone\": \"92269232\", \"carrera\": \"Computación e Informática\", \"last_name\": \"Jhair\"}','2024-11-12 18:49:15.692000','2024-11-12 18:49:15.692000',NULL,NULL),(22,'-1','Form','{\"name\": \"Jhair\", \"email\": \"jinfanzonquispe30@gmail.com\", \"phone\": \"922692354\", \"carrera\": \"Construcción civil\", \"last_name\": \"Infanzon\"}','2024-11-12 18:49:37.730000','2024-11-12 18:49:37.730000',NULL,NULL),(23,'-1','Form','{\"name\": \"Jhair\", \"email\": \"jinfanzonquispe30@gmail.com\", \"phone\": \"922692354\", \"carrera\": \"Construcción civil\", \"last_name\": \"Infanzon\"}','2024-11-12 18:59:28.880000','2024-11-12 18:59:28.880000',NULL,NULL),(24,'-1','Form','{\"name\": \"Jhair\", \"email\": \"jinfanzonquispe30@gmail.com\", \"phone\": \"922692354\", \"carrera\": \"Computación e Informática\", \"last_name\": \"Infanzon\"}','2024-11-12 18:59:55.938000','2024-11-12 18:59:55.938000',NULL,NULL),(25,'-1','Form','{\"name\": \"Jhair\", \"email\": \"jinfanzonquispe30@gmail.com\", \"phone\": \"922692354\", \"carrera\": \"Construcción civil\", \"last_name\": \"Quispe\"}','2024-11-12 19:03:54.033000','2024-11-12 19:03:54.033000',NULL,NULL),(26,'-1','Form','{\"name\": \"Infanzon\", \"email\": \"cesarzegarrav26@gmail.com\", \"phone\": \"92269232\", \"carrera\": \"Construcción civil\", \"last_name\": \"Jhair\"}','2024-11-12 19:05:34.098000','2024-11-12 19:05:34.098000',NULL,NULL),(27,'-1','Form','{\"name\": \"Jhair\", \"email\": \"jinfanzonquispe30@gmail.com\", \"phone\": \"922692354\", \"carrera\": \"Construcción civil\", \"last_name\": \"Infanzon\"}','2024-11-12 19:25:11.573000','2024-11-12 19:25:11.573000',NULL,NULL),(28,'-1','Form','{\"name\": \"Jhair\", \"email\": \"jinfanzonquispe30@gmail.com\", \"phone\": \"922692354\", \"carrera\": \"Construcción civil\", \"last_name\": \"Infanzon\"}','2024-11-12 19:26:08.811000','2024-11-12 19:26:08.811000',NULL,NULL),(29,'-1','Form','{\"name\": \"Jhair\", \"email\": \"jinfanzonquispe30@gmail.com\", \"phone\": \"922692354\", \"carrera\": \"Computación e Informática\", \"last_name\": \"Infanzon\"}','2024-11-12 19:28:43.154000','2024-11-12 19:28:43.154000',NULL,NULL),(30,'-1','Form','{\"name\": \"Infanzon\", \"email\": \"cesarzegarrav26@gmail.com\", \"phone\": \"92269232\", \"carrera\": \"Computación e Informática\", \"last_name\": \"Jhair\"}','2024-11-12 19:32:31.931000','2024-11-12 19:32:31.931000',NULL,NULL),(31,'-1','Form','{\"name\": \"Jhair\", \"email\": \"jinfanzonquispe30@gmail.com\", \"phone\": \"922692354\", \"carrera\": \"Construcción civil\", \"last_name\": \"Infanzon\"}','2024-11-12 19:33:15.153000','2024-11-12 19:33:15.153000',NULL,NULL),(32,'-1','Form','{\"name\": \"Jhair\", \"email\": \"jinfanzonquispe30@gmail.com\", \"phone\": \"922692354\", \"carrera\": \"Construcción civil\", \"last_name\": \"Infanzon\"}','2024-11-12 19:34:48.139000','2024-11-12 19:34:48.139000',NULL,NULL),(33,'-1','Form','{\"name\": \"Jhair\", \"email\": \"jinfanzonquispe30@gmail.com\", \"phone\": \"922692354\", \"carrera\": \"Construcción civil\", \"last_name\": \"Infanzon\"}','2024-11-12 19:37:48.191000','2024-11-12 19:37:48.191000',NULL,NULL),(34,'-1','Form','{\"name\": \"Jhair\", \"email\": \"jinfanzonquispe30@gmail.com\", \"phone\": \"922692354\", \"carrera\": \"Computación e Informática\", \"last_name\": \"Infanzon\"}','2024-11-12 19:39:22.922000','2024-11-12 19:39:22.922000',NULL,NULL),(35,'-1','Form','{\"name\": \"cesar\", \"email\": \"cesarzegarrav26@gmail.com\", \"phone\": \"92269232\", \"carrera\": \"Mecánica de producción\", \"last_name\": \"zegarra\"}','2024-11-12 19:42:03.881000','2024-11-12 19:42:03.881000',NULL,NULL),(36,'-1','Form','{\"name\": \"cesar\", \"email\": \"cesarzegarrav26@gmail.com\", \"phone\": \"92269232\", \"carrera\": \"Mecánica automotriz \", \"last_name\": \"zegarra\"}','2024-11-12 19:43:09.555000','2024-11-12 19:43:09.555000',NULL,NULL),(37,'-1','Form','{\"name\": \"Jhair\", \"email\": \"jinfanzonquispe30@gmail.com\", \"phone\": \"922692354\", \"carrera\": \"Computación e Informática\", \"last_name\": \"Infanzon\"}','2024-11-12 19:47:12.042000','2024-11-12 19:47:12.042000',NULL,NULL),(38,'-1','Form','{\"name\": \"Jhair\", \"email\": \"jinfanzonquispe30@gmail.com\", \"phone\": \"92269232\", \"carrera\": \"Construcción civil\", \"last_name\": \"Quispe\"}','2024-11-12 19:50:10.595000','2024-11-12 19:50:10.595000',NULL,NULL),(39,'-1','Form','{\"name\": \"Jhair\", \"email\": \"jinfanzonquispe30@gmail.com\", \"phone\": \"922692354\", \"carrera\": \"Computación e Informática\", \"last_name\": \"Infanzon\"}','2024-11-12 19:50:48.703000','2024-11-12 19:50:48.703000',NULL,NULL),(40,'-1','Form','{\"name\": \"Jhair\", \"email\": \"jinfanzonquispe30@gmail.com\", \"phone\": \"922692354\", \"carrera\": \"Computación e Informática\", \"last_name\": \"Infanzon\"}','2024-11-12 19:54:49.956000','2024-11-12 19:54:49.956000',NULL,NULL),(41,'-1','Form','{\"name\": \"Jhair\", \"email\": \"jinfanzonquispe30@gmail.com\", \"phone\": \"922692354\", \"carrera\": \"Computación e Informática\", \"last_name\": \"Infanzon\"}','2024-11-12 19:56:11.348000','2024-11-12 19:56:11.348000',NULL,NULL),(42,'-1','Form','{\"name\": \"Jhair\", \"email\": \"jinfanzonquispe30@gmail.com\", \"phone\": \"922692354\", \"carrera\": \"Computación e Informática\", \"last_name\": \"Infanzon\"}','2024-11-12 19:59:37.205000','2024-11-12 19:59:37.205000',NULL,NULL),(43,'-1','Form','{\"name\": \"Jhair\", \"email\": \"jinfanzonquispe30@gmail.com\", \"phone\": \"922692354\", \"carrera\": \"Computación e Informática\", \"last_name\": \"Quispe\"}','2024-11-12 20:16:55.179000','2024-11-12 20:16:55.179000',NULL,NULL),(44,'-1','Form','{\"name\": \"Jhair\", \"email\": \"jinfanzonquispe30@gmail.com\", \"phone\": \"922692354\", \"carrera\": \"Construcción civil\", \"last_name\": \"Infanzon\"}','2024-11-12 20:17:20.263000','2024-11-12 20:17:20.263000',NULL,NULL),(45,'-1','Form','{\"name\": \"Jhair\", \"email\": \"jinfanzonquispe30@gmail.com\", \"phone\": \"922692354\", \"carrera\": \"Computación e Informática\", \"last_name\": \"Infanzon\"}','2024-11-12 20:18:00.573000','2024-11-12 20:18:00.573000',NULL,NULL),(46,'-1','Form','{\"name\": \"Jhair\", \"email\": \"jinfanzonquispe30@gmail.com\", \"phone\": \"922692354\", \"carrera\": \"Computación e Informática\", \"last_name\": \"Infanzon\"}','2024-11-12 20:19:42.442000','2024-11-12 20:19:42.442000',NULL,NULL),(47,'-1','Form','{\"name\": \"Jhair\", \"email\": \"jinfanzonquispe30@gmail.com\", \"phone\": \"922692354\", \"carrera\": \"Computación e Informática\", \"last_name\": \"Infanzon\"}','2024-11-12 20:23:47.321000','2024-11-12 20:23:47.321000',NULL,NULL),(48,'-1','Form','{\"name\": \"Jhair\", \"email\": \"jinfanzonquispe30@gmail.com\", \"phone\": \"922692354\", \"carrera\": \"Mecánica automotriz \", \"last_name\": \"Infanzon\"}','2024-11-12 20:25:06.059000','2024-11-12 20:25:06.059000',NULL,NULL),(49,'-1','Form','{\"name\": \"Jhair\", \"email\": \"jinfanzonquispe30@gmail.com\", \"phone\": \"922692354\", \"carrera\": \"Computación e Informática\", \"last_name\": \"Infanzon\"}','2024-11-12 20:26:10.907000','2024-11-12 20:26:10.907000',NULL,NULL),(50,'-1','Form','{\"name\": \"Jhair\", \"email\": \"jinfanzonquispe30@gmail.com\", \"phone\": \"922692354\", \"carrera\": \"Computación e Informática\", \"last_name\": \"Infanzon\"}','2024-11-12 20:26:42.631000','2024-11-12 20:26:42.631000',NULL,NULL),(51,'-1','Form','{\"name\": \"Jhair\", \"email\": \"jinfanzonquispe30@gmail.com\", \"phone\": \"922692354\", \"carrera\": \"Mecánica automotriz \", \"last_name\": \"Infanzon\"}','2024-11-12 20:27:00.912000','2024-11-12 20:27:00.912000',NULL,NULL),(52,'-1','Form','{\"name\": \"Jhair\", \"email\": \"jinfanzonquispe30@gmail.com\", \"phone\": \"922692354\", \"carrera\": \"Computación e Informática\", \"last_name\": \"Infanzon\"}','2024-11-12 20:32:48.809000','2024-11-12 20:32:48.809000',NULL,NULL),(53,'-1','Form','{\"name\": \"Jhair\", \"email\": \"jinfanzonquispe30@gmail.com\", \"phone\": \"922692354\", \"carrera\": \"Computación e Informática\", \"last_name\": \"Infanzon\"}','2024-11-12 21:21:23.320000','2024-11-12 21:21:23.320000',NULL,NULL),(54,'-1','Form','{\"name\": \"Jhair\", \"email\": \"jinfanzonquispe30@gmail.com\", \"phone\": \"922692354\", \"carrera\": \"Construcción civil\", \"last_name\": \"Infanzon\"}','2024-11-12 21:21:59.696000','2024-11-12 21:21:59.696000',NULL,NULL),(55,'-1','Form','{\"name\": \"Jhair\", \"email\": \"jinfanzonquispe30@gmail.com\", \"phone\": \"922692354\", \"carrera\": \"Construcción civil\", \"last_name\": \"Infanzon\"}','2024-11-12 21:24:43.801000','2024-11-12 21:24:43.801000',NULL,NULL),(56,'-1','Form','{\"name\": \"Jhair\", \"email\": \"jinfanzonquispe30@gmail.com\", \"phone\": \"922692354\", \"carrera\": \"Computación e Informática\", \"last_name\": \"Infanzon\"}','2024-11-12 21:28:30.659000','2024-11-12 21:28:30.659000',NULL,NULL),(57,'-1','Form','{\"name\": \"Jhair\", \"email\": \"jinfanzonquispe30@gmail.com\", \"phone\": \"922692354\", \"carrera\": \"Computación e Informática\", \"last_name\": \"Infanzon\"}','2024-11-12 21:31:33.802000','2024-11-12 21:31:33.802000',NULL,NULL),(58,'-1','Form','{\"name\": \"Jhair\", \"email\": \"jinfanzonquispe30@gmail.com\", \"phone\": \"922692354\", \"carrera\": \"Computación e Informática\", \"last_name\": \"Infanzon\"}','2024-11-12 21:33:07.816000','2024-11-12 21:33:07.816000',NULL,NULL),(59,'-1','Form','{\"name\": \"Jhair\", \"email\": \"jinfanzonquispe30@gmail.com\", \"phone\": \"922692354\", \"carrera\": \"Metalurgia\", \"last_name\": \"Infanzon\"}','2024-11-12 21:33:37.419000','2024-11-12 21:33:37.419000',NULL,NULL);
/*!40000 ALTER TABLE `ezforms_submission` ENABLE KEYS */;
UNLOCK TABLES;

--
-- Table structure for table `files`
--

DROP TABLE IF EXISTS `files`;
/*!40101 SET @saved_cs_client     = @@character_set_client */;
/*!50503 SET character_set_client = utf8mb4 */;
CREATE TABLE `files` (
  `id` int unsigned NOT NULL AUTO_INCREMENT,
  `name` varchar(255) DEFAULT NULL,
  `alternative_text` varchar(255) DEFAULT NULL,
  `caption` varchar(255) DEFAULT NULL,
  `width` int DEFAULT NULL,
  `height` int DEFAULT NULL,
  `formats` json DEFAULT NULL,
  `hash` varchar(255) DEFAULT NULL,
  `ext` varchar(255) DEFAULT NULL,
  `mime` varchar(255) DEFAULT NULL,
  `size` decimal(10,2) DEFAULT NULL,
  `url` varchar(255) DEFAULT NULL,
  `preview_url` varchar(255) DEFAULT NULL,
  `provider` varchar(255) DEFAULT NULL,
  `provider_metadata` json DEFAULT NULL,
  `folder_path` varchar(255) DEFAULT NULL,
  `created_at` datetime(6) DEFAULT NULL,
  `updated_at` datetime(6) DEFAULT NULL,
  `created_by_id` int unsigned DEFAULT NULL,
  `updated_by_id` int unsigned DEFAULT NULL,
  PRIMARY KEY (`id`),
  KEY `upload_files_folder_path_index` (`folder_path`),
  KEY `upload_files_created_at_index` (`created_at`),
  KEY `upload_files_updated_at_index` (`updated_at`),
  KEY `upload_files_name_index` (`name`),
  KEY `upload_files_size_index` (`size`),
  KEY `upload_files_ext_index` (`ext`),
  KEY `files_created_by_id_fk` (`created_by_id`),
  KEY `files_updated_by_id_fk` (`updated_by_id`),
  CONSTRAINT `files_created_by_id_fk` FOREIGN KEY (`created_by_id`) REFERENCES `admin_users` (`id`) ON DELETE SET NULL,
  CONSTRAINT `files_updated_by_id_fk` FOREIGN KEY (`updated_by_id`) REFERENCES `admin_users` (`id`) ON DELETE SET NULL
) ENGINE=InnoDB AUTO_INCREMENT=47 DEFAULT CHARSET=utf8mb4 COLLATE=utf8mb4_0900_ai_ci;
/*!40101 SET character_set_client = @saved_cs_client */;

--
-- Dumping data for table `files`
--

LOCK TABLES `files` WRITE;
/*!40000 ALTER TABLE `files` DISABLE KEYS */;
INSERT INTO `files` VALUES (2,'Component 1 (3).png',NULL,NULL,1108,304,'{\"large\": {\"ext\": \".png\", \"url\": \"https://res.cloudinary.com/dau2qsvtr/image/upload/v1709672778/large_Component_1_3_0b199b3630.png\", \"hash\": \"large_Component_1_3_0b199b3630\", \"mime\": \"image/png\", \"name\": \"large_Component 1 (3).png\", \"path\": null, \"size\": 92.92, \"width\": 1000, \"height\": 274, \"provider_metadata\": {\"public_id\": \"large_Component_1_3_0b199b3630\", \"resource_type\": \"image\"}}, \"small\": {\"ext\": \".png\", \"url\": \"https://res.cloudinary.com/dau2qsvtr/image/upload/v1709672778/small_Component_1_3_0b199b3630.png\", \"hash\": \"small_Component_1_3_0b199b3630\", \"mime\": \"image/png\", \"name\": \"small_Component 1 (3).png\", \"path\": null, \"size\": 38.48, \"width\": 500, \"height\": 137, \"provider_metadata\": {\"public_id\": \"small_Component_1_3_0b199b3630\", \"resource_type\": \"image\"}}, \"medium\": {\"ext\": \".png\", \"url\": \"https://res.cloudinary.com/dau2qsvtr/image/upload/v1709672778/medium_Component_1_3_0b199b3630.png\", \"hash\": \"medium_Component_1_3_0b199b3630\", \"mime\": \"image/png\", \"name\": \"medium_Component 1 (3).png\", \"path\": null, \"size\": 64.05, \"width\": 750, \"height\": 206, \"provider_metadata\": {\"public_id\": \"medium_Component_1_3_0b199b3630\", \"resource_type\": \"image\"}}, \"thumbnail\": {\"ext\": \".png\", \"url\": \"https://res.cloudinary.com/dau2qsvtr/image/upload/v1709672778/thumbnail_Component_1_3_0b199b3630.png\", \"hash\": \"thumbnail_Component_1_3_0b199b3630\", \"mime\": \"image/png\", \"name\": \"thumbnail_Component 1 (3).png\", \"path\": null, \"size\": 15.55, \"width\": 245, \"height\": 67, \"provider_metadata\": {\"public_id\": \"thumbnail_Component_1_3_0b199b3630\", \"resource_type\": \"image\"}}}','Component_1_3_0b199b3630','.png','image/png',14.68,'https://res.cloudinary.com/dau2qsvtr/image/upload/v1709672778/Component_1_3_0b199b3630.png',NULL,'cloudinary','{\"public_id\": \"Component_1_3_0b199b3630\", \"resource_type\": \"image\"}','/','2024-03-05 16:06:19.194000','2024-03-05 16:06:19.194000',2,2),(4,'logo_deb7df303a 2.png',NULL,NULL,246,67,'{\"thumbnail\": {\"ext\": \".png\", \"url\": \"https://res.cloudinary.com/dau2qsvtr/image/upload/v1710041325/thumbnail_logo_deb7df303a_2_581b558d01.png\", \"hash\": \"thumbnail_logo_deb7df303a_2_581b558d01\", \"mime\": \"image/png\", \"name\": \"thumbnail_logo_deb7df303a 2.png\", \"path\": null, \"size\": 21.77, \"width\": 245, \"height\": 67, \"provider_metadata\": {\"public_id\": \"thumbnail_logo_deb7df303a_2_581b558d01\", \"resource_type\": \"image\"}}}','logo_deb7df303a_2_581b558d01','.png','image/png',7.57,'https://res.cloudinary.com/dau2qsvtr/image/upload/v1710041325/logo_deb7df303a_2_581b558d01.png',NULL,'cloudinary','{\"public_id\": \"logo_deb7df303a_2_581b558d01\", \"resource_type\": \"image\"}','/','2024-03-09 22:28:45.501000','2024-03-09 22:28:45.501000',1,1),(14,'pexels-anastasiya-gepp-654466-1462630-removebg-preview.png',NULL,NULL,339,408,'{\"thumbnail\": {\"ext\": \".png\", \"url\": \"https://res.cloudinary.com/dau2qsvtr/image/upload/v1723092772/thumbnail_pexels_anastasiya_gepp_654466_1462630_removebg_preview_0e8ba3c625.png\", \"hash\": \"thumbnail_pexels_anastasiya_gepp_654466_1462630_removebg_preview_0e8ba3c625\", \"mime\": \"image/png\", \"name\": \"thumbnail_pexels-anastasiya-gepp-654466-1462630-removebg-preview.png\", \"path\": null, \"size\": 39.24, \"width\": 130, \"height\": 156, \"provider_metadata\": {\"public_id\": \"thumbnail_pexels_anastasiya_gepp_654466_1462630_removebg_preview_0e8ba3c625\", \"resource_type\": \"image\"}}}','pexels_anastasiya_gepp_654466_1462630_removebg_preview_0e8ba3c625','.png','image/png',54.82,'https://res.cloudinary.com/dau2qsvtr/image/upload/v1723092772/pexels_anastasiya_gepp_654466_1462630_removebg_preview_0e8ba3c625.png',NULL,'cloudinary','{\"public_id\": \"pexels_anastasiya_gepp_654466_1462630_removebg_preview_0e8ba3c625\", \"resource_type\": \"image\"}','/','2024-08-07 23:52:51.782000','2024-08-07 23:52:51.782000',1,1),(20,'computer student.png',NULL,NULL,458,512,'{\"small\": {\"ext\": \".png\", \"url\": \"https://res.cloudinary.com/dau2qsvtr/image/upload/v1731471346/small_computer_student_233d479491.png\", \"hash\": \"small_computer_student_233d479491\", \"mime\": \"image/png\", \"name\": \"small_computer student.png\", \"path\": null, \"size\": 274.86, \"width\": 447, \"height\": 500, \"provider_metadata\": {\"public_id\": \"small_computer_student_233d479491\", \"resource_type\": \"image\"}}, \"thumbnail\": {\"ext\": \".png\", \"url\": \"https://res.cloudinary.com/dau2qsvtr/image/upload/v1731471346/thumbnail_computer_student_233d479491.png\", \"hash\": \"thumbnail_computer_student_233d479491\", \"mime\": \"image/png\", \"name\": \"thumbnail_computer student.png\", \"path\": null, \"size\": 34.61, \"width\": 140, \"height\": 156, \"provider_metadata\": {\"public_id\": \"thumbnail_computer_student_233d479491\", \"resource_type\": \"image\"}}}','computer_student_233d479491','.png','image/png',65.76,'https://res.cloudinary.com/dau2qsvtr/image/upload/v1731471346/computer_student_233d479491.png',NULL,'cloudinary','{\"public_id\": \"computer_student_233d479491\", \"resource_type\": \"image\"}','/','2024-11-12 23:15:46.869000','2024-11-12 23:15:46.869000',1,1),(22,'civil student.png',NULL,NULL,458,512,'{\"small\": {\"ext\": \".png\", \"url\": \"https://res.cloudinary.com/dau2qsvtr/image/upload/v1731476767/small_civil_student_3a1e587b1d.png\", \"hash\": \"small_civil_student_3a1e587b1d\", \"mime\": \"image/png\", \"name\": \"small_civil student.png\", \"path\": null, \"size\": 265.92, \"width\": 447, \"height\": 500, \"provider_metadata\": {\"public_id\": \"small_civil_student_3a1e587b1d\", \"resource_type\": \"image\"}}, \"thumbnail\": {\"ext\": \".png\", \"url\": \"https://res.cloudinary.com/dau2qsvtr/image/upload/v1731476767/thumbnail_civil_student_3a1e587b1d.png\", \"hash\": \"thumbnail_civil_student_3a1e587b1d\", \"mime\": \"image/png\", \"name\": \"thumbnail_civil student.png\", \"path\": null, \"size\": 36.44, \"width\": 140, \"height\": 156, \"provider_metadata\": {\"public_id\": \"thumbnail_civil_student_3a1e587b1d\", \"resource_type\": \"image\"}}}','civil_student_3a1e587b1d','.png','image/png',62.47,'https://res.cloudinary.com/dau2qsvtr/image/upload/v1731476767/civil_student_3a1e587b1d.png',NULL,'cloudinary','{\"public_id\": \"civil_student_3a1e587b1d\", \"resource_type\": \"image\"}','/','2024-11-13 00:46:08.201000','2024-11-13 00:46:08.201000',1,1),(24,'Electrónica Industrial student.png',NULL,NULL,458,512,'{\"small\": {\"ext\": \".png\", \"url\": \"https://res.cloudinary.com/dau2qsvtr/image/upload/v1731477388/small_Electronica_Industrial_student_715de7e1ec.png\", \"hash\": \"small_Electronica_Industrial_student_715de7e1ec\", \"mime\": \"image/png\", \"name\": \"small_Electrónica Industrial student.png\", \"path\": null, \"size\": 211.01, \"width\": 447, \"height\": 500, \"provider_metadata\": {\"public_id\": \"small_Electronica_Industrial_student_715de7e1ec\", \"resource_type\": \"image\"}}, \"thumbnail\": {\"ext\": \".png\", \"url\": \"https://res.cloudinary.com/dau2qsvtr/image/upload/v1731477387/thumbnail_Electronica_Industrial_student_715de7e1ec.png\", \"hash\": \"thumbnail_Electronica_Industrial_student_715de7e1ec\", \"mime\": \"image/png\", \"name\": \"thumbnail_Electrónica Industrial student.png\", \"path\": null, \"size\": 28.65, \"width\": 140, \"height\": 156, \"provider_metadata\": {\"public_id\": \"thumbnail_Electronica_Industrial_student_715de7e1ec\", \"resource_type\": \"image\"}}}','Electronica_Industrial_student_715de7e1ec','.png','image/png',60.37,'https://res.cloudinary.com/dau2qsvtr/image/upload/v1731477387/Electronica_Industrial_student_715de7e1ec.png',NULL,'cloudinary','{\"public_id\": \"Electronica_Industrial_student_715de7e1ec\", \"resource_type\": \"image\"}','/','2024-11-13 00:56:28.453000','2024-11-13 00:56:28.453000',1,1),(27,'Electrotecnia Industrial student.png',NULL,NULL,458,512,'{\"small\": {\"ext\": \".png\", \"url\": \"https://res.cloudinary.com/dau2qsvtr/image/upload/v1731478266/small_Electrotecnia_Industrial_student_d2bc0f6c69.png\", \"hash\": \"small_Electrotecnia_Industrial_student_d2bc0f6c69\", \"mime\": \"image/png\", \"name\": \"small_Electrotecnia Industrial student.png\", \"path\": null, \"size\": 203.98, \"width\": 447, \"height\": 500, \"provider_metadata\": {\"public_id\": \"small_Electrotecnia_Industrial_student_d2bc0f6c69\", \"resource_type\": \"image\"}}, \"thumbnail\": {\"ext\": \".png\", \"url\": \"https://res.cloudinary.com/dau2qsvtr/image/upload/v1731478266/thumbnail_Electrotecnia_Industrial_student_d2bc0f6c69.png\", \"hash\": \"thumbnail_Electrotecnia_Industrial_student_d2bc0f6c69\", \"mime\": \"image/png\", \"name\": \"thumbnail_Electrotecnia Industrial student.png\", \"path\": null, \"size\": 28.72, \"width\": 140, \"height\": 156, \"provider_metadata\": {\"public_id\": \"thumbnail_Electrotecnia_Industrial_student_d2bc0f6c69\", \"resource_type\": \"image\"}}}','Electrotecnia_Industrial_student_d2bc0f6c69','.png','image/png',47.45,'https://res.cloudinary.com/dau2qsvtr/image/upload/v1731478266/Electrotecnia_Industrial_student_d2bc0f6c69.png',NULL,'cloudinary','{\"public_id\": \"Electrotecnia_Industrial_student_d2bc0f6c69\", \"resource_type\": \"image\"}','/','2024-11-13 01:11:06.977000','2024-11-13 01:11:06.977000',1,1),(28,'Metalurgia student.png',NULL,NULL,458,512,'{\"small\": {\"ext\": \".png\", \"url\": \"https://res.cloudinary.com/dau2qsvtr/image/upload/v1731478621/small_Metalurgia_student_b55a817823.png\", \"hash\": \"small_Metalurgia_student_b55a817823\", \"mime\": \"image/png\", \"name\": \"small_Metalurgia student.png\", \"path\": null, \"size\": 275.35, \"width\": 447, \"height\": 500, \"provider_metadata\": {\"public_id\": \"small_Metalurgia_student_b55a817823\", \"resource_type\": \"image\"}}, \"thumbnail\": {\"ext\": \".png\", \"url\": \"https://res.cloudinary.com/dau2qsvtr/image/upload/v1731478621/thumbnail_Metalurgia_student_b55a817823.png\", \"hash\": \"thumbnail_Metalurgia_student_b55a817823\", \"mime\": \"image/png\", \"name\": \"thumbnail_Metalurgia student.png\", \"path\": null, \"size\": 36.67, \"width\": 140, \"height\": 156, \"provider_metadata\": {\"public_id\": \"thumbnail_Metalurgia_student_b55a817823\", \"resource_type\": \"image\"}}}','Metalurgia_student_b55a817823','.png','image/png',65.26,'https://res.cloudinary.com/dau2qsvtr/image/upload/v1731478621/Metalurgia_student_b55a817823.png',NULL,'cloudinary','{\"public_id\": \"Metalurgia_student_b55a817823\", \"resource_type\": \"image\"}','/','2024-11-13 01:17:02.273000','2024-11-13 01:17:02.273000',1,1),(29,'producción student.png',NULL,NULL,458,512,'{\"small\": {\"ext\": \".png\", \"url\": \"https://res.cloudinary.com/dau2qsvtr/image/upload/v1731479076/small_produccion_student_81d0281df6.png\", \"hash\": \"small_produccion_student_81d0281df6\", \"mime\": \"image/png\", \"name\": \"small_producción student.png\", \"path\": null, \"size\": 197.15, \"width\": 447, \"height\": 500, \"provider_metadata\": {\"public_id\": \"small_produccion_student_81d0281df6\", \"resource_type\": \"image\"}}, \"thumbnail\": {\"ext\": \".png\", \"url\": \"https://res.cloudinary.com/dau2qsvtr/image/upload/v1731479075/thumbnail_produccion_student_81d0281df6.png\", \"hash\": \"thumbnail_produccion_student_81d0281df6\", \"mime\": \"image/png\", \"name\": \"thumbnail_producción student.png\", \"path\": null, \"size\": 28.3, \"width\": 140, \"height\": 156, \"provider_metadata\": {\"public_id\": \"thumbnail_produccion_student_81d0281df6\", \"resource_type\": \"image\"}}}','produccion_student_81d0281df6','.png','image/png',50.59,'https://res.cloudinary.com/dau2qsvtr/image/upload/v1731479075/produccion_student_81d0281df6.png',NULL,'cloudinary','{\"public_id\": \"produccion_student_81d0281df6\", \"resource_type\": \"image\"}','/','2024-11-13 01:24:36.399000','2024-11-13 01:24:36.399000',1,1),(30,'Mecánica automotriz  student.png',NULL,NULL,458,512,'{\"small\": {\"ext\": \".png\", \"url\": \"https://res.cloudinary.com/dau2qsvtr/image/upload/v1731479257/small_Mecanica_automotriz_student_76ed4d0479.png\", \"hash\": \"small_Mecanica_automotriz_student_76ed4d0479\", \"mime\": \"image/png\", \"name\": \"small_Mecánica automotriz  student.png\", \"path\": null, \"size\": 184.76, \"width\": 447, \"height\": 500, \"provider_metadata\": {\"public_id\": \"small_Mecanica_automotriz_student_76ed4d0479\", \"resource_type\": \"image\"}}, \"thumbnail\": {\"ext\": \".png\", \"url\": \"https://res.cloudinary.com/dau2qsvtr/image/upload/v1731479256/thumbnail_Mecanica_automotriz_student_76ed4d0479.png\", \"hash\": \"thumbnail_Mecanica_automotriz_student_76ed4d0479\", \"mime\": \"image/png\", \"name\": \"thumbnail_Mecánica automotriz  student.png\", \"path\": null, \"size\": 26.25, \"width\": 140, \"height\": 156, \"provider_metadata\": {\"public_id\": \"thumbnail_Mecanica_automotriz_student_76ed4d0479\", \"resource_type\": \"image\"}}}','Mecanica_automotriz_student_76ed4d0479','.png','image/png',55.43,'https://res.cloudinary.com/dau2qsvtr/image/upload/v1731479257/Mecanica_automotriz_student_76ed4d0479.png',NULL,'cloudinary','{\"public_id\": \"Mecanica_automotriz_student_76ed4d0479\", \"resource_type\": \"image\"}','/','2024-11-13 01:27:37.530000','2024-11-13 01:27:37.530000',1,1),(32,'examen.svg',NULL,NULL,297,336,NULL,'examen_e6b438f9fe','.svg','image/svg+xml',1.92,'https://res.cloudinary.com/dau2qsvtr/image/upload/v1731482182/examen_e6b438f9fe.svg',NULL,'cloudinary','{\"public_id\": \"examen_e6b438f9fe\", \"resource_type\": \"image\"}','/','2024-11-13 02:16:23.517000','2024-11-13 02:16:23.517000',1,1),(33,'test.svg',NULL,NULL,297,336,NULL,'test_2b8eca783e','.svg','image/svg+xml',2.06,'https://res.cloudinary.com/dau2qsvtr/image/upload/v1731482366/test_2b8eca783e.svg',NULL,'cloudinary','{\"public_id\": \"test_2b8eca783e\", \"resource_type\": \"image\"}','/','2024-11-13 02:19:28.120000','2024-11-13 02:19:28.120000',1,1),(34,'prueba.svg',NULL,NULL,297,336,NULL,'prueba_427ae833db','.svg','image/svg+xml',1.74,'https://res.cloudinary.com/dau2qsvtr/image/upload/v1731482504/prueba_427ae833db.svg',NULL,'cloudinary','{\"public_id\": \"prueba_427ae833db\", \"resource_type\": \"image\"}','/','2024-11-13 02:21:46.274000','2024-11-13 02:21:46.274000',1,1),(35,'certificacion.jpg',NULL,NULL,816,1224,'{\"large\": {\"ext\": \".jpg\", \"url\": \"https://res.cloudinary.com/dau2qsvtr/image/upload/v1731483104/large_certificacion_9b0f564aae.jpg\", \"hash\": \"large_certificacion_9b0f564aae\", \"mime\": \"image/jpeg\", \"name\": \"large_certificacion.jpg\", \"path\": null, \"size\": 106.22, \"width\": 667, \"height\": 1000, \"provider_metadata\": {\"public_id\": \"large_certificacion_9b0f564aae\", \"resource_type\": \"image\"}}, \"small\": {\"ext\": \".jpg\", \"url\": \"https://res.cloudinary.com/dau2qsvtr/image/upload/v1731483103/small_certificacion_9b0f564aae.jpg\", \"hash\": \"small_certificacion_9b0f564aae\", \"mime\": \"image/jpeg\", \"name\": \"small_certificacion.jpg\", \"path\": null, \"size\": 35.12, \"width\": 333, \"height\": 500, \"provider_metadata\": {\"public_id\": \"small_certificacion_9b0f564aae\", \"resource_type\": \"image\"}}, \"medium\": {\"ext\": \".jpg\", \"url\": \"https://res.cloudinary.com/dau2qsvtr/image/upload/v1731483103/medium_certificacion_9b0f564aae.jpg\", \"hash\": \"medium_certificacion_9b0f564aae\", \"mime\": \"image/jpeg\", \"name\": \"medium_certificacion.jpg\", \"path\": null, \"size\": 67.2, \"width\": 500, \"height\": 750, \"provider_metadata\": {\"public_id\": \"medium_certificacion_9b0f564aae\", \"resource_type\": \"image\"}}, \"thumbnail\": {\"ext\": \".jpg\", \"url\": \"https://res.cloudinary.com/dau2qsvtr/image/upload/v1731483103/thumbnail_certificacion_9b0f564aae.jpg\", \"hash\": \"thumbnail_certificacion_9b0f564aae\", \"mime\": \"image/jpeg\", \"name\": \"thumbnail_certificacion.jpg\", \"path\": null, \"size\": 5.16, \"width\": 104, \"height\": 156, \"provider_metadata\": {\"public_id\": \"thumbnail_certificacion_9b0f564aae\", \"resource_type\": \"image\"}}}','certificacion_9b0f564aae','.jpg','image/jpeg',148.32,'https://res.cloudinary.com/dau2qsvtr/image/upload/v1731483104/certificacion_9b0f564aae.jpg',NULL,'cloudinary','{\"public_id\": \"certificacion_9b0f564aae\", \"resource_type\": \"image\"}','/','2024-11-13 02:31:44.844000','2024-11-13 02:31:44.844000',1,1),(36,'cursos.jpg',NULL,NULL,873,1233,'{\"large\": {\"ext\": \".jpg\", \"url\": \"https://res.cloudinary.com/dau2qsvtr/image/upload/v1731483342/large_cursos_5f0ea493ae.jpg\", \"hash\": \"large_cursos_5f0ea493ae\", \"mime\": \"image/jpeg\", \"name\": \"large_cursos.jpg\", \"path\": null, \"size\": 59.44, \"width\": 708, \"height\": 1000, \"provider_metadata\": {\"public_id\": \"large_cursos_5f0ea493ae\", \"resource_type\": \"image\"}}, \"small\": {\"ext\": \".jpg\", \"url\": \"https://res.cloudinary.com/dau2qsvtr/image/upload/v1731483342/small_cursos_5f0ea493ae.jpg\", \"hash\": \"small_cursos_5f0ea493ae\", \"mime\": \"image/jpeg\", \"name\": \"small_cursos.jpg\", \"path\": null, \"size\": 21.65, \"width\": 354, \"height\": 500, \"provider_metadata\": {\"public_id\": \"small_cursos_5f0ea493ae\", \"resource_type\": \"image\"}}, \"medium\": {\"ext\": \".jpg\", \"url\": \"https://res.cloudinary.com/dau2qsvtr/image/upload/v1731483341/medium_cursos_5f0ea493ae.jpg\", \"hash\": \"medium_cursos_5f0ea493ae\", \"mime\": \"image/jpeg\", \"name\": \"medium_cursos.jpg\", \"path\": null, \"size\": 39.12, \"width\": 531, \"height\": 750, \"provider_metadata\": {\"public_id\": \"medium_cursos_5f0ea493ae\", \"resource_type\": \"image\"}}, \"thumbnail\": {\"ext\": \".jpg\", \"url\": \"https://res.cloudinary.com/dau2qsvtr/image/upload/v1731483341/thumbnail_cursos_5f0ea493ae.jpg\", \"hash\": \"thumbnail_cursos_5f0ea493ae\", \"mime\": \"image/jpeg\", \"name\": \"thumbnail_cursos.jpg\", \"path\": null, \"size\": 3.76, \"width\": 110, \"height\": 156, \"provider_metadata\": {\"public_id\": \"thumbnail_cursos_5f0ea493ae\", \"resource_type\": \"image\"}}}','cursos_5f0ea493ae','.jpg','image/jpeg',81.35,'https://res.cloudinary.com/dau2qsvtr/image/upload/v1731483342/cursos_5f0ea493ae.jpg',NULL,'cloudinary','{\"public_id\": \"cursos_5f0ea493ae\", \"resource_type\": \"image\"}','/','2024-11-13 02:35:42.990000','2024-11-13 02:35:42.990000',1,1),(37,'Bolsa de trabajo.jpg',NULL,NULL,865,1233,'{\"large\": {\"ext\": \".jpg\", \"url\": \"https://res.cloudinary.com/dau2qsvtr/image/upload/v1731483542/large_Bolsa_de_trabajo_66671af523.jpg\", \"hash\": \"large_Bolsa_de_trabajo_66671af523\", \"mime\": \"image/jpeg\", \"name\": \"large_Bolsa de trabajo.jpg\", \"path\": null, \"size\": 73.54, \"width\": 702, \"height\": 1000, \"provider_metadata\": {\"public_id\": \"large_Bolsa_de_trabajo_66671af523\", \"resource_type\": \"image\"}}, \"small\": {\"ext\": \".jpg\", \"url\": \"https://res.cloudinary.com/dau2qsvtr/image/upload/v1731483542/small_Bolsa_de_trabajo_66671af523.jpg\", \"hash\": \"small_Bolsa_de_trabajo_66671af523\", \"mime\": \"image/jpeg\", \"name\": \"small_Bolsa de trabajo.jpg\", \"path\": null, \"size\": 27.95, \"width\": 351, \"height\": 500, \"provider_metadata\": {\"public_id\": \"small_Bolsa_de_trabajo_66671af523\", \"resource_type\": \"image\"}}, \"medium\": {\"ext\": \".jpg\", \"url\": \"https://res.cloudinary.com/dau2qsvtr/image/upload/v1731483542/medium_Bolsa_de_trabajo_66671af523.jpg\", \"hash\": \"medium_Bolsa_de_trabajo_66671af523\", \"mime\": \"image/jpeg\", \"name\": \"medium_Bolsa de trabajo.jpg\", \"path\": null, \"size\": 49.26, \"width\": 526, \"height\": 750, \"provider_metadata\": {\"public_id\": \"medium_Bolsa_de_trabajo_66671af523\", \"resource_type\": \"image\"}}, \"thumbnail\": {\"ext\": \".jpg\", \"url\": \"https://res.cloudinary.com/dau2qsvtr/image/upload/v1731483542/thumbnail_Bolsa_de_trabajo_66671af523.jpg\", \"hash\": \"thumbnail_Bolsa_de_trabajo_66671af523\", \"mime\": \"image/jpeg\", \"name\": \"thumbnail_Bolsa de trabajo.jpg\", \"path\": null, \"size\": 5.17, \"width\": 109, \"height\": 156, \"provider_metadata\": {\"public_id\": \"thumbnail_Bolsa_de_trabajo_66671af523\", \"resource_type\": \"image\"}}}','Bolsa_de_trabajo_66671af523','.jpg','image/jpeg',98.70,'https://res.cloudinary.com/dau2qsvtr/image/upload/v1731483543/Bolsa_de_trabajo_66671af523.jpg',NULL,'cloudinary','{\"public_id\": \"Bolsa_de_trabajo_66671af523\", \"resource_type\": \"image\"}','/','2024-11-13 02:39:03.856000','2024-11-13 02:39:03.856000',1,1),(38,'Programas de extensión.jpg',NULL,NULL,865,1234,'{\"large\": {\"ext\": \".jpg\", \"url\": \"https://res.cloudinary.com/dau2qsvtr/image/upload/v1731483668/large_Programas_de_extension_cd89598861.jpg\", \"hash\": \"large_Programas_de_extension_cd89598861\", \"mime\": \"image/jpeg\", \"name\": \"large_Programas de extensión.jpg\", \"path\": null, \"size\": 100.41, \"width\": 701, \"height\": 1000, \"provider_metadata\": {\"public_id\": \"large_Programas_de_extension_cd89598861\", \"resource_type\": \"image\"}}, \"small\": {\"ext\": \".jpg\", \"url\": \"https://res.cloudinary.com/dau2qsvtr/image/upload/v1731483668/small_Programas_de_extension_cd89598861.jpg\", \"hash\": \"small_Programas_de_extension_cd89598861\", \"mime\": \"image/jpeg\", \"name\": \"small_Programas de extensión.jpg\", \"path\": null, \"size\": 36.96, \"width\": 350, \"height\": 500, \"provider_metadata\": {\"public_id\": \"small_Programas_de_extension_cd89598861\", \"resource_type\": \"image\"}}, \"medium\": {\"ext\": \".jpg\", \"url\": \"https://res.cloudinary.com/dau2qsvtr/image/upload/v1731483668/medium_Programas_de_extension_cd89598861.jpg\", \"hash\": \"medium_Programas_de_extension_cd89598861\", \"mime\": \"image/jpeg\", \"name\": \"medium_Programas de extensión.jpg\", \"path\": null, \"size\": 66.54, \"width\": 526, \"height\": 750, \"provider_metadata\": {\"public_id\": \"medium_Programas_de_extension_cd89598861\", \"resource_type\": \"image\"}}, \"thumbnail\": {\"ext\": \".jpg\", \"url\": \"https://res.cloudinary.com/dau2qsvtr/image/upload/v1731483667/thumbnail_Programas_de_extension_cd89598861.jpg\", \"hash\": \"thumbnail_Programas_de_extension_cd89598861\", \"mime\": \"image/jpeg\", \"name\": \"thumbnail_Programas de extensión.jpg\", \"path\": null, \"size\": 6.08, \"width\": 109, \"height\": 156, \"provider_metadata\": {\"public_id\": \"thumbnail_Programas_de_extension_cd89598861\", \"resource_type\": \"image\"}}}','Programas_de_extension_cd89598861','.jpg','image/jpeg',137.59,'https://res.cloudinary.com/dau2qsvtr/image/upload/v1731483668/Programas_de_extension_cd89598861.jpg',NULL,'cloudinary','{\"public_id\": \"Programas_de_extension_cd89598861\", \"resource_type\": \"image\"}','/','2024-11-13 02:41:08.755000','2024-11-13 02:41:08.755000',1,1),(39,'Programas de extensión.jpg',NULL,NULL,865,1234,'{\"large\": {\"ext\": \".jpg\", \"url\": \"https://res.cloudinary.com/dau2qsvtr/image/upload/v1731483768/large_Programas_de_extension_03af0a13f7.jpg\", \"hash\": \"large_Programas_de_extension_03af0a13f7\", \"mime\": \"image/jpeg\", \"name\": \"large_Programas de extensión.jpg\", \"path\": null, \"size\": 100.41, \"width\": 701, \"height\": 1000, \"provider_metadata\": {\"public_id\": \"large_Programas_de_extension_03af0a13f7\", \"resource_type\": \"image\"}}, \"small\": {\"ext\": \".jpg\", \"url\": \"https://res.cloudinary.com/dau2qsvtr/image/upload/v1731483767/small_Programas_de_extension_03af0a13f7.jpg\", \"hash\": \"small_Programas_de_extension_03af0a13f7\", \"mime\": \"image/jpeg\", \"name\": \"small_Programas de extensión.jpg\", \"path\": null, \"size\": 36.96, \"width\": 350, \"height\": 500, \"provider_metadata\": {\"public_id\": \"small_Programas_de_extension_03af0a13f7\", \"resource_type\": \"image\"}}, \"medium\": {\"ext\": \".jpg\", \"url\": \"https://res.cloudinary.com/dau2qsvtr/image/upload/v1731483768/medium_Programas_de_extension_03af0a13f7.jpg\", \"hash\": \"medium_Programas_de_extension_03af0a13f7\", \"mime\": \"image/jpeg\", \"name\": \"medium_Programas de extensión.jpg\", \"path\": null, \"size\": 66.54, \"width\": 526, \"height\": 750, \"provider_metadata\": {\"public_id\": \"medium_Programas_de_extension_03af0a13f7\", \"resource_type\": \"image\"}}, \"thumbnail\": {\"ext\": \".jpg\", \"url\": \"https://res.cloudinary.com/dau2qsvtr/image/upload/v1731483767/thumbnail_Programas_de_extension_03af0a13f7.jpg\", \"hash\": \"thumbnail_Programas_de_extension_03af0a13f7\", \"mime\": \"image/jpeg\", \"name\": \"thumbnail_Programas de extensión.jpg\", \"path\": null, \"size\": 6.08, \"width\": 109, \"height\": 156, \"provider_metadata\": {\"public_id\": \"thumbnail_Programas_de_extension_03af0a13f7\", \"resource_type\": \"image\"}}}','Programas_de_extension_03af0a13f7','.jpg','image/jpeg',137.59,'https://res.cloudinary.com/dau2qsvtr/image/upload/v1731483768/Programas_de_extension_03af0a13f7.jpg',NULL,'cloudinary','{\"public_id\": \"Programas_de_extension_03af0a13f7\", \"resource_type\": \"image\"}','/','2024-11-13 02:42:48.648000','2024-11-13 02:42:48.648000',1,1),(42,'students.png',NULL,NULL,1029,1040,'{\"large\": {\"ext\": \".png\", \"url\": \"https://res.cloudinary.com/dau2qsvtr/image/upload/v1731493705/large_students_4731885130.png\", \"hash\": \"large_students_4731885130\", \"mime\": \"image/png\", \"name\": \"large_students.png\", \"path\": null, \"size\": 1137.02, \"width\": 989, \"height\": 1000, \"provider_metadata\": {\"public_id\": \"large_students_4731885130\", \"resource_type\": \"image\"}}, \"small\": {\"ext\": \".png\", \"url\": \"https://res.cloudinary.com/dau2qsvtr/image/upload/v1731493704/small_students_4731885130.png\", \"hash\": \"small_students_4731885130\", \"mime\": \"image/png\", \"name\": \"small_students.png\", \"path\": null, \"size\": 335.84, \"width\": 495, \"height\": 500, \"provider_metadata\": {\"public_id\": \"small_students_4731885130\", \"resource_type\": \"image\"}}, \"medium\": {\"ext\": \".png\", \"url\": \"https://res.cloudinary.com/dau2qsvtr/image/upload/v1731493704/medium_students_4731885130.png\", \"hash\": \"medium_students_4731885130\", \"mime\": \"image/png\", \"name\": \"medium_students.png\", \"path\": null, \"size\": 699.12, \"width\": 742, \"height\": 750, \"provider_metadata\": {\"public_id\": \"medium_students_4731885130\", \"resource_type\": \"image\"}}, \"thumbnail\": {\"ext\": \".png\", \"url\": \"https://res.cloudinary.com/dau2qsvtr/image/upload/v1731493704/thumbnail_students_4731885130.png\", \"hash\": \"thumbnail_students_4731885130\", \"mime\": \"image/png\", \"name\": \"thumbnail_students.png\", \"path\": null, \"size\": 43.61, \"width\": 154, \"height\": 156, \"provider_metadata\": {\"public_id\": \"thumbnail_students_4731885130\", \"resource_type\": \"image\"}}}','students_4731885130','.png','image/png',246.48,'https://res.cloudinary.com/dau2qsvtr/image/upload/v1731493704/students_4731885130.png',NULL,'cloudinary','{\"public_id\": \"students_4731885130\", \"resource_type\": \"image\"}','/','2024-11-13 05:28:25.815000','2024-11-13 05:28:25.815000',1,1),(43,'Sin título 2.jpg',NULL,NULL,757,365,'{\"small\": {\"ext\": \".jpg\", \"url\": \"https://res.cloudinary.com/dau2qsvtr/image/upload/v1731865093/small_Sin_titulo_2_0a884c35af.jpg\", \"hash\": \"small_Sin_titulo_2_0a884c35af\", \"mime\": \"image/jpeg\", \"name\": \"small_Sin título 2.jpg\", \"path\": null, \"size\": 24.77, \"width\": 500, \"height\": 241, \"provider_metadata\": {\"public_id\": \"small_Sin_titulo_2_0a884c35af\", \"resource_type\": \"image\"}}, \"medium\": {\"ext\": \".jpg\", \"url\": \"https://res.cloudinary.com/dau2qsvtr/image/upload/v1731865093/medium_Sin_titulo_2_0a884c35af.jpg\", \"hash\": \"medium_Sin_titulo_2_0a884c35af\", \"mime\": \"image/jpeg\", \"name\": \"medium_Sin título 2.jpg\", \"path\": null, \"size\": 46.61, \"width\": 750, \"height\": 362, \"provider_metadata\": {\"public_id\": \"medium_Sin_titulo_2_0a884c35af\", \"resource_type\": \"image\"}}, \"thumbnail\": {\"ext\": \".jpg\", \"url\": \"https://res.cloudinary.com/dau2qsvtr/image/upload/v1731865093/thumbnail_Sin_titulo_2_0a884c35af.jpg\", \"hash\": \"thumbnail_Sin_titulo_2_0a884c35af\", \"mime\": \"image/jpeg\", \"name\": \"thumbnail_Sin título 2.jpg\", \"path\": null, \"size\": 8.07, \"width\": 245, \"height\": 118, \"provider_metadata\": {\"public_id\": \"thumbnail_Sin_titulo_2_0a884c35af\", \"resource_type\": \"image\"}}}','Sin_titulo_2_0a884c35af','.jpg','image/jpeg',46.82,'https://res.cloudinary.com/dau2qsvtr/image/upload/v1731865093/Sin_titulo_2_0a884c35af.jpg',NULL,'cloudinary','{\"public_id\": \"Sin_titulo_2_0a884c35af\", \"resource_type\": \"image\"}','/','2024-11-17 12:38:13.883000','2024-11-17 12:38:13.883000',1,1),(44,'467150039_1090162606445428_6494665136922802372_n.jpg',NULL,NULL,1080,1080,'{\"large\": {\"ext\": \".jpg\", \"url\": \"https://res.cloudinary.com/dau2qsvtr/image/upload/v1731944705/large_467150039_1090162606445428_6494665136922802372_n_0af4f08164.jpg\", \"hash\": \"large_467150039_1090162606445428_6494665136922802372_n_0af4f08164\", \"mime\": \"image/jpeg\", \"name\": \"large_467150039_1090162606445428_6494665136922802372_n.jpg\", \"path\": null, \"size\": 104.05, \"width\": 1000, \"height\": 1000, \"provider_metadata\": {\"public_id\": \"large_467150039_1090162606445428_6494665136922802372_n_0af4f08164\", \"resource_type\": \"image\"}}, \"small\": {\"ext\": \".jpg\", \"url\": \"https://res.cloudinary.com/dau2qsvtr/image/upload/v1731944704/small_467150039_1090162606445428_6494665136922802372_n_0af4f08164.jpg\", \"hash\": \"small_467150039_1090162606445428_6494665136922802372_n_0af4f08164\", \"mime\": \"image/jpeg\", \"name\": \"small_467150039_1090162606445428_6494665136922802372_n.jpg\", \"path\": null, \"size\": 40.35, \"width\": 500, \"height\": 500, \"provider_metadata\": {\"public_id\": \"small_467150039_1090162606445428_6494665136922802372_n_0af4f08164\", \"resource_type\": \"image\"}}, \"medium\": {\"ext\": \".jpg\", \"url\": \"https://res.cloudinary.com/dau2qsvtr/image/upload/v1731944704/medium_467150039_1090162606445428_6494665136922802372_n_0af4f08164.jpg\", \"hash\": \"medium_467150039_1090162606445428_6494665136922802372_n_0af4f08164\", \"mime\": \"image/jpeg\", \"name\": \"medium_467150039_1090162606445428_6494665136922802372_n.jpg\", \"path\": null, \"size\": 71.23, \"width\": 750, \"height\": 750, \"provider_metadata\": {\"public_id\": \"medium_467150039_1090162606445428_6494665136922802372_n_0af4f08164\", \"resource_type\": \"image\"}}, \"thumbnail\": {\"ext\": \".jpg\", \"url\": \"https://res.cloudinary.com/dau2qsvtr/image/upload/v1731944704/thumbnail_467150039_1090162606445428_6494665136922802372_n_0af4f08164.jpg\", \"hash\": \"thumbnail_467150039_1090162606445428_6494665136922802372_n_0af4f08164\", \"mime\": \"image/jpeg\", \"name\": \"thumbnail_467150039_1090162606445428_6494665136922802372_n.jpg\", \"path\": null, \"size\": 6.7, \"width\": 156, \"height\": 156, \"provider_metadata\": {\"public_id\": \"thumbnail_467150039_1090162606445428_6494665136922802372_n_0af4f08164\", \"resource_type\": \"image\"}}}','467150039_1090162606445428_6494665136922802372_n_0af4f08164','.jpg','image/jpeg',99.75,'https://res.cloudinary.com/dau2qsvtr/image/upload/v1731944704/467150039_1090162606445428_6494665136922802372_n_0af4f08164.jpg',NULL,'cloudinary','{\"public_id\": \"467150039_1090162606445428_6494665136922802372_n_0af4f08164\", \"resource_type\": \"image\"}','/','2024-11-18 10:45:05.676000','2024-11-18 10:45:05.676000',1,1),(45,'465770490_1083892130405809_7877096981380600209_n.jpg',NULL,NULL,1280,720,'{\"large\": {\"ext\": \".jpg\", \"url\": \"https://res.cloudinary.com/dau2qsvtr/image/upload/v1732009851/large_465770490_1083892130405809_7877096981380600209_n_fe3414e2d3.jpg\", \"hash\": \"large_465770490_1083892130405809_7877096981380600209_n_fe3414e2d3\", \"mime\": \"image/jpeg\", \"name\": \"large_465770490_1083892130405809_7877096981380600209_n.jpg\", \"path\": null, \"size\": 112.84, \"width\": 1000, \"height\": 563, \"provider_metadata\": {\"public_id\": \"large_465770490_1083892130405809_7877096981380600209_n_fe3414e2d3\", \"resource_type\": \"image\"}}, \"small\": {\"ext\": \".jpg\", \"url\": \"https://res.cloudinary.com/dau2qsvtr/image/upload/v1732009851/small_465770490_1083892130405809_7877096981380600209_n_fe3414e2d3.jpg\", \"hash\": \"small_465770490_1083892130405809_7877096981380600209_n_fe3414e2d3\", \"mime\": \"image/jpeg\", \"name\": \"small_465770490_1083892130405809_7877096981380600209_n.jpg\", \"path\": null, \"size\": 38.32, \"width\": 500, \"height\": 281, \"provider_metadata\": {\"public_id\": \"small_465770490_1083892130405809_7877096981380600209_n_fe3414e2d3\", \"resource_type\": \"image\"}}, \"medium\": {\"ext\": \".jpg\", \"url\": \"https://res.cloudinary.com/dau2qsvtr/image/upload/v1732009851/medium_465770490_1083892130405809_7877096981380600209_n_fe3414e2d3.jpg\", \"hash\": \"medium_465770490_1083892130405809_7877096981380600209_n_fe3414e2d3\", \"mime\": \"image/jpeg\", \"name\": \"medium_465770490_1083892130405809_7877096981380600209_n.jpg\", \"path\": null, \"size\": 72.66, \"width\": 750, \"height\": 422, \"provider_metadata\": {\"public_id\": \"medium_465770490_1083892130405809_7877096981380600209_n_fe3414e2d3\", \"resource_type\": \"image\"}}, \"thumbnail\": {\"ext\": \".jpg\", \"url\": \"https://res.cloudinary.com/dau2qsvtr/image/upload/v1732009851/thumbnail_465770490_1083892130405809_7877096981380600209_n_fe3414e2d3.jpg\", \"hash\": \"thumbnail_465770490_1083892130405809_7877096981380600209_n_fe3414e2d3\", \"mime\": \"image/jpeg\", \"name\": \"thumbnail_465770490_1083892130405809_7877096981380600209_n.jpg\", \"path\": null, \"size\": 11.23, \"width\": 245, \"height\": 138, \"provider_metadata\": {\"public_id\": \"thumbnail_465770490_1083892130405809_7877096981380600209_n_fe3414e2d3\", \"resource_type\": \"image\"}}}','465770490_1083892130405809_7877096981380600209_n_fe3414e2d3','.jpg','image/jpeg',113.47,'https://res.cloudinary.com/dau2qsvtr/image/upload/v1732009851/465770490_1083892130405809_7877096981380600209_n_fe3414e2d3.jpg',NULL,'cloudinary','{\"public_id\": \"465770490_1083892130405809_7877096981380600209_n_fe3414e2d3\", \"resource_type\": \"image\"}','/','2024-11-19 04:50:51.833000','2024-11-19 04:50:51.833000',1,1),(46,'464868591_1077437207717968_6832426247653265094_n.jpg',NULL,NULL,526,526,'{\"small\": {\"ext\": \".jpg\", \"url\": \"https://res.cloudinary.com/dau2qsvtr/image/upload/v1732010991/small_464868591_1077437207717968_6832426247653265094_n_fb0687639d.jpg\", \"hash\": \"small_464868591_1077437207717968_6832426247653265094_n_fb0687639d\", \"mime\": \"image/jpeg\", \"name\": \"small_464868591_1077437207717968_6832426247653265094_n.jpg\", \"path\": null, \"size\": 37.01, \"width\": 500, \"height\": 500, \"provider_metadata\": {\"public_id\": \"small_464868591_1077437207717968_6832426247653265094_n_fb0687639d\", \"resource_type\": \"image\"}}, \"thumbnail\": {\"ext\": \".jpg\", \"url\": \"https://res.cloudinary.com/dau2qsvtr/image/upload/v1732010991/thumbnail_464868591_1077437207717968_6832426247653265094_n_fb0687639d.jpg\", \"hash\": \"thumbnail_464868591_1077437207717968_6832426247653265094_n_fb0687639d\", \"mime\": \"image/jpeg\", \"name\": \"thumbnail_464868591_1077437207717968_6832426247653265094_n.jpg\", \"path\": null, \"size\": 6.81, \"width\": 156, \"height\": 156, \"provider_metadata\": {\"public_id\": \"thumbnail_464868591_1077437207717968_6832426247653265094_n_fb0687639d\", \"resource_type\": \"image\"}}}','464868591_1077437207717968_6832426247653265094_n_fb0687639d','.jpg','image/jpeg',38.44,'https://res.cloudinary.com/dau2qsvtr/image/upload/v1732010991/464868591_1077437207717968_6832426247653265094_n_fb0687639d.jpg',NULL,'cloudinary','{\"public_id\": \"464868591_1077437207717968_6832426247653265094_n_fb0687639d\", \"resource_type\": \"image\"}','/','2024-11-19 05:09:52.156000','2024-11-19 05:09:52.156000',1,1);
/*!40000 ALTER TABLE `files` ENABLE KEYS */;
UNLOCK TABLES;

--
-- Table structure for table `files_folder_links`
--

DROP TABLE IF EXISTS `files_folder_links`;
/*!40101 SET @saved_cs_client     = @@character_set_client */;
/*!50503 SET character_set_client = utf8mb4 */;
CREATE TABLE `files_folder_links` (
  `id` int unsigned NOT NULL AUTO_INCREMENT,
  `file_id` int unsigned DEFAULT NULL,
  `folder_id` int unsigned DEFAULT NULL,
  `file_order` double unsigned DEFAULT NULL,
  PRIMARY KEY (`id`),
  UNIQUE KEY `files_folder_links_unique` (`file_id`,`folder_id`),
  KEY `files_folder_links_fk` (`file_id`),
  KEY `files_folder_links_inv_fk` (`folder_id`),
  KEY `files_folder_links_order_inv_fk` (`file_order`),
  CONSTRAINT `files_folder_links_fk` FOREIGN KEY (`file_id`) REFERENCES `files` (`id`) ON DELETE CASCADE,
  CONSTRAINT `files_folder_links_inv_fk` FOREIGN KEY (`folder_id`) REFERENCES `upload_folders` (`id`) ON DELETE CASCADE
) ENGINE=InnoDB DEFAULT CHARSET=utf8mb4 COLLATE=utf8mb4_0900_ai_ci;
/*!40101 SET character_set_client = @saved_cs_client */;

--
-- Dumping data for table `files_folder_links`
--

LOCK TABLES `files_folder_links` WRITE;
/*!40000 ALTER TABLE `files_folder_links` DISABLE KEYS */;
/*!40000 ALTER TABLE `files_folder_links` ENABLE KEYS */;
UNLOCK TABLES;

--
-- Table structure for table `files_related_morphs`
--

DROP TABLE IF EXISTS `files_related_morphs`;
/*!40101 SET @saved_cs_client     = @@character_set_client */;
/*!50503 SET character_set_client = utf8mb4 */;
CREATE TABLE `files_related_morphs` (
  `id` int unsigned NOT NULL AUTO_INCREMENT,
  `file_id` int unsigned DEFAULT NULL,
  `related_id` int unsigned DEFAULT NULL,
  `related_type` varchar(255) DEFAULT NULL,
  `field` varchar(255) DEFAULT NULL,
  `order` double unsigned DEFAULT NULL,
  PRIMARY KEY (`id`),
  KEY `files_related_morphs_fk` (`file_id`),
  KEY `files_related_morphs_order_index` (`order`),
  KEY `files_related_morphs_id_column_index` (`related_id`),
  CONSTRAINT `files_related_morphs_fk` FOREIGN KEY (`file_id`) REFERENCES `files` (`id`) ON DELETE CASCADE
) ENGINE=InnoDB AUTO_INCREMENT=276 DEFAULT CHARSET=utf8mb4 COLLATE=utf8mb4_0900_ai_ci;
/*!40101 SET character_set_client = @saved_cs_client */;

--
-- Dumping data for table `files_related_morphs`
--

LOCK TABLES `files_related_morphs` WRITE;
/*!40000 ALTER TABLE `files_related_morphs` DISABLE KEYS */;
INSERT INTO `files_related_morphs` VALUES (144,22,1,'api::especialidad.especialidad','logo',1),(146,24,3,'api::especialidad.especialidad','logo',1),(150,28,5,'api::especialidad.especialidad','logo',1),(153,30,7,'api::especialidad.especialidad','logo',1),(154,29,6,'api::especialidad.especialidad','logo',1),(155,27,4,'api::especialidad.especialidad','logo',1),(156,20,2,'api::especialidad.especialidad','logo',1),(253,44,2,'shared.seo','metaImage',1),(254,44,1,'api::blog-post.blog-post','image',1),(255,14,1,'admision.admision-banner','image',1),(256,32,5,'admision.razones','logo',1),(257,33,6,'admision.razones','logo',1),(258,34,7,'admision.razones','logo',1),(259,42,2,'admision.admision-estudia-con-nosotros','image',1),(260,35,4,'admision.card-destacado','image',1),(261,36,5,'admision.card-destacado','image',1),(262,37,6,'admision.card-destacado','image',1),(263,39,7,'admision.card-destacado','image',1),(264,43,1,'shared.meta-social','image',1),(265,43,1,'shared.seo','metaImage',1),(266,4,1,'informacion.informacion','logo',1),(267,2,1,'informacion.informacion','logo',2),(273,46,3,'api::blog-post.blog-post','image',1),(275,45,2,'api::blog-post.blog-post','image',1);
/*!40000 ALTER TABLE `files_related_morphs` ENABLE KEYS */;
UNLOCK TABLES;

--
-- Table structure for table `generals`
--

DROP TABLE IF EXISTS `generals`;
/*!40101 SET @saved_cs_client     = @@character_set_client */;
/*!50503 SET character_set_client = utf8mb4 */;
CREATE TABLE `generals` (
  `id` int unsigned NOT NULL AUTO_INCREMENT,
  `created_at` datetime(6) DEFAULT NULL,
  `updated_at` datetime(6) DEFAULT NULL,
  `published_at` datetime(6) DEFAULT NULL,
  `created_by_id` int unsigned DEFAULT NULL,
  `updated_by_id` int unsigned DEFAULT NULL,
  PRIMARY KEY (`id`),
  KEY `generals_created_by_id_fk` (`created_by_id`),
  KEY `generals_updated_by_id_fk` (`updated_by_id`),
  CONSTRAINT `generals_created_by_id_fk` FOREIGN KEY (`created_by_id`) REFERENCES `admin_users` (`id`) ON DELETE SET NULL,
  CONSTRAINT `generals_updated_by_id_fk` FOREIGN KEY (`updated_by_id`) REFERENCES `admin_users` (`id`) ON DELETE SET NULL
) ENGINE=InnoDB AUTO_INCREMENT=2 DEFAULT CHARSET=utf8mb4 COLLATE=utf8mb4_0900_ai_ci;
/*!40101 SET character_set_client = @saved_cs_client */;

--
-- Dumping data for table `generals`
--

LOCK TABLES `generals` WRITE;
/*!40000 ALTER TABLE `generals` DISABLE KEYS */;
INSERT INTO `generals` VALUES (1,'2024-03-05 13:35:18.648000','2024-11-19 03:15:18.617000','2024-03-05 13:38:55.821000',1,1);
/*!40000 ALTER TABLE `generals` ENABLE KEYS */;
UNLOCK TABLES;

--
-- Table structure for table `generals_components`
--

DROP TABLE IF EXISTS `generals_components`;
/*!40101 SET @saved_cs_client     = @@character_set_client */;
/*!50503 SET character_set_client = utf8mb4 */;
CREATE TABLE `generals_components` (
  `id` int unsigned NOT NULL AUTO_INCREMENT,
  `entity_id` int unsigned DEFAULT NULL,
  `component_id` int unsigned DEFAULT NULL,
  `component_type` varchar(255) DEFAULT NULL,
  `field` varchar(255) DEFAULT NULL,
  `order` double unsigned DEFAULT NULL,
  PRIMARY KEY (`id`),
  UNIQUE KEY `generals_unique` (`entity_id`,`component_id`,`field`,`component_type`),
  KEY `generals_field_index` (`field`),
  KEY `generals_component_type_index` (`component_type`),
  KEY `generals_entity_fk` (`entity_id`),
  CONSTRAINT `generals_entity_fk` FOREIGN KEY (`entity_id`) REFERENCES `generals` (`id`) ON DELETE CASCADE
) ENGINE=InnoDB AUTO_INCREMENT=16 DEFAULT CHARSET=utf8mb4 COLLATE=utf8mb4_0900_ai_ci;
/*!40101 SET character_set_client = @saved_cs_client */;

--
-- Dumping data for table `generals_components`
--

LOCK TABLES `generals_components` WRITE;
/*!40000 ALTER TABLE `generals_components` DISABLE KEYS */;
INSERT INTO `generals_components` VALUES (1,1,1,'informacion.informacion','informacion',NULL),(5,1,1,'labels.labels','label_buttons',NULL),(15,1,1,'footer.footer','Footer',NULL);
/*!40000 ALTER TABLE `generals_components` ENABLE KEYS */;
UNLOCK TABLES;

--
-- Table structure for table `i18n_locale`
--

DROP TABLE IF EXISTS `i18n_locale`;
/*!40101 SET @saved_cs_client     = @@character_set_client */;
/*!50503 SET character_set_client = utf8mb4 */;
CREATE TABLE `i18n_locale` (
  `id` int unsigned NOT NULL AUTO_INCREMENT,
  `name` varchar(255) DEFAULT NULL,
  `code` varchar(255) DEFAULT NULL,
  `created_at` datetime(6) DEFAULT NULL,
  `updated_at` datetime(6) DEFAULT NULL,
  `created_by_id` int unsigned DEFAULT NULL,
  `updated_by_id` int unsigned DEFAULT NULL,
  PRIMARY KEY (`id`),
  KEY `i18n_locale_created_by_id_fk` (`created_by_id`),
  KEY `i18n_locale_updated_by_id_fk` (`updated_by_id`),
  CONSTRAINT `i18n_locale_created_by_id_fk` FOREIGN KEY (`created_by_id`) REFERENCES `admin_users` (`id`) ON DELETE SET NULL,
  CONSTRAINT `i18n_locale_updated_by_id_fk` FOREIGN KEY (`updated_by_id`) REFERENCES `admin_users` (`id`) ON DELETE SET NULL
) ENGINE=InnoDB AUTO_INCREMENT=2 DEFAULT CHARSET=utf8mb4 COLLATE=utf8mb4_0900_ai_ci;
/*!40101 SET character_set_client = @saved_cs_client */;

--
-- Dumping data for table `i18n_locale`
--

LOCK TABLES `i18n_locale` WRITE;
/*!40000 ALTER TABLE `i18n_locale` DISABLE KEYS */;
INSERT INTO `i18n_locale` VALUES (1,'English (en)','en','2024-03-05 11:38:07.603000','2024-03-05 11:38:07.603000',NULL,NULL);
/*!40000 ALTER TABLE `i18n_locale` ENABLE KEYS */;
UNLOCK TABLES;

--
-- Table structure for table `strapi_api_token_permissions`
--

DROP TABLE IF EXISTS `strapi_api_token_permissions`;
/*!40101 SET @saved_cs_client     = @@character_set_client */;
/*!50503 SET character_set_client = utf8mb4 */;
CREATE TABLE `strapi_api_token_permissions` (
  `id` int unsigned NOT NULL AUTO_INCREMENT,
  `action` varchar(255) DEFAULT NULL,
  `created_at` datetime(6) DEFAULT NULL,
  `updated_at` datetime(6) DEFAULT NULL,
  `created_by_id` int unsigned DEFAULT NULL,
  `updated_by_id` int unsigned DEFAULT NULL,
  PRIMARY KEY (`id`),
  KEY `strapi_api_token_permissions_created_by_id_fk` (`created_by_id`),
  KEY `strapi_api_token_permissions_updated_by_id_fk` (`updated_by_id`),
  CONSTRAINT `strapi_api_token_permissions_created_by_id_fk` FOREIGN KEY (`created_by_id`) REFERENCES `admin_users` (`id`) ON DELETE SET NULL,
  CONSTRAINT `strapi_api_token_permissions_updated_by_id_fk` FOREIGN KEY (`updated_by_id`) REFERENCES `admin_users` (`id`) ON DELETE SET NULL
) ENGINE=InnoDB DEFAULT CHARSET=utf8mb4 COLLATE=utf8mb4_0900_ai_ci;
/*!40101 SET character_set_client = @saved_cs_client */;

--
-- Dumping data for table `strapi_api_token_permissions`
--

LOCK TABLES `strapi_api_token_permissions` WRITE;
/*!40000 ALTER TABLE `strapi_api_token_permissions` DISABLE KEYS */;
/*!40000 ALTER TABLE `strapi_api_token_permissions` ENABLE KEYS */;
UNLOCK TABLES;

--
-- Table structure for table `strapi_api_token_permissions_token_links`
--

DROP TABLE IF EXISTS `strapi_api_token_permissions_token_links`;
/*!40101 SET @saved_cs_client     = @@character_set_client */;
/*!50503 SET character_set_client = utf8mb4 */;
CREATE TABLE `strapi_api_token_permissions_token_links` (
  `id` int unsigned NOT NULL AUTO_INCREMENT,
  `api_token_permission_id` int unsigned DEFAULT NULL,
  `api_token_id` int unsigned DEFAULT NULL,
  `api_token_permission_order` double unsigned DEFAULT NULL,
  PRIMARY KEY (`id`),
  UNIQUE KEY `strapi_api_token_permissions_token_links_unique` (`api_token_permission_id`,`api_token_id`),
  KEY `strapi_api_token_permissions_token_links_fk` (`api_token_permission_id`),
  KEY `strapi_api_token_permissions_token_links_inv_fk` (`api_token_id`),
  KEY `strapi_api_token_permissions_token_links_order_inv_fk` (`api_token_permission_order`),
  CONSTRAINT `strapi_api_token_permissions_token_links_fk` FOREIGN KEY (`api_token_permission_id`) REFERENCES `strapi_api_token_permissions` (`id`) ON DELETE CASCADE,
  CONSTRAINT `strapi_api_token_permissions_token_links_inv_fk` FOREIGN KEY (`api_token_id`) REFERENCES `strapi_api_tokens` (`id`) ON DELETE CASCADE
) ENGINE=InnoDB DEFAULT CHARSET=utf8mb4 COLLATE=utf8mb4_0900_ai_ci;
/*!40101 SET character_set_client = @saved_cs_client */;

--
-- Dumping data for table `strapi_api_token_permissions_token_links`
--

LOCK TABLES `strapi_api_token_permissions_token_links` WRITE;
/*!40000 ALTER TABLE `strapi_api_token_permissions_token_links` DISABLE KEYS */;
/*!40000 ALTER TABLE `strapi_api_token_permissions_token_links` ENABLE KEYS */;
UNLOCK TABLES;

--
-- Table structure for table `strapi_api_tokens`
--

DROP TABLE IF EXISTS `strapi_api_tokens`;
/*!40101 SET @saved_cs_client     = @@character_set_client */;
/*!50503 SET character_set_client = utf8mb4 */;
CREATE TABLE `strapi_api_tokens` (
  `id` int unsigned NOT NULL AUTO_INCREMENT,
  `name` varchar(255) DEFAULT NULL,
  `description` varchar(255) DEFAULT NULL,
  `type` varchar(255) DEFAULT NULL,
  `access_key` varchar(255) DEFAULT NULL,
  `last_used_at` datetime(6) DEFAULT NULL,
  `expires_at` datetime(6) DEFAULT NULL,
  `lifespan` bigint DEFAULT NULL,
  `created_at` datetime(6) DEFAULT NULL,
  `updated_at` datetime(6) DEFAULT NULL,
  `created_by_id` int unsigned DEFAULT NULL,
  `updated_by_id` int unsigned DEFAULT NULL,
  PRIMARY KEY (`id`),
  KEY `strapi_api_tokens_created_by_id_fk` (`created_by_id`),
  KEY `strapi_api_tokens_updated_by_id_fk` (`updated_by_id`),
  CONSTRAINT `strapi_api_tokens_created_by_id_fk` FOREIGN KEY (`created_by_id`) REFERENCES `admin_users` (`id`) ON DELETE SET NULL,
  CONSTRAINT `strapi_api_tokens_updated_by_id_fk` FOREIGN KEY (`updated_by_id`) REFERENCES `admin_users` (`id`) ON DELETE SET NULL
) ENGINE=InnoDB DEFAULT CHARSET=utf8mb4 COLLATE=utf8mb4_0900_ai_ci;
/*!40101 SET character_set_client = @saved_cs_client */;

--
-- Dumping data for table `strapi_api_tokens`
--

LOCK TABLES `strapi_api_tokens` WRITE;
/*!40000 ALTER TABLE `strapi_api_tokens` DISABLE KEYS */;
/*!40000 ALTER TABLE `strapi_api_tokens` ENABLE KEYS */;
UNLOCK TABLES;

--
-- Table structure for table `strapi_core_store_settings`
--

DROP TABLE IF EXISTS `strapi_core_store_settings`;
/*!40101 SET @saved_cs_client     = @@character_set_client */;
/*!50503 SET character_set_client = utf8mb4 */;
CREATE TABLE `strapi_core_store_settings` (
  `id` int unsigned NOT NULL AUTO_INCREMENT,
  `key` varchar(255) DEFAULT NULL,
  `value` longtext,
  `type` varchar(255) DEFAULT NULL,
  `environment` varchar(255) DEFAULT NULL,
  `tag` varchar(255) DEFAULT NULL,
  PRIMARY KEY (`id`)
) ENGINE=InnoDB AUTO_INCREMENT=56 DEFAULT CHARSET=utf8mb4 COLLATE=utf8mb4_0900_ai_ci;
/*!40101 SET character_set_client = @saved_cs_client */;

--
-- Dumping data for table `strapi_core_store_settings`
--

LOCK TABLES `strapi_core_store_settings` WRITE;
/*!40000 ALTER TABLE `strapi_core_store_settings` DISABLE KEYS */;
INSERT INTO `strapi_core_store_settings` VALUES (1,'strapi_content_types_schema','{\"admin::permission\":{\"collectionName\":\"admin_permissions\",\"info\":{\"name\":\"Permission\",\"description\":\"\",\"singularName\":\"permission\",\"pluralName\":\"permissions\",\"displayName\":\"Permission\"},\"options\":{},\"pluginOptions\":{\"content-manager\":{\"visible\":false},\"content-type-builder\":{\"visible\":false}},\"attributes\":{\"action\":{\"type\":\"string\",\"minLength\":1,\"configurable\":false,\"required\":true},\"actionParameters\":{\"type\":\"json\",\"configurable\":false,\"required\":false,\"default\":{}},\"subject\":{\"type\":\"string\",\"minLength\":1,\"configurable\":false,\"required\":false},\"properties\":{\"type\":\"json\",\"configurable\":false,\"required\":false,\"default\":{}},\"conditions\":{\"type\":\"json\",\"configurable\":false,\"required\":false,\"default\":[]},\"role\":{\"configurable\":false,\"type\":\"relation\",\"relation\":\"manyToOne\",\"inversedBy\":\"permissions\",\"target\":\"admin::role\"},\"createdAt\":{\"type\":\"datetime\"},\"updatedAt\":{\"type\":\"datetime\"},\"createdBy\":{\"type\":\"relation\",\"relation\":\"oneToOne\",\"target\":\"admin::user\",\"configurable\":false,\"writable\":false,\"visible\":false,\"useJoinTable\":false,\"private\":true},\"updatedBy\":{\"type\":\"relation\",\"relation\":\"oneToOne\",\"target\":\"admin::user\",\"configurable\":false,\"writable\":false,\"visible\":false,\"useJoinTable\":false,\"private\":true}},\"kind\":\"collectionType\",\"__schema__\":{\"collectionName\":\"admin_permissions\",\"info\":{\"name\":\"Permission\",\"description\":\"\",\"singularName\":\"permission\",\"pluralName\":\"permissions\",\"displayName\":\"Permission\"},\"options\":{},\"pluginOptions\":{\"content-manager\":{\"visible\":false},\"content-type-builder\":{\"visible\":false}},\"attributes\":{\"action\":{\"type\":\"string\",\"minLength\":1,\"configurable\":false,\"required\":true},\"actionParameters\":{\"type\":\"json\",\"configurable\":false,\"required\":false,\"default\":{}},\"subject\":{\"type\":\"string\",\"minLength\":1,\"configurable\":false,\"required\":false},\"properties\":{\"type\":\"json\",\"configurable\":false,\"required\":false,\"default\":{}},\"conditions\":{\"type\":\"json\",\"configurable\":false,\"required\":false,\"default\":[]},\"role\":{\"configurable\":false,\"type\":\"relation\",\"relation\":\"manyToOne\",\"inversedBy\":\"permissions\",\"target\":\"admin::role\"}},\"kind\":\"collectionType\"},\"modelType\":\"contentType\",\"modelName\":\"permission\",\"connection\":\"default\",\"uid\":\"admin::permission\",\"plugin\":\"admin\",\"globalId\":\"AdminPermission\"},\"admin::user\":{\"collectionName\":\"admin_users\",\"info\":{\"name\":\"User\",\"description\":\"\",\"singularName\":\"user\",\"pluralName\":\"users\",\"displayName\":\"User\"},\"pluginOptions\":{\"content-manager\":{\"visible\":false},\"content-type-builder\":{\"visible\":false}},\"attributes\":{\"firstname\":{\"type\":\"string\",\"unique\":false,\"minLength\":1,\"configurable\":false,\"required\":false},\"lastname\":{\"type\":\"string\",\"unique\":false,\"minLength\":1,\"configurable\":false,\"required\":false},\"username\":{\"type\":\"string\",\"unique\":false,\"configurable\":false,\"required\":false},\"email\":{\"type\":\"email\",\"minLength\":6,\"configurable\":false,\"required\":true,\"unique\":true,\"private\":true},\"password\":{\"type\":\"password\",\"minLength\":6,\"configurable\":false,\"required\":false,\"private\":true,\"searchable\":false},\"resetPasswordToken\":{\"type\":\"string\",\"configurable\":false,\"private\":true,\"searchable\":false},\"registrationToken\":{\"type\":\"string\",\"configurable\":false,\"private\":true,\"searchable\":false},\"isActive\":{\"type\":\"boolean\",\"default\":false,\"configurable\":false,\"private\":true},\"roles\":{\"configurable\":false,\"private\":true,\"type\":\"relation\",\"relation\":\"manyToMany\",\"inversedBy\":\"users\",\"target\":\"admin::role\",\"collectionName\":\"strapi_users_roles\"},\"blocked\":{\"type\":\"boolean\",\"default\":false,\"configurable\":false,\"private\":true},\"preferedLanguage\":{\"type\":\"string\",\"configurable\":false,\"required\":false,\"searchable\":false},\"createdAt\":{\"type\":\"datetime\"},\"updatedAt\":{\"type\":\"datetime\"},\"createdBy\":{\"type\":\"relation\",\"relation\":\"oneToOne\",\"target\":\"admin::user\",\"configurable\":false,\"writable\":false,\"visible\":false,\"useJoinTable\":false,\"private\":true},\"updatedBy\":{\"type\":\"relation\",\"relation\":\"oneToOne\",\"target\":\"admin::user\",\"configurable\":false,\"writable\":false,\"visible\":false,\"useJoinTable\":false,\"private\":true}},\"config\":{\"attributes\":{\"resetPasswordToken\":{\"hidden\":true},\"registrationToken\":{\"hidden\":true}}},\"kind\":\"collectionType\",\"__schema__\":{\"collectionName\":\"admin_users\",\"info\":{\"name\":\"User\",\"description\":\"\",\"singularName\":\"user\",\"pluralName\":\"users\",\"displayName\":\"User\"},\"pluginOptions\":{\"content-manager\":{\"visible\":false},\"content-type-builder\":{\"visible\":false}},\"attributes\":{\"firstname\":{\"type\":\"string\",\"unique\":false,\"minLength\":1,\"configurable\":false,\"required\":false},\"lastname\":{\"type\":\"string\",\"unique\":false,\"minLength\":1,\"configurable\":false,\"required\":false},\"username\":{\"type\":\"string\",\"unique\":false,\"configurable\":false,\"required\":false},\"email\":{\"type\":\"email\",\"minLength\":6,\"configurable\":false,\"required\":true,\"unique\":true,\"private\":true},\"password\":{\"type\":\"password\",\"minLength\":6,\"configurable\":false,\"required\":false,\"private\":true,\"searchable\":false},\"resetPasswordToken\":{\"type\":\"string\",\"configurable\":false,\"private\":true,\"searchable\":false},\"registrationToken\":{\"type\":\"string\",\"configurable\":false,\"private\":true,\"searchable\":false},\"isActive\":{\"type\":\"boolean\",\"default\":false,\"configurable\":false,\"private\":true},\"roles\":{\"configurable\":false,\"private\":true,\"type\":\"relation\",\"relation\":\"manyToMany\",\"inversedBy\":\"users\",\"target\":\"admin::role\",\"collectionName\":\"strapi_users_roles\"},\"blocked\":{\"type\":\"boolean\",\"default\":false,\"configurable\":false,\"private\":true},\"preferedLanguage\":{\"type\":\"string\",\"configurable\":false,\"required\":false,\"searchable\":false}},\"kind\":\"collectionType\"},\"modelType\":\"contentType\",\"modelName\":\"user\",\"connection\":\"default\",\"uid\":\"admin::user\",\"plugin\":\"admin\",\"globalId\":\"AdminUser\"},\"admin::role\":{\"collectionName\":\"admin_roles\",\"info\":{\"name\":\"Role\",\"description\":\"\",\"singularName\":\"role\",\"pluralName\":\"roles\",\"displayName\":\"Role\"},\"options\":{},\"pluginOptions\":{\"content-manager\":{\"visible\":false},\"content-type-builder\":{\"visible\":false}},\"attributes\":{\"name\":{\"type\":\"string\",\"minLength\":1,\"unique\":true,\"configurable\":false,\"required\":true},\"code\":{\"type\":\"string\",\"minLength\":1,\"unique\":true,\"configurable\":false,\"required\":true},\"description\":{\"type\":\"string\",\"configurable\":false},\"users\":{\"configurable\":false,\"type\":\"relation\",\"relation\":\"manyToMany\",\"mappedBy\":\"roles\",\"target\":\"admin::user\"},\"permissions\":{\"configurable\":false,\"type\":\"relation\",\"relation\":\"oneToMany\",\"mappedBy\":\"role\",\"target\":\"admin::permission\"},\"createdAt\":{\"type\":\"datetime\"},\"updatedAt\":{\"type\":\"datetime\"},\"createdBy\":{\"type\":\"relation\",\"relation\":\"oneToOne\",\"target\":\"admin::user\",\"configurable\":false,\"writable\":false,\"visible\":false,\"useJoinTable\":false,\"private\":true},\"updatedBy\":{\"type\":\"relation\",\"relation\":\"oneToOne\",\"target\":\"admin::user\",\"configurable\":false,\"writable\":false,\"visible\":false,\"useJoinTable\":false,\"private\":true}},\"kind\":\"collectionType\",\"__schema__\":{\"collectionName\":\"admin_roles\",\"info\":{\"name\":\"Role\",\"description\":\"\",\"singularName\":\"role\",\"pluralName\":\"roles\",\"displayName\":\"Role\"},\"options\":{},\"pluginOptions\":{\"content-manager\":{\"visible\":false},\"content-type-builder\":{\"visible\":false}},\"attributes\":{\"name\":{\"type\":\"string\",\"minLength\":1,\"unique\":true,\"configurable\":false,\"required\":true},\"code\":{\"type\":\"string\",\"minLength\":1,\"unique\":true,\"configurable\":false,\"required\":true},\"description\":{\"type\":\"string\",\"configurable\":false},\"users\":{\"configurable\":false,\"type\":\"relation\",\"relation\":\"manyToMany\",\"mappedBy\":\"roles\",\"target\":\"admin::user\"},\"permissions\":{\"configurable\":false,\"type\":\"relation\",\"relation\":\"oneToMany\",\"mappedBy\":\"role\",\"target\":\"admin::permission\"}},\"kind\":\"collectionType\"},\"modelType\":\"contentType\",\"modelName\":\"role\",\"connection\":\"default\",\"uid\":\"admin::role\",\"plugin\":\"admin\",\"globalId\":\"AdminRole\"},\"admin::api-token\":{\"collectionName\":\"strapi_api_tokens\",\"info\":{\"name\":\"Api Token\",\"singularName\":\"api-token\",\"pluralName\":\"api-tokens\",\"displayName\":\"Api Token\",\"description\":\"\"},\"options\":{},\"pluginOptions\":{\"content-manager\":{\"visible\":false},\"content-type-builder\":{\"visible\":false}},\"attributes\":{\"name\":{\"type\":\"string\",\"minLength\":1,\"configurable\":false,\"required\":true,\"unique\":true},\"description\":{\"type\":\"string\",\"minLength\":1,\"configurable\":false,\"required\":false,\"default\":\"\"},\"type\":{\"type\":\"enumeration\",\"enum\":[\"read-only\",\"full-access\",\"custom\"],\"configurable\":false,\"required\":true,\"default\":\"read-only\"},\"accessKey\":{\"type\":\"string\",\"minLength\":1,\"configurable\":false,\"required\":true,\"searchable\":false},\"lastUsedAt\":{\"type\":\"datetime\",\"configurable\":false,\"required\":false},\"permissions\":{\"type\":\"relation\",\"target\":\"admin::api-token-permission\",\"relation\":\"oneToMany\",\"mappedBy\":\"token\",\"configurable\":false,\"required\":false},\"expiresAt\":{\"type\":\"datetime\",\"configurable\":false,\"required\":false},\"lifespan\":{\"type\":\"biginteger\",\"configurable\":false,\"required\":false},\"createdAt\":{\"type\":\"datetime\"},\"updatedAt\":{\"type\":\"datetime\"},\"createdBy\":{\"type\":\"relation\",\"relation\":\"oneToOne\",\"target\":\"admin::user\",\"configurable\":false,\"writable\":false,\"visible\":false,\"useJoinTable\":false,\"private\":true},\"updatedBy\":{\"type\":\"relation\",\"relation\":\"oneToOne\",\"target\":\"admin::user\",\"configurable\":false,\"writable\":false,\"visible\":false,\"useJoinTable\":false,\"private\":true}},\"kind\":\"collectionType\",\"__schema__\":{\"collectionName\":\"strapi_api_tokens\",\"info\":{\"name\":\"Api Token\",\"singularName\":\"api-token\",\"pluralName\":\"api-tokens\",\"displayName\":\"Api Token\",\"description\":\"\"},\"options\":{},\"pluginOptions\":{\"content-manager\":{\"visible\":false},\"content-type-builder\":{\"visible\":false}},\"attributes\":{\"name\":{\"type\":\"string\",\"minLength\":1,\"configurable\":false,\"required\":true,\"unique\":true},\"description\":{\"type\":\"string\",\"minLength\":1,\"configurable\":false,\"required\":false,\"default\":\"\"},\"type\":{\"type\":\"enumeration\",\"enum\":[\"read-only\",\"full-access\",\"custom\"],\"configurable\":false,\"required\":true,\"default\":\"read-only\"},\"accessKey\":{\"type\":\"string\",\"minLength\":1,\"configurable\":false,\"required\":true,\"searchable\":false},\"lastUsedAt\":{\"type\":\"datetime\",\"configurable\":false,\"required\":false},\"permissions\":{\"type\":\"relation\",\"target\":\"admin::api-token-permission\",\"relation\":\"oneToMany\",\"mappedBy\":\"token\",\"configurable\":false,\"required\":false},\"expiresAt\":{\"type\":\"datetime\",\"configurable\":false,\"required\":false},\"lifespan\":{\"type\":\"biginteger\",\"configurable\":false,\"required\":false}},\"kind\":\"collectionType\"},\"modelType\":\"contentType\",\"modelName\":\"api-token\",\"connection\":\"default\",\"uid\":\"admin::api-token\",\"plugin\":\"admin\",\"globalId\":\"AdminApiToken\"},\"admin::api-token-permission\":{\"collectionName\":\"strapi_api_token_permissions\",\"info\":{\"name\":\"API Token Permission\",\"description\":\"\",\"singularName\":\"api-token-permission\",\"pluralName\":\"api-token-permissions\",\"displayName\":\"API Token Permission\"},\"options\":{},\"pluginOptions\":{\"content-manager\":{\"visible\":false},\"content-type-builder\":{\"visible\":false}},\"attributes\":{\"action\":{\"type\":\"string\",\"minLength\":1,\"configurable\":false,\"required\":true},\"token\":{\"configurable\":false,\"type\":\"relation\",\"relation\":\"manyToOne\",\"inversedBy\":\"permissions\",\"target\":\"admin::api-token\"},\"createdAt\":{\"type\":\"datetime\"},\"updatedAt\":{\"type\":\"datetime\"},\"createdBy\":{\"type\":\"relation\",\"relation\":\"oneToOne\",\"target\":\"admin::user\",\"configurable\":false,\"writable\":false,\"visible\":false,\"useJoinTable\":false,\"private\":true},\"updatedBy\":{\"type\":\"relation\",\"relation\":\"oneToOne\",\"target\":\"admin::user\",\"configurable\":false,\"writable\":false,\"visible\":false,\"useJoinTable\":false,\"private\":true}},\"kind\":\"collectionType\",\"__schema__\":{\"collectionName\":\"strapi_api_token_permissions\",\"info\":{\"name\":\"API Token Permission\",\"description\":\"\",\"singularName\":\"api-token-permission\",\"pluralName\":\"api-token-permissions\",\"displayName\":\"API Token Permission\"},\"options\":{},\"pluginOptions\":{\"content-manager\":{\"visible\":false},\"content-type-builder\":{\"visible\":false}},\"attributes\":{\"action\":{\"type\":\"string\",\"minLength\":1,\"configurable\":false,\"required\":true},\"token\":{\"configurable\":false,\"type\":\"relation\",\"relation\":\"manyToOne\",\"inversedBy\":\"permissions\",\"target\":\"admin::api-token\"}},\"kind\":\"collectionType\"},\"modelType\":\"contentType\",\"modelName\":\"api-token-permission\",\"connection\":\"default\",\"uid\":\"admin::api-token-permission\",\"plugin\":\"admin\",\"globalId\":\"AdminApiTokenPermission\"},\"admin::transfer-token\":{\"collectionName\":\"strapi_transfer_tokens\",\"info\":{\"name\":\"Transfer Token\",\"singularName\":\"transfer-token\",\"pluralName\":\"transfer-tokens\",\"displayName\":\"Transfer Token\",\"description\":\"\"},\"options\":{},\"pluginOptions\":{\"content-manager\":{\"visible\":false},\"content-type-builder\":{\"visible\":false}},\"attributes\":{\"name\":{\"type\":\"string\",\"minLength\":1,\"configurable\":false,\"required\":true,\"unique\":true},\"description\":{\"type\":\"string\",\"minLength\":1,\"configurable\":false,\"required\":false,\"default\":\"\"},\"accessKey\":{\"type\":\"string\",\"minLength\":1,\"configurable\":false,\"required\":true},\"lastUsedAt\":{\"type\":\"datetime\",\"configurable\":false,\"required\":false},\"permissions\":{\"type\":\"relation\",\"target\":\"admin::transfer-token-permission\",\"relation\":\"oneToMany\",\"mappedBy\":\"token\",\"configurable\":false,\"required\":false},\"expiresAt\":{\"type\":\"datetime\",\"configurable\":false,\"required\":false},\"lifespan\":{\"type\":\"biginteger\",\"configurable\":false,\"required\":false},\"createdAt\":{\"type\":\"datetime\"},\"updatedAt\":{\"type\":\"datetime\"},\"createdBy\":{\"type\":\"relation\",\"relation\":\"oneToOne\",\"target\":\"admin::user\",\"configurable\":false,\"writable\":false,\"visible\":false,\"useJoinTable\":false,\"private\":true},\"updatedBy\":{\"type\":\"relation\",\"relation\":\"oneToOne\",\"target\":\"admin::user\",\"configurable\":false,\"writable\":false,\"visible\":false,\"useJoinTable\":false,\"private\":true}},\"kind\":\"collectionType\",\"__schema__\":{\"collectionName\":\"strapi_transfer_tokens\",\"info\":{\"name\":\"Transfer Token\",\"singularName\":\"transfer-token\",\"pluralName\":\"transfer-tokens\",\"displayName\":\"Transfer Token\",\"description\":\"\"},\"options\":{},\"pluginOptions\":{\"content-manager\":{\"visible\":false},\"content-type-builder\":{\"visible\":false}},\"attributes\":{\"name\":{\"type\":\"string\",\"minLength\":1,\"configurable\":false,\"required\":true,\"unique\":true},\"description\":{\"type\":\"string\",\"minLength\":1,\"configurable\":false,\"required\":false,\"default\":\"\"},\"accessKey\":{\"type\":\"string\",\"minLength\":1,\"configurable\":false,\"required\":true},\"lastUsedAt\":{\"type\":\"datetime\",\"configurable\":false,\"required\":false},\"permissions\":{\"type\":\"relation\",\"target\":\"admin::transfer-token-permission\",\"relation\":\"oneToMany\",\"mappedBy\":\"token\",\"configurable\":false,\"required\":false},\"expiresAt\":{\"type\":\"datetime\",\"configurable\":false,\"required\":false},\"lifespan\":{\"type\":\"biginteger\",\"configurable\":false,\"required\":false}},\"kind\":\"collectionType\"},\"modelType\":\"contentType\",\"modelName\":\"transfer-token\",\"connection\":\"default\",\"uid\":\"admin::transfer-token\",\"plugin\":\"admin\",\"globalId\":\"AdminTransferToken\"},\"admin::transfer-token-permission\":{\"collectionName\":\"strapi_transfer_token_permissions\",\"info\":{\"name\":\"Transfer Token Permission\",\"description\":\"\",\"singularName\":\"transfer-token-permission\",\"pluralName\":\"transfer-token-permissions\",\"displayName\":\"Transfer Token Permission\"},\"options\":{},\"pluginOptions\":{\"content-manager\":{\"visible\":false},\"content-type-builder\":{\"visible\":false}},\"attributes\":{\"action\":{\"type\":\"string\",\"minLength\":1,\"configurable\":false,\"required\":true},\"token\":{\"configurable\":false,\"type\":\"relation\",\"relation\":\"manyToOne\",\"inversedBy\":\"permissions\",\"target\":\"admin::transfer-token\"},\"createdAt\":{\"type\":\"datetime\"},\"updatedAt\":{\"type\":\"datetime\"},\"createdBy\":{\"type\":\"relation\",\"relation\":\"oneToOne\",\"target\":\"admin::user\",\"configurable\":false,\"writable\":false,\"visible\":false,\"useJoinTable\":false,\"private\":true},\"updatedBy\":{\"type\":\"relation\",\"relation\":\"oneToOne\",\"target\":\"admin::user\",\"configurable\":false,\"writable\":false,\"visible\":false,\"useJoinTable\":false,\"private\":true}},\"kind\":\"collectionType\",\"__schema__\":{\"collectionName\":\"strapi_transfer_token_permissions\",\"info\":{\"name\":\"Transfer Token Permission\",\"description\":\"\",\"singularName\":\"transfer-token-permission\",\"pluralName\":\"transfer-token-permissions\",\"displayName\":\"Transfer Token Permission\"},\"options\":{},\"pluginOptions\":{\"content-manager\":{\"visible\":false},\"content-type-builder\":{\"visible\":false}},\"attributes\":{\"action\":{\"type\":\"string\",\"minLength\":1,\"configurable\":false,\"required\":true},\"token\":{\"configurable\":false,\"type\":\"relation\",\"relation\":\"manyToOne\",\"inversedBy\":\"permissions\",\"target\":\"admin::transfer-token\"}},\"kind\":\"collectionType\"},\"modelType\":\"contentType\",\"modelName\":\"transfer-token-permission\",\"connection\":\"default\",\"uid\":\"admin::transfer-token-permission\",\"plugin\":\"admin\",\"globalId\":\"AdminTransferTokenPermission\"},\"plugin::upload.file\":{\"collectionName\":\"files\",\"info\":{\"singularName\":\"file\",\"pluralName\":\"files\",\"displayName\":\"File\",\"description\":\"\"},\"options\":{},\"pluginOptions\":{\"content-manager\":{\"visible\":false},\"content-type-builder\":{\"visible\":false}},\"attributes\":{\"name\":{\"type\":\"string\",\"configurable\":false,\"required\":true},\"alternativeText\":{\"type\":\"string\",\"configurable\":false},\"caption\":{\"type\":\"string\",\"configurable\":false},\"width\":{\"type\":\"integer\",\"configurable\":false},\"height\":{\"type\":\"integer\",\"configurable\":false},\"formats\":{\"type\":\"json\",\"configurable\":false},\"hash\":{\"type\":\"string\",\"configurable\":false,\"required\":true},\"ext\":{\"type\":\"string\",\"configurable\":false},\"mime\":{\"type\":\"string\",\"configurable\":false,\"required\":true},\"size\":{\"type\":\"decimal\",\"configurable\":false,\"required\":true},\"url\":{\"type\":\"string\",\"configurable\":false,\"required\":true},\"previewUrl\":{\"type\":\"string\",\"configurable\":false},\"provider\":{\"type\":\"string\",\"configurable\":false,\"required\":true},\"provider_metadata\":{\"type\":\"json\",\"configurable\":false},\"related\":{\"type\":\"relation\",\"relation\":\"morphToMany\",\"configurable\":false},\"folder\":{\"type\":\"relation\",\"relation\":\"manyToOne\",\"target\":\"plugin::upload.folder\",\"inversedBy\":\"files\",\"private\":true},\"folderPath\":{\"type\":\"string\",\"min\":1,\"required\":true,\"private\":true,\"searchable\":false},\"createdAt\":{\"type\":\"datetime\"},\"updatedAt\":{\"type\":\"datetime\"},\"createdBy\":{\"type\":\"relation\",\"relation\":\"oneToOne\",\"target\":\"admin::user\",\"configurable\":false,\"writable\":false,\"visible\":false,\"useJoinTable\":false,\"private\":true},\"updatedBy\":{\"type\":\"relation\",\"relation\":\"oneToOne\",\"target\":\"admin::user\",\"configurable\":false,\"writable\":false,\"visible\":false,\"useJoinTable\":false,\"private\":true}},\"indexes\":[{\"name\":\"upload_files_folder_path_index\",\"columns\":[\"folder_path\"],\"type\":null},{\"name\":\"upload_files_created_at_index\",\"columns\":[\"created_at\"],\"type\":null},{\"name\":\"upload_files_updated_at_index\",\"columns\":[\"updated_at\"],\"type\":null},{\"name\":\"upload_files_name_index\",\"columns\":[\"name\"],\"type\":null},{\"name\":\"upload_files_size_index\",\"columns\":[\"size\"],\"type\":null},{\"name\":\"upload_files_ext_index\",\"columns\":[\"ext\"],\"type\":null}],\"kind\":\"collectionType\",\"__schema__\":{\"collectionName\":\"files\",\"info\":{\"singularName\":\"file\",\"pluralName\":\"files\",\"displayName\":\"File\",\"description\":\"\"},\"options\":{},\"pluginOptions\":{\"content-manager\":{\"visible\":false},\"content-type-builder\":{\"visible\":false}},\"attributes\":{\"name\":{\"type\":\"string\",\"configurable\":false,\"required\":true},\"alternativeText\":{\"type\":\"string\",\"configurable\":false},\"caption\":{\"type\":\"string\",\"configurable\":false},\"width\":{\"type\":\"integer\",\"configurable\":false},\"height\":{\"type\":\"integer\",\"configurable\":false},\"formats\":{\"type\":\"json\",\"configurable\":false},\"hash\":{\"type\":\"string\",\"configurable\":false,\"required\":true},\"ext\":{\"type\":\"string\",\"configurable\":false},\"mime\":{\"type\":\"string\",\"configurable\":false,\"required\":true},\"size\":{\"type\":\"decimal\",\"configurable\":false,\"required\":true},\"url\":{\"type\":\"string\",\"configurable\":false,\"required\":true},\"previewUrl\":{\"type\":\"string\",\"configurable\":false},\"provider\":{\"type\":\"string\",\"configurable\":false,\"required\":true},\"provider_metadata\":{\"type\":\"json\",\"configurable\":false},\"related\":{\"type\":\"relation\",\"relation\":\"morphToMany\",\"configurable\":false},\"folder\":{\"type\":\"relation\",\"relation\":\"manyToOne\",\"target\":\"plugin::upload.folder\",\"inversedBy\":\"files\",\"private\":true},\"folderPath\":{\"type\":\"string\",\"min\":1,\"required\":true,\"private\":true,\"searchable\":false}},\"kind\":\"collectionType\"},\"modelType\":\"contentType\",\"modelName\":\"file\",\"connection\":\"default\",\"uid\":\"plugin::upload.file\",\"plugin\":\"upload\",\"globalId\":\"UploadFile\"},\"plugin::upload.folder\":{\"collectionName\":\"upload_folders\",\"info\":{\"singularName\":\"folder\",\"pluralName\":\"folders\",\"displayName\":\"Folder\"},\"options\":{},\"pluginOptions\":{\"content-manager\":{\"visible\":false},\"content-type-builder\":{\"visible\":false}},\"attributes\":{\"name\":{\"type\":\"string\",\"min\":1,\"required\":true},\"pathId\":{\"type\":\"integer\",\"unique\":true,\"required\":true},\"parent\":{\"type\":\"relation\",\"relation\":\"manyToOne\",\"target\":\"plugin::upload.folder\",\"inversedBy\":\"children\"},\"children\":{\"type\":\"relation\",\"relation\":\"oneToMany\",\"target\":\"plugin::upload.folder\",\"mappedBy\":\"parent\"},\"files\":{\"type\":\"relation\",\"relation\":\"oneToMany\",\"target\":\"plugin::upload.file\",\"mappedBy\":\"folder\"},\"path\":{\"type\":\"string\",\"min\":1,\"required\":true},\"createdAt\":{\"type\":\"datetime\"},\"updatedAt\":{\"type\":\"datetime\"},\"createdBy\":{\"type\":\"relation\",\"relation\":\"oneToOne\",\"target\":\"admin::user\",\"configurable\":false,\"writable\":false,\"visible\":false,\"useJoinTable\":false,\"private\":true},\"updatedBy\":{\"type\":\"relation\",\"relation\":\"oneToOne\",\"target\":\"admin::user\",\"configurable\":false,\"writable\":false,\"visible\":false,\"useJoinTable\":false,\"private\":true}},\"indexes\":[{\"name\":\"upload_folders_path_id_index\",\"columns\":[\"path_id\"],\"type\":\"unique\"},{\"name\":\"upload_folders_path_index\",\"columns\":[\"path\"],\"type\":\"unique\"}],\"kind\":\"collectionType\",\"__schema__\":{\"collectionName\":\"upload_folders\",\"info\":{\"singularName\":\"folder\",\"pluralName\":\"folders\",\"displayName\":\"Folder\"},\"options\":{},\"pluginOptions\":{\"content-manager\":{\"visible\":false},\"content-type-builder\":{\"visible\":false}},\"attributes\":{\"name\":{\"type\":\"string\",\"min\":1,\"required\":true},\"pathId\":{\"type\":\"integer\",\"unique\":true,\"required\":true},\"parent\":{\"type\":\"relation\",\"relation\":\"manyToOne\",\"target\":\"plugin::upload.folder\",\"inversedBy\":\"children\"},\"children\":{\"type\":\"relation\",\"relation\":\"oneToMany\",\"target\":\"plugin::upload.folder\",\"mappedBy\":\"parent\"},\"files\":{\"type\":\"relation\",\"relation\":\"oneToMany\",\"target\":\"plugin::upload.file\",\"mappedBy\":\"folder\"},\"path\":{\"type\":\"string\",\"min\":1,\"required\":true}},\"kind\":\"collectionType\"},\"modelType\":\"contentType\",\"modelName\":\"folder\",\"connection\":\"default\",\"uid\":\"plugin::upload.folder\",\"plugin\":\"upload\",\"globalId\":\"UploadFolder\"},\"plugin::ezforms.submission\":{\"info\":{\"tableName\":\"submission\",\"singularName\":\"submission\",\"pluralName\":\"submissions\",\"displayName\":\"Form Submissions\",\"description\":\"A Place for all your form submissions\",\"kind\":\"collectionType\"},\"options\":{\"draftAndPublish\":false},\"pluginOptions\":{\"content-manager\":{\"visible\":true},\"content-type-builder\":{\"visible\":false}},\"attributes\":{\"score\":{\"type\":\"string\",\"min\":1,\"max\":50,\"configurable\":false},\"formName\":{\"type\":\"string\",\"min\":1,\"max\":50,\"configurable\":false},\"data\":{\"type\":\"json\",\"configurable\":false},\"createdAt\":{\"type\":\"datetime\"},\"updatedAt\":{\"type\":\"datetime\"},\"createdBy\":{\"type\":\"relation\",\"relation\":\"oneToOne\",\"target\":\"admin::user\",\"configurable\":false,\"writable\":false,\"visible\":false,\"useJoinTable\":false,\"private\":true},\"updatedBy\":{\"type\":\"relation\",\"relation\":\"oneToOne\",\"target\":\"admin::user\",\"configurable\":false,\"writable\":false,\"visible\":false,\"useJoinTable\":false,\"private\":true}},\"kind\":\"collectionType\",\"__schema__\":{\"info\":{\"tableName\":\"submission\",\"singularName\":\"submission\",\"pluralName\":\"submissions\",\"displayName\":\"Form Submissions\",\"description\":\"A Place for all your form submissions\",\"kind\":\"collectionType\"},\"options\":{\"draftAndPublish\":false},\"pluginOptions\":{\"content-manager\":{\"visible\":true},\"content-type-builder\":{\"visible\":false}},\"attributes\":{\"score\":{\"type\":\"string\",\"min\":1,\"max\":50,\"configurable\":false},\"formName\":{\"type\":\"string\",\"min\":1,\"max\":50,\"configurable\":false},\"data\":{\"type\":\"json\",\"configurable\":false}},\"kind\":\"collectionType\"},\"modelType\":\"contentType\",\"modelName\":\"submission\",\"connection\":\"default\",\"uid\":\"plugin::ezforms.submission\",\"plugin\":\"ezforms\",\"collectionName\":\"ezforms_submission\",\"globalId\":\"EzformsSubmission\"},\"plugin::ezforms.recipient\":{\"info\":{\"tableName\":\"recipients\",\"singularName\":\"recipient\",\"pluralName\":\"recipients\",\"displayName\":\"Notification Recipients\",\"description\":\"List of Notification Recipients\",\"kind\":\"collectionType\"},\"options\":{\"draftAndPublish\":false},\"pluginOptions\":{\"content-manager\":{\"visible\":true},\"content-type-builder\":{\"visible\":false}},\"attributes\":{\"name\":{\"type\":\"string\",\"min\":1,\"max\":50,\"configurable\":false},\"email\":{\"type\":\"string\",\"min\":1,\"max\":50,\"configurable\":false},\"number\":{\"type\":\"string\",\"min\":1,\"max\":50,\"configurable\":false},\"createdAt\":{\"type\":\"datetime\"},\"updatedAt\":{\"type\":\"datetime\"},\"createdBy\":{\"type\":\"relation\",\"relation\":\"oneToOne\",\"target\":\"admin::user\",\"configurable\":false,\"writable\":false,\"visible\":false,\"useJoinTable\":false,\"private\":true},\"updatedBy\":{\"type\":\"relation\",\"relation\":\"oneToOne\",\"target\":\"admin::user\",\"configurable\":false,\"writable\":false,\"visible\":false,\"useJoinTable\":false,\"private\":true}},\"kind\":\"collectionType\",\"__schema__\":{\"info\":{\"tableName\":\"recipients\",\"singularName\":\"recipient\",\"pluralName\":\"recipients\",\"displayName\":\"Notification Recipients\",\"description\":\"List of Notification Recipients\",\"kind\":\"collectionType\"},\"options\":{\"draftAndPublish\":false},\"pluginOptions\":{\"content-manager\":{\"visible\":true},\"content-type-builder\":{\"visible\":false}},\"attributes\":{\"name\":{\"type\":\"string\",\"min\":1,\"max\":50,\"configurable\":false},\"email\":{\"type\":\"string\",\"min\":1,\"max\":50,\"configurable\":false},\"number\":{\"type\":\"string\",\"min\":1,\"max\":50,\"configurable\":false}},\"kind\":\"collectionType\"},\"modelType\":\"contentType\",\"modelName\":\"recipient\",\"connection\":\"default\",\"uid\":\"plugin::ezforms.recipient\",\"plugin\":\"ezforms\",\"collectionName\":\"ezforms_recipient\",\"globalId\":\"EzformsRecipient\"},\"plugin::i18n.locale\":{\"info\":{\"singularName\":\"locale\",\"pluralName\":\"locales\",\"collectionName\":\"locales\",\"displayName\":\"Locale\",\"description\":\"\"},\"options\":{\"draftAndPublish\":false},\"pluginOptions\":{\"content-manager\":{\"visible\":false},\"content-type-builder\":{\"visible\":false}},\"attributes\":{\"name\":{\"type\":\"string\",\"min\":1,\"max\":50,\"configurable\":false},\"code\":{\"type\":\"string\",\"unique\":true,\"configurable\":false},\"createdAt\":{\"type\":\"datetime\"},\"updatedAt\":{\"type\":\"datetime\"},\"createdBy\":{\"type\":\"relation\",\"relation\":\"oneToOne\",\"target\":\"admin::user\",\"configurable\":false,\"writable\":false,\"visible\":false,\"useJoinTable\":false,\"private\":true},\"updatedBy\":{\"type\":\"relation\",\"relation\":\"oneToOne\",\"target\":\"admin::user\",\"configurable\":false,\"writable\":false,\"visible\":false,\"useJoinTable\":false,\"private\":true}},\"kind\":\"collectionType\",\"__schema__\":{\"info\":{\"singularName\":\"locale\",\"pluralName\":\"locales\",\"collectionName\":\"locales\",\"displayName\":\"Locale\",\"description\":\"\"},\"options\":{\"draftAndPublish\":false},\"pluginOptions\":{\"content-manager\":{\"visible\":false},\"content-type-builder\":{\"visible\":false}},\"attributes\":{\"name\":{\"type\":\"string\",\"min\":1,\"max\":50,\"configurable\":false},\"code\":{\"type\":\"string\",\"unique\":true,\"configurable\":false}},\"kind\":\"collectionType\"},\"modelType\":\"contentType\",\"modelName\":\"locale\",\"connection\":\"default\",\"uid\":\"plugin::i18n.locale\",\"plugin\":\"i18n\",\"collectionName\":\"i18n_locale\",\"globalId\":\"I18NLocale\"},\"plugin::users-permissions.permission\":{\"collectionName\":\"up_permissions\",\"info\":{\"name\":\"permission\",\"description\":\"\",\"singularName\":\"permission\",\"pluralName\":\"permissions\",\"displayName\":\"Permission\"},\"pluginOptions\":{\"content-manager\":{\"visible\":false},\"content-type-builder\":{\"visible\":false}},\"attributes\":{\"action\":{\"type\":\"string\",\"required\":true,\"configurable\":false},\"role\":{\"type\":\"relation\",\"relation\":\"manyToOne\",\"target\":\"plugin::users-permissions.role\",\"inversedBy\":\"permissions\",\"configurable\":false},\"createdAt\":{\"type\":\"datetime\"},\"updatedAt\":{\"type\":\"datetime\"},\"createdBy\":{\"type\":\"relation\",\"relation\":\"oneToOne\",\"target\":\"admin::user\",\"configurable\":false,\"writable\":false,\"visible\":false,\"useJoinTable\":false,\"private\":true},\"updatedBy\":{\"type\":\"relation\",\"relation\":\"oneToOne\",\"target\":\"admin::user\",\"configurable\":false,\"writable\":false,\"visible\":false,\"useJoinTable\":false,\"private\":true}},\"kind\":\"collectionType\",\"__schema__\":{\"collectionName\":\"up_permissions\",\"info\":{\"name\":\"permission\",\"description\":\"\",\"singularName\":\"permission\",\"pluralName\":\"permissions\",\"displayName\":\"Permission\"},\"pluginOptions\":{\"content-manager\":{\"visible\":false},\"content-type-builder\":{\"visible\":false}},\"attributes\":{\"action\":{\"type\":\"string\",\"required\":true,\"configurable\":false},\"role\":{\"type\":\"relation\",\"relation\":\"manyToOne\",\"target\":\"plugin::users-permissions.role\",\"inversedBy\":\"permissions\",\"configurable\":false}},\"kind\":\"collectionType\"},\"modelType\":\"contentType\",\"modelName\":\"permission\",\"connection\":\"default\",\"uid\":\"plugin::users-permissions.permission\",\"plugin\":\"users-permissions\",\"globalId\":\"UsersPermissionsPermission\"},\"plugin::users-permissions.role\":{\"collectionName\":\"up_roles\",\"info\":{\"name\":\"role\",\"description\":\"\",\"singularName\":\"role\",\"pluralName\":\"roles\",\"displayName\":\"Role\"},\"pluginOptions\":{\"content-manager\":{\"visible\":false},\"content-type-builder\":{\"visible\":false}},\"attributes\":{\"name\":{\"type\":\"string\",\"minLength\":3,\"required\":true,\"configurable\":false},\"description\":{\"type\":\"string\",\"configurable\":false},\"type\":{\"type\":\"string\",\"unique\":true,\"configurable\":false},\"permissions\":{\"type\":\"relation\",\"relation\":\"oneToMany\",\"target\":\"plugin::users-permissions.permission\",\"mappedBy\":\"role\",\"configurable\":false},\"users\":{\"type\":\"relation\",\"relation\":\"oneToMany\",\"target\":\"plugin::users-permissions.user\",\"mappedBy\":\"role\",\"configurable\":false},\"createdAt\":{\"type\":\"datetime\"},\"updatedAt\":{\"type\":\"datetime\"},\"createdBy\":{\"type\":\"relation\",\"relation\":\"oneToOne\",\"target\":\"admin::user\",\"configurable\":false,\"writable\":false,\"visible\":false,\"useJoinTable\":false,\"private\":true},\"updatedBy\":{\"type\":\"relation\",\"relation\":\"oneToOne\",\"target\":\"admin::user\",\"configurable\":false,\"writable\":false,\"visible\":false,\"useJoinTable\":false,\"private\":true}},\"kind\":\"collectionType\",\"__schema__\":{\"collectionName\":\"up_roles\",\"info\":{\"name\":\"role\",\"description\":\"\",\"singularName\":\"role\",\"pluralName\":\"roles\",\"displayName\":\"Role\"},\"pluginOptions\":{\"content-manager\":{\"visible\":false},\"content-type-builder\":{\"visible\":false}},\"attributes\":{\"name\":{\"type\":\"string\",\"minLength\":3,\"required\":true,\"configurable\":false},\"description\":{\"type\":\"string\",\"configurable\":false},\"type\":{\"type\":\"string\",\"unique\":true,\"configurable\":false},\"permissions\":{\"type\":\"relation\",\"relation\":\"oneToMany\",\"target\":\"plugin::users-permissions.permission\",\"mappedBy\":\"role\",\"configurable\":false},\"users\":{\"type\":\"relation\",\"relation\":\"oneToMany\",\"target\":\"plugin::users-permissions.user\",\"mappedBy\":\"role\",\"configurable\":false}},\"kind\":\"collectionType\"},\"modelType\":\"contentType\",\"modelName\":\"role\",\"connection\":\"default\",\"uid\":\"plugin::users-permissions.role\",\"plugin\":\"users-permissions\",\"globalId\":\"UsersPermissionsRole\"},\"plugin::users-permissions.user\":{\"collectionName\":\"up_users\",\"info\":{\"name\":\"user\",\"description\":\"\",\"singularName\":\"user\",\"pluralName\":\"users\",\"displayName\":\"User\"},\"options\":{\"draftAndPublish\":false,\"timestamps\":true},\"attributes\":{\"username\":{\"type\":\"string\",\"minLength\":3,\"unique\":true,\"configurable\":false,\"required\":true},\"email\":{\"type\":\"email\",\"minLength\":6,\"configurable\":false,\"required\":true},\"provider\":{\"type\":\"string\",\"configurable\":false},\"password\":{\"type\":\"password\",\"minLength\":6,\"configurable\":false,\"private\":true,\"searchable\":false},\"resetPasswordToken\":{\"type\":\"string\",\"configurable\":false,\"private\":true,\"searchable\":false},\"confirmationToken\":{\"type\":\"string\",\"configurable\":false,\"private\":true,\"searchable\":false},\"confirmed\":{\"type\":\"boolean\",\"default\":false,\"configurable\":false},\"blocked\":{\"type\":\"boolean\",\"default\":false,\"configurable\":false},\"role\":{\"type\":\"relation\",\"relation\":\"manyToOne\",\"target\":\"plugin::users-permissions.role\",\"inversedBy\":\"users\",\"configurable\":false},\"createdAt\":{\"type\":\"datetime\"},\"updatedAt\":{\"type\":\"datetime\"},\"createdBy\":{\"type\":\"relation\",\"relation\":\"oneToOne\",\"target\":\"admin::user\",\"configurable\":false,\"writable\":false,\"visible\":false,\"useJoinTable\":false,\"private\":true},\"updatedBy\":{\"type\":\"relation\",\"relation\":\"oneToOne\",\"target\":\"admin::user\",\"configurable\":false,\"writable\":false,\"visible\":false,\"useJoinTable\":false,\"private\":true}},\"config\":{\"attributes\":{\"resetPasswordToken\":{\"hidden\":true},\"confirmationToken\":{\"hidden\":true},\"provider\":{\"hidden\":true}}},\"kind\":\"collectionType\",\"__schema__\":{\"collectionName\":\"up_users\",\"info\":{\"name\":\"user\",\"description\":\"\",\"singularName\":\"user\",\"pluralName\":\"users\",\"displayName\":\"User\"},\"options\":{\"draftAndPublish\":false,\"timestamps\":true},\"attributes\":{\"username\":{\"type\":\"string\",\"minLength\":3,\"unique\":true,\"configurable\":false,\"required\":true},\"email\":{\"type\":\"email\",\"minLength\":6,\"configurable\":false,\"required\":true},\"provider\":{\"type\":\"string\",\"configurable\":false},\"password\":{\"type\":\"password\",\"minLength\":6,\"configurable\":false,\"private\":true,\"searchable\":false},\"resetPasswordToken\":{\"type\":\"string\",\"configurable\":false,\"private\":true,\"searchable\":false},\"confirmationToken\":{\"type\":\"string\",\"configurable\":false,\"private\":true,\"searchable\":false},\"confirmed\":{\"type\":\"boolean\",\"default\":false,\"configurable\":false},\"blocked\":{\"type\":\"boolean\",\"default\":false,\"configurable\":false},\"role\":{\"type\":\"relation\",\"relation\":\"manyToOne\",\"target\":\"plugin::users-permissions.role\",\"inversedBy\":\"users\",\"configurable\":false}},\"kind\":\"collectionType\"},\"modelType\":\"contentType\",\"modelName\":\"user\",\"connection\":\"default\",\"uid\":\"plugin::users-permissions.user\",\"plugin\":\"users-permissions\",\"globalId\":\"UsersPermissionsUser\"},\"api::admision.admision\":{\"kind\":\"singleType\",\"collectionName\":\"admisions\",\"info\":{\"singularName\":\"admision\",\"pluralName\":\"admisions\",\"displayName\":\"Admision\",\"description\":\"\"},\"options\":{\"draftAndPublish\":true},\"pluginOptions\":{},\"attributes\":{\"AdmisionBanner\":{\"displayName\":\"AdmisionBanner\",\"type\":\"component\",\"repeatable\":false,\"component\":\"admision.admision-banner\"},\"AdmisionForm\":{\"displayName\":\"AdmisionForm\",\"type\":\"component\",\"repeatable\":false,\"component\":\"admision.admision-form\"},\"AdmisionEspecialidades\":{\"displayName\":\"AdmisionEspecialidades\",\"type\":\"component\",\"repeatable\":false,\"component\":\"admision.admision-especialidades\"},\"AdmisionModalidades\":{\"displayName\":\"AdmisionEstudiaConNosotros\",\"type\":\"component\",\"repeatable\":false,\"component\":\"admision.admision-estudia-con-nosotros\"},\"AdmimisionBeneficios\":{\"displayName\":\"AdminDestacados\",\"type\":\"component\",\"repeatable\":false,\"component\":\"admision.admin-destacados\"},\"AdmisionGaleria\":{\"displayName\":\"Galeria de Imagenes\",\"type\":\"component\",\"repeatable\":false,\"component\":\"admision.galeria-de-imagenes\"},\"AdmisionConvenios\":{\"displayName\":\"AdmisionConvenios\",\"type\":\"component\",\"repeatable\":false,\"component\":\"admision.admision-convenios\"},\"AdmisionTestimonios\":{\"displayName\":\"AdmisionTestimonios\",\"type\":\"component\",\"repeatable\":false,\"component\":\"admision.admision-testimonios\"},\"AdmisionBlog\":{\"displayName\":\"AdmisionBlog\",\"type\":\"component\",\"repeatable\":false,\"component\":\"admision.admision-blog\"},\"seo\":{\"type\":\"component\",\"repeatable\":false,\"component\":\"shared.seo\"},\"createdAt\":{\"type\":\"datetime\"},\"updatedAt\":{\"type\":\"datetime\"},\"publishedAt\":{\"type\":\"datetime\",\"configurable\":false,\"writable\":true,\"visible\":false},\"createdBy\":{\"type\":\"relation\",\"relation\":\"oneToOne\",\"target\":\"admin::user\",\"configurable\":false,\"writable\":false,\"visible\":false,\"useJoinTable\":false,\"private\":true},\"updatedBy\":{\"type\":\"relation\",\"relation\":\"oneToOne\",\"target\":\"admin::user\",\"configurable\":false,\"writable\":false,\"visible\":false,\"useJoinTable\":false,\"private\":true}},\"__schema__\":{\"collectionName\":\"admisions\",\"info\":{\"singularName\":\"admision\",\"pluralName\":\"admisions\",\"displayName\":\"Admision\",\"description\":\"\"},\"options\":{\"draftAndPublish\":true},\"pluginOptions\":{},\"attributes\":{\"AdmisionBanner\":{\"displayName\":\"AdmisionBanner\",\"type\":\"component\",\"repeatable\":false,\"component\":\"admision.admision-banner\"},\"AdmisionForm\":{\"displayName\":\"AdmisionForm\",\"type\":\"component\",\"repeatable\":false,\"component\":\"admision.admision-form\"},\"AdmisionEspecialidades\":{\"displayName\":\"AdmisionEspecialidades\",\"type\":\"component\",\"repeatable\":false,\"component\":\"admision.admision-especialidades\"},\"AdmisionModalidades\":{\"displayName\":\"AdmisionEstudiaConNosotros\",\"type\":\"component\",\"repeatable\":false,\"component\":\"admision.admision-estudia-con-nosotros\"},\"AdmimisionBeneficios\":{\"displayName\":\"AdminDestacados\",\"type\":\"component\",\"repeatable\":false,\"component\":\"admision.admin-destacados\"},\"AdmisionGaleria\":{\"displayName\":\"Galeria de Imagenes\",\"type\":\"component\",\"repeatable\":false,\"component\":\"admision.galeria-de-imagenes\"},\"AdmisionConvenios\":{\"displayName\":\"AdmisionConvenios\",\"type\":\"component\",\"repeatable\":false,\"component\":\"admision.admision-convenios\"},\"AdmisionTestimonios\":{\"displayName\":\"AdmisionTestimonios\",\"type\":\"component\",\"repeatable\":false,\"component\":\"admision.admision-testimonios\"},\"AdmisionBlog\":{\"displayName\":\"AdmisionBlog\",\"type\":\"component\",\"repeatable\":false,\"component\":\"admision.admision-blog\"},\"seo\":{\"type\":\"component\",\"repeatable\":false,\"component\":\"shared.seo\"}},\"kind\":\"singleType\"},\"modelType\":\"contentType\",\"modelName\":\"admision\",\"connection\":\"default\",\"uid\":\"api::admision.admision\",\"apiName\":\"admision\",\"globalId\":\"Admision\",\"actions\":{},\"lifecycles\":{}},\"api::blog-post.blog-post\":{\"kind\":\"collectionType\",\"collectionName\":\"blog_posts\",\"info\":{\"singularName\":\"blog-post\",\"pluralName\":\"blog-posts\",\"displayName\":\"BlogPosts\",\"description\":\"\"},\"options\":{\"draftAndPublish\":true},\"pluginOptions\":{},\"attributes\":{\"titulo\":{\"type\":\"string\"},\"text\":{\"type\":\"richtext\"},\"image\":{\"type\":\"media\",\"multiple\":false,\"required\":false,\"allowedTypes\":[\"images\",\"files\",\"videos\",\"audios\"]},\"destacado\":{\"type\":\"boolean\"},\"slug\":{\"type\":\"uid\",\"targetField\":\"titulo\"},\"seo\":{\"type\":\"component\",\"repeatable\":false,\"component\":\"shared.seo\"},\"createdAt\":{\"type\":\"datetime\"},\"updatedAt\":{\"type\":\"datetime\"},\"publishedAt\":{\"type\":\"datetime\",\"configurable\":false,\"writable\":true,\"visible\":false},\"createdBy\":{\"type\":\"relation\",\"relation\":\"oneToOne\",\"target\":\"admin::user\",\"configurable\":false,\"writable\":false,\"visible\":false,\"useJoinTable\":false,\"private\":true},\"updatedBy\":{\"type\":\"relation\",\"relation\":\"oneToOne\",\"target\":\"admin::user\",\"configurable\":false,\"writable\":false,\"visible\":false,\"useJoinTable\":false,\"private\":true}},\"__schema__\":{\"collectionName\":\"blog_posts\",\"info\":{\"singularName\":\"blog-post\",\"pluralName\":\"blog-posts\",\"displayName\":\"BlogPosts\",\"description\":\"\"},\"options\":{\"draftAndPublish\":true},\"pluginOptions\":{},\"attributes\":{\"titulo\":{\"type\":\"string\"},\"text\":{\"type\":\"richtext\"},\"image\":{\"type\":\"media\",\"multiple\":false,\"required\":false,\"allowedTypes\":[\"images\",\"files\",\"videos\",\"audios\"]},\"destacado\":{\"type\":\"boolean\"},\"slug\":{\"type\":\"uid\",\"targetField\":\"titulo\"},\"seo\":{\"type\":\"component\",\"repeatable\":false,\"component\":\"shared.seo\"}},\"kind\":\"collectionType\"},\"modelType\":\"contentType\",\"modelName\":\"blog-post\",\"connection\":\"default\",\"uid\":\"api::blog-post.blog-post\",\"apiName\":\"blog-post\",\"globalId\":\"BlogPost\",\"actions\":{},\"lifecycles\":{}},\"api::enviroment.enviroment\":{\"kind\":\"singleType\",\"collectionName\":\"enviroments\",\"info\":{\"singularName\":\"enviroment\",\"pluralName\":\"enviroments\",\"displayName\":\"Enviroment\",\"description\":\"\"},\"options\":{\"draftAndPublish\":true},\"pluginOptions\":{},\"attributes\":{\"ENV\":{\"type\":\"enumeration\",\"enum\":[\"DEVELOPMENT\",\"PRODUCTION\"],\"default\":\"DEVELOPMENT\"},\"createdAt\":{\"type\":\"datetime\"},\"updatedAt\":{\"type\":\"datetime\"},\"publishedAt\":{\"type\":\"datetime\",\"configurable\":false,\"writable\":true,\"visible\":false},\"createdBy\":{\"type\":\"relation\",\"relation\":\"oneToOne\",\"target\":\"admin::user\",\"configurable\":false,\"writable\":false,\"visible\":false,\"useJoinTable\":false,\"private\":true},\"updatedBy\":{\"type\":\"relation\",\"relation\":\"oneToOne\",\"target\":\"admin::user\",\"configurable\":false,\"writable\":false,\"visible\":false,\"useJoinTable\":false,\"private\":true}},\"__schema__\":{\"collectionName\":\"enviroments\",\"info\":{\"singularName\":\"enviroment\",\"pluralName\":\"enviroments\",\"displayName\":\"Enviroment\",\"description\":\"\"},\"options\":{\"draftAndPublish\":true},\"pluginOptions\":{},\"attributes\":{\"ENV\":{\"type\":\"enumeration\",\"enum\":[\"DEVELOPMENT\",\"PRODUCTION\"],\"default\":\"DEVELOPMENT\"}},\"kind\":\"singleType\"},\"modelType\":\"contentType\",\"modelName\":\"enviroment\",\"connection\":\"default\",\"uid\":\"api::enviroment.enviroment\",\"apiName\":\"enviroment\",\"globalId\":\"Enviroment\",\"actions\":{},\"lifecycles\":{}},\"api::especialidad.especialidad\":{\"kind\":\"collectionType\",\"collectionName\":\"especialidades\",\"info\":{\"singularName\":\"especialidad\",\"pluralName\":\"especialidades\",\"displayName\":\"Especialidades\"},\"options\":{\"draftAndPublish\":true},\"pluginOptions\":{},\"attributes\":{\"titulo\":{\"type\":\"string\"},\"descripcion\":{\"type\":\"text\"},\"logo\":{\"allowedTypes\":[\"images\",\"files\",\"videos\",\"audios\"],\"type\":\"media\",\"multiple\":false},\"createdAt\":{\"type\":\"datetime\"},\"updatedAt\":{\"type\":\"datetime\"},\"publishedAt\":{\"type\":\"datetime\",\"configurable\":false,\"writable\":true,\"visible\":false},\"createdBy\":{\"type\":\"relation\",\"relation\":\"oneToOne\",\"target\":\"admin::user\",\"configurable\":false,\"writable\":false,\"visible\":false,\"useJoinTable\":false,\"private\":true},\"updatedBy\":{\"type\":\"relation\",\"relation\":\"oneToOne\",\"target\":\"admin::user\",\"configurable\":false,\"writable\":false,\"visible\":false,\"useJoinTable\":false,\"private\":true}},\"__schema__\":{\"collectionName\":\"especialidades\",\"info\":{\"singularName\":\"especialidad\",\"pluralName\":\"especialidades\",\"displayName\":\"Especialidades\"},\"options\":{\"draftAndPublish\":true},\"pluginOptions\":{},\"attributes\":{\"titulo\":{\"type\":\"string\"},\"descripcion\":{\"type\":\"text\"},\"logo\":{\"allowedTypes\":[\"images\",\"files\",\"videos\",\"audios\"],\"type\":\"media\",\"multiple\":false}},\"kind\":\"collectionType\"},\"modelType\":\"contentType\",\"modelName\":\"especialidad\",\"connection\":\"default\",\"uid\":\"api::especialidad.especialidad\",\"apiName\":\"especialidad\",\"globalId\":\"Especialidad\",\"actions\":{},\"lifecycles\":{}},\"api::general.general\":{\"kind\":\"singleType\",\"collectionName\":\"generals\",\"info\":{\"singularName\":\"general\",\"pluralName\":\"generals\",\"displayName\":\"General\",\"description\":\"\"},\"options\":{\"draftAndPublish\":true},\"pluginOptions\":{},\"attributes\":{\"label_buttons\":{\"displayName\":\"labels\",\"type\":\"component\",\"repeatable\":false,\"component\":\"labels.labels\"},\"informacion\":{\"displayName\":\"informacion\",\"type\":\"component\",\"repeatable\":false,\"component\":\"informacion.informacion\"},\"Footer\":{\"displayName\":\"Footer\",\"type\":\"component\",\"repeatable\":false,\"component\":\"footer.footer\"},\"createdAt\":{\"type\":\"datetime\"},\"updatedAt\":{\"type\":\"datetime\"},\"publishedAt\":{\"type\":\"datetime\",\"configurable\":false,\"writable\":true,\"visible\":false},\"createdBy\":{\"type\":\"relation\",\"relation\":\"oneToOne\",\"target\":\"admin::user\",\"configurable\":false,\"writable\":false,\"visible\":false,\"useJoinTable\":false,\"private\":true},\"updatedBy\":{\"type\":\"relation\",\"relation\":\"oneToOne\",\"target\":\"admin::user\",\"configurable\":false,\"writable\":false,\"visible\":false,\"useJoinTable\":false,\"private\":true}},\"__schema__\":{\"collectionName\":\"generals\",\"info\":{\"singularName\":\"general\",\"pluralName\":\"generals\",\"displayName\":\"General\",\"description\":\"\"},\"options\":{\"draftAndPublish\":true},\"pluginOptions\":{},\"attributes\":{\"label_buttons\":{\"displayName\":\"labels\",\"type\":\"component\",\"repeatable\":false,\"component\":\"labels.labels\"},\"informacion\":{\"displayName\":\"informacion\",\"type\":\"component\",\"repeatable\":false,\"component\":\"informacion.informacion\"},\"Footer\":{\"displayName\":\"Footer\",\"type\":\"component\",\"repeatable\":false,\"component\":\"footer.footer\"}},\"kind\":\"singleType\"},\"modelType\":\"contentType\",\"modelName\":\"general\",\"connection\":\"default\",\"uid\":\"api::general.general\",\"apiName\":\"general\",\"globalId\":\"General\",\"actions\":{},\"lifecycles\":{}},\"api::user-register.user-register\":{\"kind\":\"collectionType\",\"collectionName\":\"users_register\",\"info\":{\"singularName\":\"user-register\",\"pluralName\":\"users-register\",\"displayName\":\"Usuarios Registrados\",\"description\":\"\"},\"options\":{\"draftAndPublish\":true},\"pluginOptions\":{},\"attributes\":{\"nombres\":{\"type\":\"string\"},\"apellidos\":{\"type\":\"string\"},\"carrera_interes\":{\"type\":\"string\"},\"celular\":{\"type\":\"string\"},\"email\":{\"type\":\"string\"},\"createdAt\":{\"type\":\"datetime\"},\"updatedAt\":{\"type\":\"datetime\"},\"publishedAt\":{\"type\":\"datetime\",\"configurable\":false,\"writable\":true,\"visible\":false},\"createdBy\":{\"type\":\"relation\",\"relation\":\"oneToOne\",\"target\":\"admin::user\",\"configurable\":false,\"writable\":false,\"visible\":false,\"useJoinTable\":false,\"private\":true},\"updatedBy\":{\"type\":\"relation\",\"relation\":\"oneToOne\",\"target\":\"admin::user\",\"configurable\":false,\"writable\":false,\"visible\":false,\"useJoinTable\":false,\"private\":true}},\"__schema__\":{\"collectionName\":\"users_register\",\"info\":{\"singularName\":\"user-register\",\"pluralName\":\"users-register\",\"displayName\":\"Usuarios Registrados\",\"description\":\"\"},\"options\":{\"draftAndPublish\":true},\"pluginOptions\":{},\"attributes\":{\"nombres\":{\"type\":\"string\"},\"apellidos\":{\"type\":\"string\"},\"carrera_interes\":{\"type\":\"string\"},\"celular\":{\"type\":\"string\"},\"email\":{\"type\":\"string\"}},\"kind\":\"collectionType\"},\"modelType\":\"contentType\",\"modelName\":\"user-register\",\"connection\":\"default\",\"uid\":\"api::user-register.user-register\",\"apiName\":\"user-register\",\"globalId\":\"UserRegister\",\"actions\":{},\"lifecycles\":{}}}','object',NULL,NULL),(2,'plugin_content_manager_configuration_content_types::admin::user','{\"uid\":\"admin::user\",\"settings\":{\"bulkable\":true,\"filterable\":true,\"searchable\":true,\"pageSize\":10,\"mainField\":\"firstname\",\"defaultSortBy\":\"firstname\",\"defaultSortOrder\":\"ASC\"},\"metadatas\":{\"id\":{\"edit\":{},\"list\":{\"label\":\"id\",\"searchable\":true,\"sortable\":true}},\"firstname\":{\"edit\":{\"label\":\"firstname\",\"description\":\"\",\"placeholder\":\"\",\"visible\":true,\"editable\":true},\"list\":{\"label\":\"firstname\",\"searchable\":true,\"sortable\":true}},\"lastname\":{\"edit\":{\"label\":\"lastname\",\"description\":\"\",\"placeholder\":\"\",\"visible\":true,\"editable\":true},\"list\":{\"label\":\"lastname\",\"searchable\":true,\"sortable\":true}},\"username\":{\"edit\":{\"label\":\"username\",\"description\":\"\",\"placeholder\":\"\",\"visible\":true,\"editable\":true},\"list\":{\"label\":\"username\",\"searchable\":true,\"sortable\":true}},\"email\":{\"edit\":{\"label\":\"email\",\"description\":\"\",\"placeholder\":\"\",\"visible\":true,\"editable\":true},\"list\":{\"label\":\"email\",\"searchable\":true,\"sortable\":true}},\"password\":{\"edit\":{\"label\":\"password\",\"description\":\"\",\"placeholder\":\"\",\"visible\":true,\"editable\":true},\"list\":{\"label\":\"password\",\"searchable\":true,\"sortable\":true}},\"resetPasswordToken\":{\"edit\":{\"label\":\"resetPasswordToken\",\"description\":\"\",\"placeholder\":\"\",\"visible\":true,\"editable\":true},\"list\":{\"label\":\"resetPasswordToken\",\"searchable\":true,\"sortable\":true}},\"registrationToken\":{\"edit\":{\"label\":\"registrationToken\",\"description\":\"\",\"placeholder\":\"\",\"visible\":true,\"editable\":true},\"list\":{\"label\":\"registrationToken\",\"searchable\":true,\"sortable\":true}},\"isActive\":{\"edit\":{\"label\":\"isActive\",\"description\":\"\",\"placeholder\":\"\",\"visible\":true,\"editable\":true},\"list\":{\"label\":\"isActive\",\"searchable\":true,\"sortable\":true}},\"roles\":{\"edit\":{\"label\":\"roles\",\"description\":\"\",\"placeholder\":\"\",\"visible\":true,\"editable\":true,\"mainField\":\"name\"},\"list\":{\"label\":\"roles\",\"searchable\":false,\"sortable\":false}},\"blocked\":{\"edit\":{\"label\":\"blocked\",\"description\":\"\",\"placeholder\":\"\",\"visible\":true,\"editable\":true},\"list\":{\"label\":\"blocked\",\"searchable\":true,\"sortable\":true}},\"preferedLanguage\":{\"edit\":{\"label\":\"preferedLanguage\",\"description\":\"\",\"placeholder\":\"\",\"visible\":true,\"editable\":true},\"list\":{\"label\":\"preferedLanguage\",\"searchable\":true,\"sortable\":true}},\"createdAt\":{\"edit\":{\"label\":\"createdAt\",\"description\":\"\",\"placeholder\":\"\",\"visible\":false,\"editable\":true},\"list\":{\"label\":\"createdAt\",\"searchable\":true,\"sortable\":true}},\"updatedAt\":{\"edit\":{\"label\":\"updatedAt\",\"description\":\"\",\"placeholder\":\"\",\"visible\":false,\"editable\":true},\"list\":{\"label\":\"updatedAt\",\"searchable\":true,\"sortable\":true}},\"createdBy\":{\"edit\":{\"label\":\"createdBy\",\"description\":\"\",\"placeholder\":\"\",\"visible\":false,\"editable\":true,\"mainField\":\"firstname\"},\"list\":{\"label\":\"createdBy\",\"searchable\":true,\"sortable\":true}},\"updatedBy\":{\"edit\":{\"label\":\"updatedBy\",\"description\":\"\",\"placeholder\":\"\",\"visible\":false,\"editable\":true,\"mainField\":\"firstname\"},\"list\":{\"label\":\"updatedBy\",\"searchable\":true,\"sortable\":true}}},\"layouts\":{\"list\":[\"id\",\"firstname\",\"lastname\",\"username\"],\"edit\":[[{\"name\":\"firstname\",\"size\":6},{\"name\":\"lastname\",\"size\":6}],[{\"name\":\"username\",\"size\":6},{\"name\":\"email\",\"size\":6}],[{\"name\":\"password\",\"size\":6}],[{\"name\":\"isActive\",\"size\":4}],[{\"name\":\"roles\",\"size\":6},{\"name\":\"blocked\",\"size\":4}],[{\"name\":\"preferedLanguage\",\"size\":6}]]}}','object',NULL,NULL),(3,'plugin_content_manager_configuration_content_types::admin::permission','{\"uid\":\"admin::permission\",\"settings\":{\"bulkable\":true,\"filterable\":true,\"searchable\":true,\"pageSize\":10,\"mainField\":\"action\",\"defaultSortBy\":\"action\",\"defaultSortOrder\":\"ASC\"},\"metadatas\":{\"id\":{\"edit\":{},\"list\":{\"label\":\"id\",\"searchable\":true,\"sortable\":true}},\"action\":{\"edit\":{\"label\":\"action\",\"description\":\"\",\"placeholder\":\"\",\"visible\":true,\"editable\":true},\"list\":{\"label\":\"action\",\"searchable\":true,\"sortable\":true}},\"actionParameters\":{\"edit\":{\"label\":\"actionParameters\",\"description\":\"\",\"placeholder\":\"\",\"visible\":true,\"editable\":true},\"list\":{\"label\":\"actionParameters\",\"searchable\":false,\"sortable\":false}},\"subject\":{\"edit\":{\"label\":\"subject\",\"description\":\"\",\"placeholder\":\"\",\"visible\":true,\"editable\":true},\"list\":{\"label\":\"subject\",\"searchable\":true,\"sortable\":true}},\"properties\":{\"edit\":{\"label\":\"properties\",\"description\":\"\",\"placeholder\":\"\",\"visible\":true,\"editable\":true},\"list\":{\"label\":\"properties\",\"searchable\":false,\"sortable\":false}},\"conditions\":{\"edit\":{\"label\":\"conditions\",\"description\":\"\",\"placeholder\":\"\",\"visible\":true,\"editable\":true},\"list\":{\"label\":\"conditions\",\"searchable\":false,\"sortable\":false}},\"role\":{\"edit\":{\"label\":\"role\",\"description\":\"\",\"placeholder\":\"\",\"visible\":true,\"editable\":true,\"mainField\":\"name\"},\"list\":{\"label\":\"role\",\"searchable\":true,\"sortable\":true}},\"createdAt\":{\"edit\":{\"label\":\"createdAt\",\"description\":\"\",\"placeholder\":\"\",\"visible\":false,\"editable\":true},\"list\":{\"label\":\"createdAt\",\"searchable\":true,\"sortable\":true}},\"updatedAt\":{\"edit\":{\"label\":\"updatedAt\",\"description\":\"\",\"placeholder\":\"\",\"visible\":false,\"editable\":true},\"list\":{\"label\":\"updatedAt\",\"searchable\":true,\"sortable\":true}},\"createdBy\":{\"edit\":{\"label\":\"createdBy\",\"description\":\"\",\"placeholder\":\"\",\"visible\":false,\"editable\":true,\"mainField\":\"firstname\"},\"list\":{\"label\":\"createdBy\",\"searchable\":true,\"sortable\":true}},\"updatedBy\":{\"edit\":{\"label\":\"updatedBy\",\"description\":\"\",\"placeholder\":\"\",\"visible\":false,\"editable\":true,\"mainField\":\"firstname\"},\"list\":{\"label\":\"updatedBy\",\"searchable\":true,\"sortable\":true}}},\"layouts\":{\"list\":[\"id\",\"action\",\"subject\",\"role\"],\"edit\":[[{\"name\":\"action\",\"size\":6},{\"name\":\"subject\",\"size\":6}],[{\"name\":\"properties\",\"size\":12}],[{\"name\":\"conditions\",\"size\":12}],[{\"name\":\"role\",\"size\":6}],[{\"name\":\"actionParameters\",\"size\":12}]]}}','object',NULL,NULL),(4,'plugin_content_manager_configuration_content_types::admin::role','{\"uid\":\"admin::role\",\"settings\":{\"bulkable\":true,\"filterable\":true,\"searchable\":true,\"pageSize\":10,\"mainField\":\"name\",\"defaultSortBy\":\"name\",\"defaultSortOrder\":\"ASC\"},\"metadatas\":{\"id\":{\"edit\":{},\"list\":{\"label\":\"id\",\"searchable\":true,\"sortable\":true}},\"name\":{\"edit\":{\"label\":\"name\",\"description\":\"\",\"placeholder\":\"\",\"visible\":true,\"editable\":true},\"list\":{\"label\":\"name\",\"searchable\":true,\"sortable\":true}},\"code\":{\"edit\":{\"label\":\"code\",\"description\":\"\",\"placeholder\":\"\",\"visible\":true,\"editable\":true},\"list\":{\"label\":\"code\",\"searchable\":true,\"sortable\":true}},\"description\":{\"edit\":{\"label\":\"description\",\"description\":\"\",\"placeholder\":\"\",\"visible\":true,\"editable\":true},\"list\":{\"label\":\"description\",\"searchable\":true,\"sortable\":true}},\"users\":{\"edit\":{\"label\":\"users\",\"description\":\"\",\"placeholder\":\"\",\"visible\":true,\"editable\":true,\"mainField\":\"firstname\"},\"list\":{\"label\":\"users\",\"searchable\":false,\"sortable\":false}},\"permissions\":{\"edit\":{\"label\":\"permissions\",\"description\":\"\",\"placeholder\":\"\",\"visible\":true,\"editable\":true,\"mainField\":\"action\"},\"list\":{\"label\":\"permissions\",\"searchable\":false,\"sortable\":false}},\"createdAt\":{\"edit\":{\"label\":\"createdAt\",\"description\":\"\",\"placeholder\":\"\",\"visible\":false,\"editable\":true},\"list\":{\"label\":\"createdAt\",\"searchable\":true,\"sortable\":true}},\"updatedAt\":{\"edit\":{\"label\":\"updatedAt\",\"description\":\"\",\"placeholder\":\"\",\"visible\":false,\"editable\":true},\"list\":{\"label\":\"updatedAt\",\"searchable\":true,\"sortable\":true}},\"createdBy\":{\"edit\":{\"label\":\"createdBy\",\"description\":\"\",\"placeholder\":\"\",\"visible\":false,\"editable\":true,\"mainField\":\"firstname\"},\"list\":{\"label\":\"createdBy\",\"searchable\":true,\"sortable\":true}},\"updatedBy\":{\"edit\":{\"label\":\"updatedBy\",\"description\":\"\",\"placeholder\":\"\",\"visible\":false,\"editable\":true,\"mainField\":\"firstname\"},\"list\":{\"label\":\"updatedBy\",\"searchable\":true,\"sortable\":true}}},\"layouts\":{\"list\":[\"id\",\"name\",\"code\",\"description\"],\"edit\":[[{\"name\":\"name\",\"size\":6},{\"name\":\"code\",\"size\":6}],[{\"name\":\"description\",\"size\":6},{\"name\":\"users\",\"size\":6}],[{\"name\":\"permissions\",\"size\":6}]]}}','object',NULL,NULL),(5,'plugin_content_manager_configuration_content_types::admin::api-token','{\"uid\":\"admin::api-token\",\"settings\":{\"bulkable\":true,\"filterable\":true,\"searchable\":true,\"pageSize\":10,\"mainField\":\"name\",\"defaultSortBy\":\"name\",\"defaultSortOrder\":\"ASC\"},\"metadatas\":{\"id\":{\"edit\":{},\"list\":{\"label\":\"id\",\"searchable\":true,\"sortable\":true}},\"name\":{\"edit\":{\"label\":\"name\",\"description\":\"\",\"placeholder\":\"\",\"visible\":true,\"editable\":true},\"list\":{\"label\":\"name\",\"searchable\":true,\"sortable\":true}},\"description\":{\"edit\":{\"label\":\"description\",\"description\":\"\",\"placeholder\":\"\",\"visible\":true,\"editable\":true},\"list\":{\"label\":\"description\",\"searchable\":true,\"sortable\":true}},\"type\":{\"edit\":{\"label\":\"type\",\"description\":\"\",\"placeholder\":\"\",\"visible\":true,\"editable\":true},\"list\":{\"label\":\"type\",\"searchable\":true,\"sortable\":true}},\"accessKey\":{\"edit\":{\"label\":\"accessKey\",\"description\":\"\",\"placeholder\":\"\",\"visible\":true,\"editable\":true},\"list\":{\"label\":\"accessKey\",\"searchable\":true,\"sortable\":true}},\"lastUsedAt\":{\"edit\":{\"label\":\"lastUsedAt\",\"description\":\"\",\"placeholder\":\"\",\"visible\":true,\"editable\":true},\"list\":{\"label\":\"lastUsedAt\",\"searchable\":true,\"sortable\":true}},\"permissions\":{\"edit\":{\"label\":\"permissions\",\"description\":\"\",\"placeholder\":\"\",\"visible\":true,\"editable\":true,\"mainField\":\"action\"},\"list\":{\"label\":\"permissions\",\"searchable\":false,\"sortable\":false}},\"expiresAt\":{\"edit\":{\"label\":\"expiresAt\",\"description\":\"\",\"placeholder\":\"\",\"visible\":true,\"editable\":true},\"list\":{\"label\":\"expiresAt\",\"searchable\":true,\"sortable\":true}},\"lifespan\":{\"edit\":{\"label\":\"lifespan\",\"description\":\"\",\"placeholder\":\"\",\"visible\":true,\"editable\":true},\"list\":{\"label\":\"lifespan\",\"searchable\":true,\"sortable\":true}},\"createdAt\":{\"edit\":{\"label\":\"createdAt\",\"description\":\"\",\"placeholder\":\"\",\"visible\":false,\"editable\":true},\"list\":{\"label\":\"createdAt\",\"searchable\":true,\"sortable\":true}},\"updatedAt\":{\"edit\":{\"label\":\"updatedAt\",\"description\":\"\",\"placeholder\":\"\",\"visible\":false,\"editable\":true},\"list\":{\"label\":\"updatedAt\",\"searchable\":true,\"sortable\":true}},\"createdBy\":{\"edit\":{\"label\":\"createdBy\",\"description\":\"\",\"placeholder\":\"\",\"visible\":false,\"editable\":true,\"mainField\":\"firstname\"},\"list\":{\"label\":\"createdBy\",\"searchable\":true,\"sortable\":true}},\"updatedBy\":{\"edit\":{\"label\":\"updatedBy\",\"description\":\"\",\"placeholder\":\"\",\"visible\":false,\"editable\":true,\"mainField\":\"firstname\"},\"list\":{\"label\":\"updatedBy\",\"searchable\":true,\"sortable\":true}}},\"layouts\":{\"list\":[\"id\",\"name\",\"description\",\"type\"],\"edit\":[[{\"name\":\"name\",\"size\":6},{\"name\":\"description\",\"size\":6}],[{\"name\":\"type\",\"size\":6},{\"name\":\"accessKey\",\"size\":6}],[{\"name\":\"lastUsedAt\",\"size\":6},{\"name\":\"permissions\",\"size\":6}],[{\"name\":\"expiresAt\",\"size\":6},{\"name\":\"lifespan\",\"size\":4}]]}}','object',NULL,NULL),(6,'plugin_content_manager_configuration_content_types::admin::api-token-permission','{\"uid\":\"admin::api-token-permission\",\"settings\":{\"bulkable\":true,\"filterable\":true,\"searchable\":true,\"pageSize\":10,\"mainField\":\"action\",\"defaultSortBy\":\"action\",\"defaultSortOrder\":\"ASC\"},\"metadatas\":{\"id\":{\"edit\":{},\"list\":{\"label\":\"id\",\"searchable\":true,\"sortable\":true}},\"action\":{\"edit\":{\"label\":\"action\",\"description\":\"\",\"placeholder\":\"\",\"visible\":true,\"editable\":true},\"list\":{\"label\":\"action\",\"searchable\":true,\"sortable\":true}},\"token\":{\"edit\":{\"label\":\"token\",\"description\":\"\",\"placeholder\":\"\",\"visible\":true,\"editable\":true,\"mainField\":\"name\"},\"list\":{\"label\":\"token\",\"searchable\":true,\"sortable\":true}},\"createdAt\":{\"edit\":{\"label\":\"createdAt\",\"description\":\"\",\"placeholder\":\"\",\"visible\":false,\"editable\":true},\"list\":{\"label\":\"createdAt\",\"searchable\":true,\"sortable\":true}},\"updatedAt\":{\"edit\":{\"label\":\"updatedAt\",\"description\":\"\",\"placeholder\":\"\",\"visible\":false,\"editable\":true},\"list\":{\"label\":\"updatedAt\",\"searchable\":true,\"sortable\":true}},\"createdBy\":{\"edit\":{\"label\":\"createdBy\",\"description\":\"\",\"placeholder\":\"\",\"visible\":false,\"editable\":true,\"mainField\":\"firstname\"},\"list\":{\"label\":\"createdBy\",\"searchable\":true,\"sortable\":true}},\"updatedBy\":{\"edit\":{\"label\":\"updatedBy\",\"description\":\"\",\"placeholder\":\"\",\"visible\":false,\"editable\":true,\"mainField\":\"firstname\"},\"list\":{\"label\":\"updatedBy\",\"searchable\":true,\"sortable\":true}}},\"layouts\":{\"list\":[\"id\",\"action\",\"token\",\"createdAt\"],\"edit\":[[{\"name\":\"action\",\"size\":6},{\"name\":\"token\",\"size\":6}]]}}','object',NULL,NULL),(7,'plugin_content_manager_configuration_content_types::plugin::upload.file','{\"uid\":\"plugin::upload.file\",\"settings\":{\"bulkable\":true,\"filterable\":true,\"searchable\":true,\"pageSize\":10,\"mainField\":\"name\",\"defaultSortBy\":\"name\",\"defaultSortOrder\":\"ASC\"},\"metadatas\":{\"id\":{\"edit\":{},\"list\":{\"label\":\"id\",\"searchable\":true,\"sortable\":true}},\"name\":{\"edit\":{\"label\":\"name\",\"description\":\"\",\"placeholder\":\"\",\"visible\":true,\"editable\":true},\"list\":{\"label\":\"name\",\"searchable\":true,\"sortable\":true}},\"alternativeText\":{\"edit\":{\"label\":\"alternativeText\",\"description\":\"\",\"placeholder\":\"\",\"visible\":true,\"editable\":true},\"list\":{\"label\":\"alternativeText\",\"searchable\":true,\"sortable\":true}},\"caption\":{\"edit\":{\"label\":\"caption\",\"description\":\"\",\"placeholder\":\"\",\"visible\":true,\"editable\":true},\"list\":{\"label\":\"caption\",\"searchable\":true,\"sortable\":true}},\"width\":{\"edit\":{\"label\":\"width\",\"description\":\"\",\"placeholder\":\"\",\"visible\":true,\"editable\":true},\"list\":{\"label\":\"width\",\"searchable\":true,\"sortable\":true}},\"height\":{\"edit\":{\"label\":\"height\",\"description\":\"\",\"placeholder\":\"\",\"visible\":true,\"editable\":true},\"list\":{\"label\":\"height\",\"searchable\":true,\"sortable\":true}},\"formats\":{\"edit\":{\"label\":\"formats\",\"description\":\"\",\"placeholder\":\"\",\"visible\":true,\"editable\":true},\"list\":{\"label\":\"formats\",\"searchable\":false,\"sortable\":false}},\"hash\":{\"edit\":{\"label\":\"hash\",\"description\":\"\",\"placeholder\":\"\",\"visible\":true,\"editable\":true},\"list\":{\"label\":\"hash\",\"searchable\":true,\"sortable\":true}},\"ext\":{\"edit\":{\"label\":\"ext\",\"description\":\"\",\"placeholder\":\"\",\"visible\":true,\"editable\":true},\"list\":{\"label\":\"ext\",\"searchable\":true,\"sortable\":true}},\"mime\":{\"edit\":{\"label\":\"mime\",\"description\":\"\",\"placeholder\":\"\",\"visible\":true,\"editable\":true},\"list\":{\"label\":\"mime\",\"searchable\":true,\"sortable\":true}},\"size\":{\"edit\":{\"label\":\"size\",\"description\":\"\",\"placeholder\":\"\",\"visible\":true,\"editable\":true},\"list\":{\"label\":\"size\",\"searchable\":true,\"sortable\":true}},\"url\":{\"edit\":{\"label\":\"url\",\"description\":\"\",\"placeholder\":\"\",\"visible\":true,\"editable\":true},\"list\":{\"label\":\"url\",\"searchable\":true,\"sortable\":true}},\"previewUrl\":{\"edit\":{\"label\":\"previewUrl\",\"description\":\"\",\"placeholder\":\"\",\"visible\":true,\"editable\":true},\"list\":{\"label\":\"previewUrl\",\"searchable\":true,\"sortable\":true}},\"provider\":{\"edit\":{\"label\":\"provider\",\"description\":\"\",\"placeholder\":\"\",\"visible\":true,\"editable\":true},\"list\":{\"label\":\"provider\",\"searchable\":true,\"sortable\":true}},\"provider_metadata\":{\"edit\":{\"label\":\"provider_metadata\",\"description\":\"\",\"placeholder\":\"\",\"visible\":true,\"editable\":true},\"list\":{\"label\":\"provider_metadata\",\"searchable\":false,\"sortable\":false}},\"folder\":{\"edit\":{\"label\":\"folder\",\"description\":\"\",\"placeholder\":\"\",\"visible\":true,\"editable\":true,\"mainField\":\"name\"},\"list\":{\"label\":\"folder\",\"searchable\":true,\"sortable\":true}},\"folderPath\":{\"edit\":{\"label\":\"folderPath\",\"description\":\"\",\"placeholder\":\"\",\"visible\":true,\"editable\":true},\"list\":{\"label\":\"folderPath\",\"searchable\":true,\"sortable\":true}},\"createdAt\":{\"edit\":{\"label\":\"createdAt\",\"description\":\"\",\"placeholder\":\"\",\"visible\":false,\"editable\":true},\"list\":{\"label\":\"createdAt\",\"searchable\":true,\"sortable\":true}},\"updatedAt\":{\"edit\":{\"label\":\"updatedAt\",\"description\":\"\",\"placeholder\":\"\",\"visible\":false,\"editable\":true},\"list\":{\"label\":\"updatedAt\",\"searchable\":true,\"sortable\":true}},\"createdBy\":{\"edit\":{\"label\":\"createdBy\",\"description\":\"\",\"placeholder\":\"\",\"visible\":false,\"editable\":true,\"mainField\":\"firstname\"},\"list\":{\"label\":\"createdBy\",\"searchable\":true,\"sortable\":true}},\"updatedBy\":{\"edit\":{\"label\":\"updatedBy\",\"description\":\"\",\"placeholder\":\"\",\"visible\":false,\"editable\":true,\"mainField\":\"firstname\"},\"list\":{\"label\":\"updatedBy\",\"searchable\":true,\"sortable\":true}}},\"layouts\":{\"list\":[\"id\",\"name\",\"alternativeText\",\"caption\"],\"edit\":[[{\"name\":\"name\",\"size\":6},{\"name\":\"alternativeText\",\"size\":6}],[{\"name\":\"caption\",\"size\":6},{\"name\":\"width\",\"size\":4}],[{\"name\":\"height\",\"size\":4}],[{\"name\":\"formats\",\"size\":12}],[{\"name\":\"hash\",\"size\":6},{\"name\":\"ext\",\"size\":6}],[{\"name\":\"mime\",\"size\":6},{\"name\":\"size\",\"size\":4}],[{\"name\":\"url\",\"size\":6},{\"name\":\"previewUrl\",\"size\":6}],[{\"name\":\"provider\",\"size\":6}],[{\"name\":\"provider_metadata\",\"size\":12}],[{\"name\":\"folder\",\"size\":6},{\"name\":\"folderPath\",\"size\":6}]]}}','object',NULL,NULL),(8,'plugin_content_manager_configuration_content_types::plugin::upload.folder','{\"uid\":\"plugin::upload.folder\",\"settings\":{\"bulkable\":true,\"filterable\":true,\"searchable\":true,\"pageSize\":10,\"mainField\":\"name\",\"defaultSortBy\":\"name\",\"defaultSortOrder\":\"ASC\"},\"metadatas\":{\"id\":{\"edit\":{},\"list\":{\"label\":\"id\",\"searchable\":true,\"sortable\":true}},\"name\":{\"edit\":{\"label\":\"name\",\"description\":\"\",\"placeholder\":\"\",\"visible\":true,\"editable\":true},\"list\":{\"label\":\"name\",\"searchable\":true,\"sortable\":true}},\"pathId\":{\"edit\":{\"label\":\"pathId\",\"description\":\"\",\"placeholder\":\"\",\"visible\":true,\"editable\":true},\"list\":{\"label\":\"pathId\",\"searchable\":true,\"sortable\":true}},\"parent\":{\"edit\":{\"label\":\"parent\",\"description\":\"\",\"placeholder\":\"\",\"visible\":true,\"editable\":true,\"mainField\":\"name\"},\"list\":{\"label\":\"parent\",\"searchable\":true,\"sortable\":true}},\"children\":{\"edit\":{\"label\":\"children\",\"description\":\"\",\"placeholder\":\"\",\"visible\":true,\"editable\":true,\"mainField\":\"name\"},\"list\":{\"label\":\"children\",\"searchable\":false,\"sortable\":false}},\"files\":{\"edit\":{\"label\":\"files\",\"description\":\"\",\"placeholder\":\"\",\"visible\":true,\"editable\":true,\"mainField\":\"name\"},\"list\":{\"label\":\"files\",\"searchable\":false,\"sortable\":false}},\"path\":{\"edit\":{\"label\":\"path\",\"description\":\"\",\"placeholder\":\"\",\"visible\":true,\"editable\":true},\"list\":{\"label\":\"path\",\"searchable\":true,\"sortable\":true}},\"createdAt\":{\"edit\":{\"label\":\"createdAt\",\"description\":\"\",\"placeholder\":\"\",\"visible\":false,\"editable\":true},\"list\":{\"label\":\"createdAt\",\"searchable\":true,\"sortable\":true}},\"updatedAt\":{\"edit\":{\"label\":\"updatedAt\",\"description\":\"\",\"placeholder\":\"\",\"visible\":false,\"editable\":true},\"list\":{\"label\":\"updatedAt\",\"searchable\":true,\"sortable\":true}},\"createdBy\":{\"edit\":{\"label\":\"createdBy\",\"description\":\"\",\"placeholder\":\"\",\"visible\":false,\"editable\":true,\"mainField\":\"firstname\"},\"list\":{\"label\":\"createdBy\",\"searchable\":true,\"sortable\":true}},\"updatedBy\":{\"edit\":{\"label\":\"updatedBy\",\"description\":\"\",\"placeholder\":\"\",\"visible\":false,\"editable\":true,\"mainField\":\"firstname\"},\"list\":{\"label\":\"updatedBy\",\"searchable\":true,\"sortable\":true}}},\"layouts\":{\"list\":[\"id\",\"name\",\"pathId\",\"parent\"],\"edit\":[[{\"name\":\"name\",\"size\":6},{\"name\":\"pathId\",\"size\":4}],[{\"name\":\"parent\",\"size\":6},{\"name\":\"children\",\"size\":6}],[{\"name\":\"files\",\"size\":6},{\"name\":\"path\",\"size\":6}]]}}','object',NULL,NULL),(9,'plugin_content_manager_configuration_content_types::plugin::ezforms.submission','{\"uid\":\"plugin::ezforms.submission\",\"settings\":{\"bulkable\":true,\"filterable\":true,\"searchable\":true,\"pageSize\":10,\"mainField\":\"score\",\"defaultSortBy\":\"score\",\"defaultSortOrder\":\"ASC\"},\"metadatas\":{\"id\":{\"edit\":{},\"list\":{\"label\":\"id\",\"searchable\":true,\"sortable\":true}},\"score\":{\"edit\":{\"label\":\"score\",\"description\":\"\",\"placeholder\":\"\",\"visible\":true,\"editable\":true},\"list\":{\"label\":\"score\",\"searchable\":true,\"sortable\":true}},\"formName\":{\"edit\":{\"label\":\"formName\",\"description\":\"\",\"placeholder\":\"\",\"visible\":true,\"editable\":true},\"list\":{\"label\":\"formName\",\"searchable\":true,\"sortable\":true}},\"data\":{\"edit\":{\"label\":\"data\",\"description\":\"\",\"placeholder\":\"\",\"visible\":true,\"editable\":true},\"list\":{\"label\":\"data\",\"searchable\":false,\"sortable\":false}},\"createdAt\":{\"edit\":{\"label\":\"createdAt\",\"description\":\"\",\"placeholder\":\"\",\"visible\":false,\"editable\":true},\"list\":{\"label\":\"createdAt\",\"searchable\":true,\"sortable\":true}},\"updatedAt\":{\"edit\":{\"label\":\"updatedAt\",\"description\":\"\",\"placeholder\":\"\",\"visible\":false,\"editable\":true},\"list\":{\"label\":\"updatedAt\",\"searchable\":true,\"sortable\":true}},\"createdBy\":{\"edit\":{\"label\":\"createdBy\",\"description\":\"\",\"placeholder\":\"\",\"visible\":false,\"editable\":true,\"mainField\":\"firstname\"},\"list\":{\"label\":\"createdBy\",\"searchable\":true,\"sortable\":true}},\"updatedBy\":{\"edit\":{\"label\":\"updatedBy\",\"description\":\"\",\"placeholder\":\"\",\"visible\":false,\"editable\":true,\"mainField\":\"firstname\"},\"list\":{\"label\":\"updatedBy\",\"searchable\":true,\"sortable\":true}}},\"layouts\":{\"list\":[\"id\",\"score\",\"formName\",\"createdAt\"],\"edit\":[[{\"name\":\"score\",\"size\":6},{\"name\":\"formName\",\"size\":6}],[{\"name\":\"data\",\"size\":12}]]}}','object',NULL,NULL),(10,'plugin_content_manager_configuration_content_types::plugin::ezforms.recipient','{\"uid\":\"plugin::ezforms.recipient\",\"settings\":{\"bulkable\":true,\"filterable\":true,\"searchable\":true,\"pageSize\":10,\"mainField\":\"name\",\"defaultSortBy\":\"name\",\"defaultSortOrder\":\"ASC\"},\"metadatas\":{\"id\":{\"edit\":{},\"list\":{\"label\":\"id\",\"searchable\":true,\"sortable\":true}},\"name\":{\"edit\":{\"label\":\"name\",\"description\":\"\",\"placeholder\":\"\",\"visible\":true,\"editable\":true},\"list\":{\"label\":\"name\",\"searchable\":true,\"sortable\":true}},\"email\":{\"edit\":{\"label\":\"email\",\"description\":\"\",\"placeholder\":\"\",\"visible\":true,\"editable\":true},\"list\":{\"label\":\"email\",\"searchable\":true,\"sortable\":true}},\"number\":{\"edit\":{\"label\":\"number\",\"description\":\"\",\"placeholder\":\"\",\"visible\":true,\"editable\":true},\"list\":{\"label\":\"number\",\"searchable\":true,\"sortable\":true}},\"createdAt\":{\"edit\":{\"label\":\"createdAt\",\"description\":\"\",\"placeholder\":\"\",\"visible\":false,\"editable\":true},\"list\":{\"label\":\"createdAt\",\"searchable\":true,\"sortable\":true}},\"updatedAt\":{\"edit\":{\"label\":\"updatedAt\",\"description\":\"\",\"placeholder\":\"\",\"visible\":false,\"editable\":true},\"list\":{\"label\":\"updatedAt\",\"searchable\":true,\"sortable\":true}},\"createdBy\":{\"edit\":{\"label\":\"createdBy\",\"description\":\"\",\"placeholder\":\"\",\"visible\":false,\"editable\":true,\"mainField\":\"firstname\"},\"list\":{\"label\":\"createdBy\",\"searchable\":true,\"sortable\":true}},\"updatedBy\":{\"edit\":{\"label\":\"updatedBy\",\"description\":\"\",\"placeholder\":\"\",\"visible\":false,\"editable\":true,\"mainField\":\"firstname\"},\"list\":{\"label\":\"updatedBy\",\"searchable\":true,\"sortable\":true}}},\"layouts\":{\"list\":[\"id\",\"name\",\"email\",\"number\"],\"edit\":[[{\"name\":\"name\",\"size\":6},{\"name\":\"email\",\"size\":6}],[{\"name\":\"number\",\"size\":6}]]}}','object',NULL,NULL),(11,'plugin_content_manager_configuration_content_types::plugin::i18n.locale','{\"uid\":\"plugin::i18n.locale\",\"settings\":{\"bulkable\":true,\"filterable\":true,\"searchable\":true,\"pageSize\":10,\"mainField\":\"name\",\"defaultSortBy\":\"name\",\"defaultSortOrder\":\"ASC\"},\"metadatas\":{\"id\":{\"edit\":{},\"list\":{\"label\":\"id\",\"searchable\":true,\"sortable\":true}},\"name\":{\"edit\":{\"label\":\"name\",\"description\":\"\",\"placeholder\":\"\",\"visible\":true,\"editable\":true},\"list\":{\"label\":\"name\",\"searchable\":true,\"sortable\":true}},\"code\":{\"edit\":{\"label\":\"code\",\"description\":\"\",\"placeholder\":\"\",\"visible\":true,\"editable\":true},\"list\":{\"label\":\"code\",\"searchable\":true,\"sortable\":true}},\"createdAt\":{\"edit\":{\"label\":\"createdAt\",\"description\":\"\",\"placeholder\":\"\",\"visible\":false,\"editable\":true},\"list\":{\"label\":\"createdAt\",\"searchable\":true,\"sortable\":true}},\"updatedAt\":{\"edit\":{\"label\":\"updatedAt\",\"description\":\"\",\"placeholder\":\"\",\"visible\":false,\"editable\":true},\"list\":{\"label\":\"updatedAt\",\"searchable\":true,\"sortable\":true}},\"createdBy\":{\"edit\":{\"label\":\"createdBy\",\"description\":\"\",\"placeholder\":\"\",\"visible\":false,\"editable\":true,\"mainField\":\"firstname\"},\"list\":{\"label\":\"createdBy\",\"searchable\":true,\"sortable\":true}},\"updatedBy\":{\"edit\":{\"label\":\"updatedBy\",\"description\":\"\",\"placeholder\":\"\",\"visible\":false,\"editable\":true,\"mainField\":\"firstname\"},\"list\":{\"label\":\"updatedBy\",\"searchable\":true,\"sortable\":true}}},\"layouts\":{\"list\":[\"id\",\"name\",\"code\",\"createdAt\"],\"edit\":[[{\"name\":\"name\",\"size\":6},{\"name\":\"code\",\"size\":6}]]}}','object',NULL,NULL),(12,'plugin_content_manager_configuration_content_types::plugin::users-permissions.role','{\"uid\":\"plugin::users-permissions.role\",\"settings\":{\"bulkable\":true,\"filterable\":true,\"searchable\":true,\"pageSize\":10,\"mainField\":\"name\",\"defaultSortBy\":\"name\",\"defaultSortOrder\":\"ASC\"},\"metadatas\":{\"id\":{\"edit\":{},\"list\":{\"label\":\"id\",\"searchable\":true,\"sortable\":true}},\"name\":{\"edit\":{\"label\":\"name\",\"description\":\"\",\"placeholder\":\"\",\"visible\":true,\"editable\":true},\"list\":{\"label\":\"name\",\"searchable\":true,\"sortable\":true}},\"description\":{\"edit\":{\"label\":\"description\",\"description\":\"\",\"placeholder\":\"\",\"visible\":true,\"editable\":true},\"list\":{\"label\":\"description\",\"searchable\":true,\"sortable\":true}},\"type\":{\"edit\":{\"label\":\"type\",\"description\":\"\",\"placeholder\":\"\",\"visible\":true,\"editable\":true},\"list\":{\"label\":\"type\",\"searchable\":true,\"sortable\":true}},\"permissions\":{\"edit\":{\"label\":\"permissions\",\"description\":\"\",\"placeholder\":\"\",\"visible\":true,\"editable\":true,\"mainField\":\"action\"},\"list\":{\"label\":\"permissions\",\"searchable\":false,\"sortable\":false}},\"users\":{\"edit\":{\"label\":\"users\",\"description\":\"\",\"placeholder\":\"\",\"visible\":true,\"editable\":true,\"mainField\":\"username\"},\"list\":{\"label\":\"users\",\"searchable\":false,\"sortable\":false}},\"createdAt\":{\"edit\":{\"label\":\"createdAt\",\"description\":\"\",\"placeholder\":\"\",\"visible\":false,\"editable\":true},\"list\":{\"label\":\"createdAt\",\"searchable\":true,\"sortable\":true}},\"updatedAt\":{\"edit\":{\"label\":\"updatedAt\",\"description\":\"\",\"placeholder\":\"\",\"visible\":false,\"editable\":true},\"list\":{\"label\":\"updatedAt\",\"searchable\":true,\"sortable\":true}},\"createdBy\":{\"edit\":{\"label\":\"createdBy\",\"description\":\"\",\"placeholder\":\"\",\"visible\":false,\"editable\":true,\"mainField\":\"firstname\"},\"list\":{\"label\":\"createdBy\",\"searchable\":true,\"sortable\":true}},\"updatedBy\":{\"edit\":{\"label\":\"updatedBy\",\"description\":\"\",\"placeholder\":\"\",\"visible\":false,\"editable\":true,\"mainField\":\"firstname\"},\"list\":{\"label\":\"updatedBy\",\"searchable\":true,\"sortable\":true}}},\"layouts\":{\"list\":[\"id\",\"name\",\"description\",\"type\"],\"edit\":[[{\"name\":\"name\",\"size\":6},{\"name\":\"description\",\"size\":6}],[{\"name\":\"type\",\"size\":6},{\"name\":\"permissions\",\"size\":6}],[{\"name\":\"users\",\"size\":6}]]}}','object',NULL,NULL),(13,'plugin_content_manager_configuration_content_types::plugin::users-permissions.permission','{\"uid\":\"plugin::users-permissions.permission\",\"settings\":{\"bulkable\":true,\"filterable\":true,\"searchable\":true,\"pageSize\":10,\"mainField\":\"action\",\"defaultSortBy\":\"action\",\"defaultSortOrder\":\"ASC\"},\"metadatas\":{\"id\":{\"edit\":{},\"list\":{\"label\":\"id\",\"searchable\":true,\"sortable\":true}},\"action\":{\"edit\":{\"label\":\"action\",\"description\":\"\",\"placeholder\":\"\",\"visible\":true,\"editable\":true},\"list\":{\"label\":\"action\",\"searchable\":true,\"sortable\":true}},\"role\":{\"edit\":{\"label\":\"role\",\"description\":\"\",\"placeholder\":\"\",\"visible\":true,\"editable\":true,\"mainField\":\"name\"},\"list\":{\"label\":\"role\",\"searchable\":true,\"sortable\":true}},\"createdAt\":{\"edit\":{\"label\":\"createdAt\",\"description\":\"\",\"placeholder\":\"\",\"visible\":false,\"editable\":true},\"list\":{\"label\":\"createdAt\",\"searchable\":true,\"sortable\":true}},\"updatedAt\":{\"edit\":{\"label\":\"updatedAt\",\"description\":\"\",\"placeholder\":\"\",\"visible\":false,\"editable\":true},\"list\":{\"label\":\"updatedAt\",\"searchable\":true,\"sortable\":true}},\"createdBy\":{\"edit\":{\"label\":\"createdBy\",\"description\":\"\",\"placeholder\":\"\",\"visible\":false,\"editable\":true,\"mainField\":\"firstname\"},\"list\":{\"label\":\"createdBy\",\"searchable\":true,\"sortable\":true}},\"updatedBy\":{\"edit\":{\"label\":\"updatedBy\",\"description\":\"\",\"placeholder\":\"\",\"visible\":false,\"editable\":true,\"mainField\":\"firstname\"},\"list\":{\"label\":\"updatedBy\",\"searchable\":true,\"sortable\":true}}},\"layouts\":{\"list\":[\"id\",\"action\",\"role\",\"createdAt\"],\"edit\":[[{\"name\":\"action\",\"size\":6},{\"name\":\"role\",\"size\":6}]]}}','object',NULL,NULL),(14,'plugin_content_manager_configuration_content_types::plugin::users-permissions.user','{\"uid\":\"plugin::users-permissions.user\",\"settings\":{\"bulkable\":true,\"filterable\":true,\"searchable\":true,\"pageSize\":10,\"mainField\":\"username\",\"defaultSortBy\":\"username\",\"defaultSortOrder\":\"ASC\"},\"metadatas\":{\"id\":{\"edit\":{},\"list\":{\"label\":\"id\",\"searchable\":true,\"sortable\":true}},\"username\":{\"edit\":{\"label\":\"username\",\"description\":\"\",\"placeholder\":\"\",\"visible\":true,\"editable\":true},\"list\":{\"label\":\"username\",\"searchable\":true,\"sortable\":true}},\"email\":{\"edit\":{\"label\":\"email\",\"description\":\"\",\"placeholder\":\"\",\"visible\":true,\"editable\":true},\"list\":{\"label\":\"email\",\"searchable\":true,\"sortable\":true}},\"provider\":{\"edit\":{\"label\":\"provider\",\"description\":\"\",\"placeholder\":\"\",\"visible\":false,\"editable\":true},\"list\":{\"label\":\"provider\",\"searchable\":true,\"sortable\":true}},\"password\":{\"edit\":{\"label\":\"password\",\"description\":\"\",\"placeholder\":\"\",\"visible\":true,\"editable\":true},\"list\":{\"label\":\"password\",\"searchable\":true,\"sortable\":true}},\"resetPasswordToken\":{\"edit\":{\"label\":\"resetPasswordToken\",\"description\":\"\",\"placeholder\":\"\",\"visible\":false,\"editable\":true},\"list\":{\"label\":\"resetPasswordToken\",\"searchable\":true,\"sortable\":true}},\"confirmationToken\":{\"edit\":{\"label\":\"confirmationToken\",\"description\":\"\",\"placeholder\":\"\",\"visible\":false,\"editable\":true},\"list\":{\"label\":\"confirmationToken\",\"searchable\":true,\"sortable\":true}},\"confirmed\":{\"edit\":{\"label\":\"confirmed\",\"description\":\"\",\"placeholder\":\"\",\"visible\":true,\"editable\":true},\"list\":{\"label\":\"confirmed\",\"searchable\":true,\"sortable\":true}},\"blocked\":{\"edit\":{\"label\":\"blocked\",\"description\":\"\",\"placeholder\":\"\",\"visible\":true,\"editable\":true},\"list\":{\"label\":\"blocked\",\"searchable\":true,\"sortable\":true}},\"role\":{\"edit\":{\"label\":\"role\",\"description\":\"\",\"placeholder\":\"\",\"visible\":true,\"editable\":true,\"mainField\":\"name\"},\"list\":{\"label\":\"role\",\"searchable\":true,\"sortable\":true}},\"createdAt\":{\"edit\":{\"label\":\"createdAt\",\"description\":\"\",\"placeholder\":\"\",\"visible\":false,\"editable\":true},\"list\":{\"label\":\"createdAt\",\"searchable\":true,\"sortable\":true}},\"updatedAt\":{\"edit\":{\"label\":\"updatedAt\",\"description\":\"\",\"placeholder\":\"\",\"visible\":false,\"editable\":true},\"list\":{\"label\":\"updatedAt\",\"searchable\":true,\"sortable\":true}},\"createdBy\":{\"edit\":{\"label\":\"createdBy\",\"description\":\"\",\"placeholder\":\"\",\"visible\":false,\"editable\":true,\"mainField\":\"firstname\"},\"list\":{\"label\":\"createdBy\",\"searchable\":true,\"sortable\":true}},\"updatedBy\":{\"edit\":{\"label\":\"updatedBy\",\"description\":\"\",\"placeholder\":\"\",\"visible\":false,\"editable\":true,\"mainField\":\"firstname\"},\"list\":{\"label\":\"updatedBy\",\"searchable\":true,\"sortable\":true}}},\"layouts\":{\"list\":[\"id\",\"username\",\"email\",\"confirmed\"],\"edit\":[[{\"name\":\"username\",\"size\":6},{\"name\":\"email\",\"size\":6}],[{\"name\":\"password\",\"size\":6},{\"name\":\"confirmed\",\"size\":4}],[{\"name\":\"blocked\",\"size\":4},{\"name\":\"role\",\"size\":6}]]}}','object',NULL,NULL),(15,'plugin_upload_settings','{\"sizeOptimization\":true,\"responsiveDimensions\":true,\"autoOrientation\":false}','object',NULL,NULL),(16,'plugin_upload_view_configuration','{\"pageSize\":10,\"sort\":\"createdAt:DESC\"}','object',NULL,NULL),(17,'plugin_upload_metrics','{\"weeklySchedule\":\"45 21 11 * * 2\",\"lastWeeklyUpdate\":1731428505057}','object',NULL,NULL),(18,'plugin_i18n_default_locale','\"en\"','string',NULL,NULL),(19,'plugin_users-permissions_grant','{\"email\":{\"enabled\":true,\"icon\":\"envelope\"},\"discord\":{\"enabled\":false,\"icon\":\"discord\",\"key\":\"\",\"secret\":\"\",\"callback\":\"api/auth/discord/callback\",\"scope\":[\"identify\",\"email\"]},\"facebook\":{\"enabled\":false,\"icon\":\"facebook-square\",\"key\":\"\",\"secret\":\"\",\"callback\":\"api/auth/facebook/callback\",\"scope\":[\"email\"]},\"google\":{\"enabled\":false,\"icon\":\"google\",\"key\":\"\",\"secret\":\"\",\"callback\":\"api/auth/google/callback\",\"scope\":[\"email\"]},\"github\":{\"enabled\":false,\"icon\":\"github\",\"key\":\"\",\"secret\":\"\",\"callback\":\"api/auth/github/callback\",\"scope\":[\"user\",\"user:email\"]},\"microsoft\":{\"enabled\":false,\"icon\":\"windows\",\"key\":\"\",\"secret\":\"\",\"callback\":\"api/auth/microsoft/callback\",\"scope\":[\"user.read\"]},\"twitter\":{\"enabled\":false,\"icon\":\"twitter\",\"key\":\"\",\"secret\":\"\",\"callback\":\"api/auth/twitter/callback\"},\"instagram\":{\"enabled\":false,\"icon\":\"instagram\",\"key\":\"\",\"secret\":\"\",\"callback\":\"api/auth/instagram/callback\",\"scope\":[\"user_profile\"]},\"vk\":{\"enabled\":false,\"icon\":\"vk\",\"key\":\"\",\"secret\":\"\",\"callback\":\"api/auth/vk/callback\",\"scope\":[\"email\"]},\"twitch\":{\"enabled\":false,\"icon\":\"twitch\",\"key\":\"\",\"secret\":\"\",\"callback\":\"api/auth/twitch/callback\",\"scope\":[\"user:read:email\"]},\"linkedin\":{\"enabled\":false,\"icon\":\"linkedin\",\"key\":\"\",\"secret\":\"\",\"callback\":\"api/auth/linkedin/callback\",\"scope\":[\"r_liteprofile\",\"r_emailaddress\"]},\"cognito\":{\"enabled\":false,\"icon\":\"aws\",\"key\":\"\",\"secret\":\"\",\"subdomain\":\"my.subdomain.com\",\"callback\":\"api/auth/cognito/callback\",\"scope\":[\"email\",\"openid\",\"profile\"]},\"reddit\":{\"enabled\":false,\"icon\":\"reddit\",\"key\":\"\",\"secret\":\"\",\"state\":true,\"callback\":\"api/auth/reddit/callback\",\"scope\":[\"identity\"]},\"auth0\":{\"enabled\":false,\"icon\":\"\",\"key\":\"\",\"secret\":\"\",\"subdomain\":\"my-tenant.eu\",\"callback\":\"api/auth/auth0/callback\",\"scope\":[\"openid\",\"email\",\"profile\"]},\"cas\":{\"enabled\":false,\"icon\":\"book\",\"key\":\"\",\"secret\":\"\",\"callback\":\"api/auth/cas/callback\",\"scope\":[\"openid email\"],\"subdomain\":\"my.subdomain.com/cas\"},\"patreon\":{\"enabled\":false,\"icon\":\"\",\"key\":\"\",\"secret\":\"\",\"callback\":\"api/auth/patreon/callback\",\"scope\":[\"identity\",\"identity[email]\"]}}','object',NULL,NULL),(20,'plugin_users-permissions_email','{\"reset_password\":{\"display\":\"Email.template.reset_password\",\"icon\":\"sync\",\"options\":{\"from\":{\"name\":\"Administration Panel\",\"email\":\"no-reply@strapi.io\"},\"response_email\":\"\",\"object\":\"Reset password\",\"message\":\"<p>We heard that you lost your password. Sorry about that!</p>\\n\\n<p>But don’t worry! You can use the following link to reset your password:</p>\\n<p><%= URL %>?code=<%= TOKEN %></p>\\n\\n<p>Thanks.</p>\"}},\"email_confirmation\":{\"display\":\"Email.template.email_confirmation\",\"icon\":\"check-square\",\"options\":{\"from\":{\"name\":\"Administration Panel\",\"email\":\"no-reply@strapi.io\"},\"response_email\":\"\",\"object\":\"Account confirmation\",\"message\":\"<p>Thank you for registering!</p>\\n\\n<p>You have to confirm your email address. Please click on the link below.</p>\\n\\n<p><%= URL %>?confirmation=<%= CODE %></p>\\n\\n<p>Thanks.</p>\"}}}','object',NULL,NULL),(21,'plugin_users-permissions_advanced','{\"unique_email\":true,\"allow_register\":true,\"email_confirmation\":false,\"email_reset_password\":null,\"email_confirmation_redirection\":null,\"default_role\":\"authenticated\"}','object',NULL,NULL),(22,'core_admin_auth','{\"providers\":{\"autoRegister\":false,\"defaultRole\":null,\"ssoLockedRoles\":null}}','object',NULL,NULL),(23,'plugin_content_manager_configuration_components::admision.admision-banner','{\"uid\":\"admision.admision-banner\",\"settings\":{\"bulkable\":true,\"filterable\":true,\"searchable\":true,\"pageSize\":10,\"mainField\":\"titulo\",\"defaultSortBy\":\"titulo\",\"defaultSortOrder\":\"ASC\"},\"metadatas\":{\"id\":{\"edit\":{},\"list\":{\"label\":\"id\",\"searchable\":false,\"sortable\":false}},\"titulo\":{\"edit\":{\"label\":\"titulo\",\"description\":\"\",\"placeholder\":\"\",\"visible\":true,\"editable\":true},\"list\":{\"label\":\"titulo\",\"searchable\":true,\"sortable\":true}},\"subtitulo\":{\"edit\":{\"label\":\"subtitulo\",\"description\":\"\",\"placeholder\":\"\",\"visible\":true,\"editable\":true},\"list\":{\"label\":\"subtitulo\",\"searchable\":true,\"sortable\":true}},\"texto\":{\"edit\":{\"label\":\"texto\",\"description\":\"\",\"placeholder\":\"\",\"visible\":true,\"editable\":true},\"list\":{\"label\":\"texto\",\"searchable\":true,\"sortable\":true}},\"image\":{\"edit\":{\"label\":\"image\",\"description\":\"\",\"placeholder\":\"\",\"visible\":true,\"editable\":true},\"list\":{\"label\":\"image\",\"searchable\":false,\"sortable\":false}}},\"layouts\":{\"list\":[\"id\",\"titulo\",\"subtitulo\",\"texto\"],\"edit\":[[{\"name\":\"titulo\",\"size\":6},{\"name\":\"subtitulo\",\"size\":6}],[{\"name\":\"texto\",\"size\":6},{\"name\":\"image\",\"size\":6}]]},\"isComponent\":true}','object',NULL,NULL),(24,'plugin_content_manager_configuration_content_types::api::admision.admision','{\"uid\":\"api::admision.admision\",\"settings\":{\"bulkable\":true,\"filterable\":true,\"searchable\":true,\"pageSize\":10,\"mainField\":\"id\",\"defaultSortBy\":\"id\",\"defaultSortOrder\":\"ASC\"},\"metadatas\":{\"id\":{\"edit\":{},\"list\":{\"label\":\"id\",\"searchable\":true,\"sortable\":true}},\"AdmisionBanner\":{\"edit\":{\"label\":\"AdmisionBanner\",\"description\":\"\",\"placeholder\":\"\",\"visible\":true,\"editable\":true},\"list\":{\"label\":\"AdmisionBanner\",\"searchable\":false,\"sortable\":false}},\"AdmisionForm\":{\"edit\":{\"label\":\"AdmisionForm\",\"description\":\"\",\"placeholder\":\"\",\"visible\":true,\"editable\":true},\"list\":{\"label\":\"AdmisionForm\",\"searchable\":false,\"sortable\":false}},\"AdmisionEspecialidades\":{\"edit\":{\"label\":\"AdmisionEspecialidades\",\"description\":\"\",\"placeholder\":\"\",\"visible\":true,\"editable\":true},\"list\":{\"label\":\"AdmisionEspecialidades\",\"searchable\":false,\"sortable\":false}},\"AdmisionModalidades\":{\"edit\":{\"label\":\"AdmisionModalidades\",\"description\":\"\",\"placeholder\":\"\",\"visible\":true,\"editable\":true},\"list\":{\"label\":\"AdmisionModalidades\",\"searchable\":false,\"sortable\":false}},\"AdmimisionBeneficios\":{\"edit\":{\"label\":\"AdmimisionBeneficios\",\"description\":\"\",\"placeholder\":\"\",\"visible\":true,\"editable\":true},\"list\":{\"label\":\"AdmimisionBeneficios\",\"searchable\":false,\"sortable\":false}},\"AdmisionGaleria\":{\"edit\":{\"label\":\"AdmisionGaleria\",\"description\":\"\",\"placeholder\":\"\",\"visible\":true,\"editable\":true},\"list\":{\"label\":\"AdmisionGaleria\",\"searchable\":false,\"sortable\":false}},\"AdmisionConvenios\":{\"edit\":{\"label\":\"AdmisionConvenios\",\"description\":\"\",\"placeholder\":\"\",\"visible\":true,\"editable\":true},\"list\":{\"label\":\"AdmisionConvenios\",\"searchable\":false,\"sortable\":false}},\"AdmisionTestimonios\":{\"edit\":{\"label\":\"AdmisionTestimonios\",\"description\":\"\",\"placeholder\":\"\",\"visible\":true,\"editable\":true},\"list\":{\"label\":\"AdmisionTestimonios\",\"searchable\":false,\"sortable\":false}},\"AdmisionBlog\":{\"edit\":{\"label\":\"AdmisionBlog\",\"description\":\"\",\"placeholder\":\"\",\"visible\":true,\"editable\":true},\"list\":{\"label\":\"AdmisionBlog\",\"searchable\":false,\"sortable\":false}},\"seo\":{\"edit\":{\"label\":\"seo\",\"description\":\"\",\"placeholder\":\"\",\"visible\":true,\"editable\":true},\"list\":{\"label\":\"seo\",\"searchable\":false,\"sortable\":false}},\"createdAt\":{\"edit\":{\"label\":\"createdAt\",\"description\":\"\",\"placeholder\":\"\",\"visible\":false,\"editable\":true},\"list\":{\"label\":\"createdAt\",\"searchable\":true,\"sortable\":true}},\"updatedAt\":{\"edit\":{\"label\":\"updatedAt\",\"description\":\"\",\"placeholder\":\"\",\"visible\":false,\"editable\":true},\"list\":{\"label\":\"updatedAt\",\"searchable\":true,\"sortable\":true}},\"createdBy\":{\"edit\":{\"label\":\"createdBy\",\"description\":\"\",\"placeholder\":\"\",\"visible\":false,\"editable\":true,\"mainField\":\"firstname\"},\"list\":{\"label\":\"createdBy\",\"searchable\":true,\"sortable\":true}},\"updatedBy\":{\"edit\":{\"label\":\"updatedBy\",\"description\":\"\",\"placeholder\":\"\",\"visible\":false,\"editable\":true,\"mainField\":\"firstname\"},\"list\":{\"label\":\"updatedBy\",\"searchable\":true,\"sortable\":true}}},\"layouts\":{\"list\":[\"id\",\"AdmisionBanner\",\"createdAt\",\"updatedAt\"],\"edit\":[[{\"name\":\"AdmisionBanner\",\"size\":12}],[{\"name\":\"AdmisionForm\",\"size\":12}],[{\"name\":\"AdmisionEspecialidades\",\"size\":12}],[{\"name\":\"AdmisionModalidades\",\"size\":12}],[{\"name\":\"AdmimisionBeneficios\",\"size\":12}],[{\"name\":\"AdmisionBlog\",\"size\":12}],[{\"name\":\"AdmisionConvenios\",\"size\":12}],[{\"name\":\"AdmisionTestimonios\",\"size\":12}],[{\"name\":\"AdmisionGaleria\",\"size\":12}],[{\"name\":\"seo\",\"size\":12}]]}}','object',NULL,NULL),(25,'plugin_content_manager_configuration_content_types::admin::transfer-token','{\"uid\":\"admin::transfer-token\",\"settings\":{\"bulkable\":true,\"filterable\":true,\"searchable\":true,\"pageSize\":10,\"mainField\":\"name\",\"defaultSortBy\":\"name\",\"defaultSortOrder\":\"ASC\"},\"metadatas\":{\"id\":{\"edit\":{},\"list\":{\"label\":\"id\",\"searchable\":true,\"sortable\":true}},\"name\":{\"edit\":{\"label\":\"name\",\"description\":\"\",\"placeholder\":\"\",\"visible\":true,\"editable\":true},\"list\":{\"label\":\"name\",\"searchable\":true,\"sortable\":true}},\"description\":{\"edit\":{\"label\":\"description\",\"description\":\"\",\"placeholder\":\"\",\"visible\":true,\"editable\":true},\"list\":{\"label\":\"description\",\"searchable\":true,\"sortable\":true}},\"accessKey\":{\"edit\":{\"label\":\"accessKey\",\"description\":\"\",\"placeholder\":\"\",\"visible\":true,\"editable\":true},\"list\":{\"label\":\"accessKey\",\"searchable\":true,\"sortable\":true}},\"lastUsedAt\":{\"edit\":{\"label\":\"lastUsedAt\",\"description\":\"\",\"placeholder\":\"\",\"visible\":true,\"editable\":true},\"list\":{\"label\":\"lastUsedAt\",\"searchable\":true,\"sortable\":true}},\"permissions\":{\"edit\":{\"label\":\"permissions\",\"description\":\"\",\"placeholder\":\"\",\"visible\":true,\"editable\":true,\"mainField\":\"action\"},\"list\":{\"label\":\"permissions\",\"searchable\":false,\"sortable\":false}},\"expiresAt\":{\"edit\":{\"label\":\"expiresAt\",\"description\":\"\",\"placeholder\":\"\",\"visible\":true,\"editable\":true},\"list\":{\"label\":\"expiresAt\",\"searchable\":true,\"sortable\":true}},\"lifespan\":{\"edit\":{\"label\":\"lifespan\",\"description\":\"\",\"placeholder\":\"\",\"visible\":true,\"editable\":true},\"list\":{\"label\":\"lifespan\",\"searchable\":true,\"sortable\":true}},\"createdAt\":{\"edit\":{\"label\":\"createdAt\",\"description\":\"\",\"placeholder\":\"\",\"visible\":false,\"editable\":true},\"list\":{\"label\":\"createdAt\",\"searchable\":true,\"sortable\":true}},\"updatedAt\":{\"edit\":{\"label\":\"updatedAt\",\"description\":\"\",\"placeholder\":\"\",\"visible\":false,\"editable\":true},\"list\":{\"label\":\"updatedAt\",\"searchable\":true,\"sortable\":true}},\"createdBy\":{\"edit\":{\"label\":\"createdBy\",\"description\":\"\",\"placeholder\":\"\",\"visible\":false,\"editable\":true,\"mainField\":\"firstname\"},\"list\":{\"label\":\"createdBy\",\"searchable\":true,\"sortable\":true}},\"updatedBy\":{\"edit\":{\"label\":\"updatedBy\",\"description\":\"\",\"placeholder\":\"\",\"visible\":false,\"editable\":true,\"mainField\":\"firstname\"},\"list\":{\"label\":\"updatedBy\",\"searchable\":true,\"sortable\":true}}},\"layouts\":{\"list\":[\"id\",\"name\",\"description\",\"accessKey\"],\"edit\":[[{\"name\":\"name\",\"size\":6},{\"name\":\"description\",\"size\":6}],[{\"name\":\"accessKey\",\"size\":6},{\"name\":\"lastUsedAt\",\"size\":6}],[{\"name\":\"permissions\",\"size\":6},{\"name\":\"expiresAt\",\"size\":6}],[{\"name\":\"lifespan\",\"size\":4}]]}}','object',NULL,NULL),(26,'plugin_content_manager_configuration_content_types::admin::transfer-token-permission','{\"uid\":\"admin::transfer-token-permission\",\"settings\":{\"bulkable\":true,\"filterable\":true,\"searchable\":true,\"pageSize\":10,\"mainField\":\"action\",\"defaultSortBy\":\"action\",\"defaultSortOrder\":\"ASC\"},\"metadatas\":{\"id\":{\"edit\":{},\"list\":{\"label\":\"id\",\"searchable\":true,\"sortable\":true}},\"action\":{\"edit\":{\"label\":\"action\",\"description\":\"\",\"placeholder\":\"\",\"visible\":true,\"editable\":true},\"list\":{\"label\":\"action\",\"searchable\":true,\"sortable\":true}},\"token\":{\"edit\":{\"label\":\"token\",\"description\":\"\",\"placeholder\":\"\",\"visible\":true,\"editable\":true,\"mainField\":\"name\"},\"list\":{\"label\":\"token\",\"searchable\":true,\"sortable\":true}},\"createdAt\":{\"edit\":{\"label\":\"createdAt\",\"description\":\"\",\"placeholder\":\"\",\"visible\":false,\"editable\":true},\"list\":{\"label\":\"createdAt\",\"searchable\":true,\"sortable\":true}},\"updatedAt\":{\"edit\":{\"label\":\"updatedAt\",\"description\":\"\",\"placeholder\":\"\",\"visible\":false,\"editable\":true},\"list\":{\"label\":\"updatedAt\",\"searchable\":true,\"sortable\":true}},\"createdBy\":{\"edit\":{\"label\":\"createdBy\",\"description\":\"\",\"placeholder\":\"\",\"visible\":false,\"editable\":true,\"mainField\":\"firstname\"},\"list\":{\"label\":\"createdBy\",\"searchable\":true,\"sortable\":true}},\"updatedBy\":{\"edit\":{\"label\":\"updatedBy\",\"description\":\"\",\"placeholder\":\"\",\"visible\":false,\"editable\":true,\"mainField\":\"firstname\"},\"list\":{\"label\":\"updatedBy\",\"searchable\":true,\"sortable\":true}}},\"layouts\":{\"list\":[\"id\",\"action\",\"token\",\"createdAt\"],\"edit\":[[{\"name\":\"action\",\"size\":6},{\"name\":\"token\",\"size\":6}]]}}','object',NULL,NULL),(28,'plugin_content_manager_configuration_components::admision.admision-form','{\"uid\":\"admision.admision-form\",\"settings\":{\"bulkable\":true,\"filterable\":true,\"searchable\":true,\"pageSize\":10,\"mainField\":\"titulo\",\"defaultSortBy\":\"id\",\"defaultSortOrder\":\"ASC\"},\"metadatas\":{\"id\":{\"edit\":{},\"list\":{\"label\":\"id\",\"searchable\":false,\"sortable\":false}},\"nombre\":{\"edit\":{\"label\":\"nombre\",\"description\":\"\",\"placeholder\":\"\",\"visible\":true,\"editable\":true},\"list\":{\"label\":\"nombre\",\"searchable\":false,\"sortable\":false}},\"apellido\":{\"edit\":{\"label\":\"apellido\",\"description\":\"\",\"placeholder\":\"\",\"visible\":true,\"editable\":true},\"list\":{\"label\":\"apellido\",\"searchable\":false,\"sortable\":false}},\"carrera\":{\"edit\":{\"label\":\"carrera\",\"description\":\"\",\"placeholder\":\"\",\"visible\":true,\"editable\":true},\"list\":{\"label\":\"carrera\",\"searchable\":false,\"sortable\":false}},\"celular\":{\"edit\":{\"label\":\"celular\",\"description\":\"\",\"placeholder\":\"\",\"visible\":true,\"editable\":true},\"list\":{\"label\":\"celular\",\"searchable\":false,\"sortable\":false}},\"messages\":{\"edit\":{\"label\":\"messages\",\"description\":\"\",\"placeholder\":\"\",\"visible\":true,\"editable\":true},\"list\":{\"label\":\"messages\",\"searchable\":false,\"sortable\":false}},\"titulo\":{\"edit\":{\"label\":\"titulo\",\"description\":\"\",\"placeholder\":\"\",\"visible\":true,\"editable\":true},\"list\":{\"label\":\"titulo\",\"searchable\":true,\"sortable\":true}},\"subtitulo\":{\"edit\":{\"label\":\"subtitulo\",\"description\":\"\",\"placeholder\":\"\",\"visible\":true,\"editable\":true},\"list\":{\"label\":\"subtitulo\",\"searchable\":true,\"sortable\":true}},\"email\":{\"edit\":{\"label\":\"email\",\"description\":\"\",\"placeholder\":\"\",\"visible\":true,\"editable\":true},\"list\":{\"label\":\"email\",\"searchable\":false,\"sortable\":false}}},\"layouts\":{\"list\":[\"id\",\"nombre\",\"apellido\",\"carrera\"],\"edit\":[[{\"name\":\"titulo\",\"size\":6},{\"name\":\"subtitulo\",\"size\":6}],[{\"name\":\"nombre\",\"size\":12}],[{\"name\":\"apellido\",\"size\":12}],[{\"name\":\"carrera\",\"size\":12}],[{\"name\":\"email\",\"size\":12}],[{\"name\":\"celular\",\"size\":12}],[{\"name\":\"messages\",\"size\":12}]]},\"isComponent\":true}','object',NULL,NULL),(29,'plugin_content_manager_configuration_components::admision.input-admision','{\"uid\":\"admision.input-admision\",\"settings\":{\"bulkable\":true,\"filterable\":true,\"searchable\":true,\"pageSize\":10,\"mainField\":\"name\",\"defaultSortBy\":\"name\",\"defaultSortOrder\":\"ASC\"},\"metadatas\":{\"id\":{\"edit\":{},\"list\":{\"label\":\"id\",\"searchable\":false,\"sortable\":false}},\"name\":{\"edit\":{\"label\":\"name\",\"description\":\"\",\"placeholder\":\"\",\"visible\":true,\"editable\":true},\"list\":{\"label\":\"name\",\"searchable\":true,\"sortable\":true}},\"label\":{\"edit\":{\"label\":\"label\",\"description\":\"\",\"placeholder\":\"\",\"visible\":true,\"editable\":true},\"list\":{\"label\":\"label\",\"searchable\":true,\"sortable\":true}}},\"layouts\":{\"list\":[\"id\",\"name\",\"label\"],\"edit\":[[{\"name\":\"name\",\"size\":6},{\"name\":\"label\",\"size\":6}]]},\"isComponent\":true}','object',NULL,NULL),(30,'plugin_content_manager_configuration_components::labels.labels','{\"uid\":\"labels.labels\",\"settings\":{\"bulkable\":true,\"filterable\":true,\"searchable\":true,\"pageSize\":10,\"mainField\":\"lbl_enviar\",\"defaultSortBy\":\"lbl_enviar\",\"defaultSortOrder\":\"ASC\"},\"metadatas\":{\"id\":{\"edit\":{},\"list\":{\"label\":\"id\",\"searchable\":false,\"sortable\":false}},\"lbl_enviar\":{\"edit\":{\"label\":\"lbl_enviar\",\"description\":\"\",\"placeholder\":\"\",\"visible\":true,\"editable\":true},\"list\":{\"label\":\"lbl_enviar\",\"searchable\":true,\"sortable\":true}},\"lbl_leer_mas\":{\"edit\":{\"label\":\"lbl_leer_mas\",\"description\":\"\",\"placeholder\":\"\",\"visible\":true,\"editable\":true},\"list\":{\"label\":\"lbl_leer_mas\",\"searchable\":true,\"sortable\":true}}},\"layouts\":{\"list\":[\"id\",\"lbl_enviar\",\"lbl_leer_mas\"],\"edit\":[[{\"name\":\"lbl_enviar\",\"size\":6},{\"name\":\"lbl_leer_mas\",\"size\":6}]]},\"isComponent\":true}','object',NULL,NULL),(31,'plugin_content_manager_configuration_components::social-networks.redes-sociales','{\"uid\":\"social-networks.redes-sociales\",\"settings\":{\"bulkable\":true,\"filterable\":true,\"searchable\":true,\"pageSize\":10,\"mainField\":\"url\",\"defaultSortBy\":\"url\",\"defaultSortOrder\":\"ASC\"},\"metadatas\":{\"id\":{\"edit\":{},\"list\":{\"label\":\"id\",\"searchable\":false,\"sortable\":false}},\"tipo\":{\"edit\":{\"label\":\"tipo\",\"description\":\"\",\"placeholder\":\"\",\"visible\":true,\"editable\":true},\"list\":{\"label\":\"tipo\",\"searchable\":true,\"sortable\":true}},\"url\":{\"edit\":{\"label\":\"url\",\"description\":\"\",\"placeholder\":\"\",\"visible\":true,\"editable\":true},\"list\":{\"label\":\"url\",\"searchable\":true,\"sortable\":true}}},\"layouts\":{\"list\":[\"id\",\"tipo\",\"url\"],\"edit\":[[{\"name\":\"tipo\",\"size\":6},{\"name\":\"url\",\"size\":6}]]},\"isComponent\":true}','object',NULL,NULL),(32,'plugin_content_manager_configuration_components::informacion.informacion','{\"uid\":\"informacion.informacion\",\"settings\":{\"bulkable\":true,\"filterable\":true,\"searchable\":true,\"pageSize\":10,\"mainField\":\"direccion\",\"defaultSortBy\":\"direccion\",\"defaultSortOrder\":\"ASC\"},\"metadatas\":{\"id\":{\"edit\":{},\"list\":{\"label\":\"id\",\"searchable\":false,\"sortable\":false}},\"direccion\":{\"edit\":{\"label\":\"direccion\",\"description\":\"\",\"placeholder\":\"\",\"visible\":true,\"editable\":true},\"list\":{\"label\":\"direccion\",\"searchable\":true,\"sortable\":true}},\"telefono\":{\"edit\":{\"label\":\"telefono\",\"description\":\"\",\"placeholder\":\"\",\"visible\":true,\"editable\":true},\"list\":{\"label\":\"telefono\",\"searchable\":true,\"sortable\":true}},\"correo\":{\"edit\":{\"label\":\"correo\",\"description\":\"\",\"placeholder\":\"\",\"visible\":true,\"editable\":true},\"list\":{\"label\":\"correo\",\"searchable\":true,\"sortable\":true}},\"horario\":{\"edit\":{\"label\":\"horario\",\"description\":\"\",\"placeholder\":\"\",\"visible\":true,\"editable\":true},\"list\":{\"label\":\"horario\",\"searchable\":true,\"sortable\":true}},\"logo\":{\"edit\":{\"label\":\"logo\",\"description\":\"\",\"placeholder\":\"\",\"visible\":true,\"editable\":true},\"list\":{\"label\":\"logo\",\"searchable\":false,\"sortable\":false}},\"redes_sociales\":{\"edit\":{\"label\":\"redes_sociales\",\"description\":\"\",\"placeholder\":\"\",\"visible\":true,\"editable\":true},\"list\":{\"label\":\"redes_sociales\",\"searchable\":false,\"sortable\":false}}},\"layouts\":{\"list\":[\"id\",\"direccion\",\"telefono\",\"correo\"],\"edit\":[[{\"name\":\"direccion\",\"size\":6},{\"name\":\"telefono\",\"size\":6}],[{\"name\":\"correo\",\"size\":6},{\"name\":\"horario\",\"size\":6}],[{\"name\":\"logo\",\"size\":6}],[{\"name\":\"redes_sociales\",\"size\":12}]]},\"isComponent\":true}','object',NULL,NULL),(33,'plugin_content_manager_configuration_content_types::api::general.general','{\"uid\":\"api::general.general\",\"settings\":{\"bulkable\":true,\"filterable\":true,\"searchable\":true,\"pageSize\":10,\"mainField\":\"id\",\"defaultSortBy\":\"id\",\"defaultSortOrder\":\"ASC\"},\"metadatas\":{\"id\":{\"edit\":{},\"list\":{\"label\":\"id\",\"searchable\":true,\"sortable\":true}},\"label_buttons\":{\"edit\":{\"label\":\"label_buttons\",\"description\":\"\",\"placeholder\":\"\",\"visible\":true,\"editable\":true},\"list\":{\"label\":\"label_buttons\",\"searchable\":false,\"sortable\":false}},\"informacion\":{\"edit\":{\"label\":\"informacion\",\"description\":\"\",\"placeholder\":\"\",\"visible\":true,\"editable\":true},\"list\":{\"label\":\"informacion\",\"searchable\":false,\"sortable\":false}},\"Footer\":{\"edit\":{\"label\":\"Footer\",\"description\":\"\",\"placeholder\":\"\",\"visible\":true,\"editable\":true},\"list\":{\"label\":\"Footer\",\"searchable\":false,\"sortable\":false}},\"createdAt\":{\"edit\":{\"label\":\"createdAt\",\"description\":\"\",\"placeholder\":\"\",\"visible\":false,\"editable\":true},\"list\":{\"label\":\"createdAt\",\"searchable\":true,\"sortable\":true}},\"updatedAt\":{\"edit\":{\"label\":\"updatedAt\",\"description\":\"\",\"placeholder\":\"\",\"visible\":false,\"editable\":true},\"list\":{\"label\":\"updatedAt\",\"searchable\":true,\"sortable\":true}},\"createdBy\":{\"edit\":{\"label\":\"createdBy\",\"description\":\"\",\"placeholder\":\"\",\"visible\":false,\"editable\":true,\"mainField\":\"firstname\"},\"list\":{\"label\":\"createdBy\",\"searchable\":true,\"sortable\":true}},\"updatedBy\":{\"edit\":{\"label\":\"updatedBy\",\"description\":\"\",\"placeholder\":\"\",\"visible\":false,\"editable\":true,\"mainField\":\"firstname\"},\"list\":{\"label\":\"updatedBy\",\"searchable\":true,\"sortable\":true}}},\"layouts\":{\"list\":[\"id\",\"label_buttons\",\"informacion\",\"createdAt\"],\"edit\":[[{\"name\":\"label_buttons\",\"size\":12}],[{\"name\":\"informacion\",\"size\":12}],[{\"name\":\"Footer\",\"size\":12}]]}}','object',NULL,NULL),(34,'plugin_content_manager_configuration_components::admision.admision-especialidades','{\"uid\":\"admision.admision-especialidades\",\"settings\":{\"bulkable\":true,\"filterable\":true,\"searchable\":true,\"pageSize\":10,\"mainField\":\"titulo\",\"defaultSortBy\":\"titulo\",\"defaultSortOrder\":\"ASC\"},\"metadatas\":{\"id\":{\"edit\":{},\"list\":{\"label\":\"id\",\"searchable\":false,\"sortable\":false}},\"titulo\":{\"edit\":{\"label\":\"titulo\",\"description\":\"\",\"placeholder\":\"\",\"visible\":true,\"editable\":true},\"list\":{\"label\":\"titulo\",\"searchable\":true,\"sortable\":true}},\"subtitulo\":{\"edit\":{\"label\":\"subtitulo\",\"description\":\"\",\"placeholder\":\"\",\"visible\":true,\"editable\":true},\"list\":{\"label\":\"subtitulo\",\"searchable\":true,\"sortable\":true}},\"texto\":{\"edit\":{\"label\":\"texto\",\"description\":\"\",\"placeholder\":\"\",\"visible\":true,\"editable\":true},\"list\":{\"label\":\"texto\",\"searchable\":true,\"sortable\":true}}},\"layouts\":{\"list\":[\"id\",\"titulo\",\"subtitulo\",\"texto\"],\"edit\":[[{\"name\":\"titulo\",\"size\":6},{\"name\":\"subtitulo\",\"size\":6}],[{\"name\":\"texto\",\"size\":6}]]},\"isComponent\":true}','object',NULL,NULL),(35,'plugin_content_manager_configuration_components::admision.razones','{\"uid\":\"admision.razones\",\"settings\":{\"bulkable\":true,\"filterable\":true,\"searchable\":true,\"pageSize\":10,\"mainField\":\"titulo\",\"defaultSortBy\":\"titulo\",\"defaultSortOrder\":\"ASC\"},\"metadatas\":{\"id\":{\"edit\":{},\"list\":{\"label\":\"id\",\"searchable\":false,\"sortable\":false}},\"titulo\":{\"edit\":{\"label\":\"titulo\",\"description\":\"\",\"placeholder\":\"\",\"visible\":true,\"editable\":true},\"list\":{\"label\":\"titulo\",\"searchable\":true,\"sortable\":true}},\"descripcion\":{\"edit\":{\"label\":\"descripcion\",\"description\":\"\",\"placeholder\":\"\",\"visible\":true,\"editable\":true},\"list\":{\"label\":\"descripcion\",\"searchable\":true,\"sortable\":true}},\"logo\":{\"edit\":{\"label\":\"logo\",\"description\":\"\",\"placeholder\":\"\",\"visible\":true,\"editable\":true},\"list\":{\"label\":\"logo\",\"searchable\":false,\"sortable\":false}}},\"layouts\":{\"list\":[\"id\",\"titulo\",\"descripcion\",\"logo\"],\"edit\":[[{\"name\":\"titulo\",\"size\":6},{\"name\":\"descripcion\",\"size\":6}],[{\"name\":\"logo\",\"size\":6}]]},\"isComponent\":true}','object',NULL,NULL),(36,'plugin_content_manager_configuration_components::card-especialidad.card-especialidad','{\"uid\":\"card-especialidad.card-especialidad\",\"settings\":{\"bulkable\":true,\"filterable\":true,\"searchable\":true,\"pageSize\":10,\"mainField\":\"id\",\"defaultSortBy\":\"id\",\"defaultSortOrder\":\"ASC\"},\"metadatas\":{\"id\":{\"edit\":{},\"list\":{\"label\":\"id\",\"searchable\":false,\"sortable\":false}}},\"layouts\":{\"list\":[\"id\"],\"edit\":[]},\"isComponent\":true}','object',NULL,NULL),(37,'plugin_content_manager_configuration_components::admision.admision-estudia-con-nosotros','{\"uid\":\"admision.admision-estudia-con-nosotros\",\"settings\":{\"bulkable\":true,\"filterable\":true,\"searchable\":true,\"pageSize\":10,\"mainField\":\"titulo\",\"defaultSortBy\":\"titulo\",\"defaultSortOrder\":\"ASC\"},\"metadatas\":{\"id\":{\"edit\":{},\"list\":{\"label\":\"id\",\"searchable\":false,\"sortable\":false}},\"titulo\":{\"edit\":{\"label\":\"titulo\",\"description\":\"\",\"placeholder\":\"\",\"visible\":true,\"editable\":true},\"list\":{\"label\":\"titulo\",\"searchable\":true,\"sortable\":true}},\"subtitulo\":{\"edit\":{\"label\":\"subtitulo\",\"description\":\"\",\"placeholder\":\"\",\"visible\":true,\"editable\":true},\"list\":{\"label\":\"subtitulo\",\"searchable\":true,\"sortable\":true}},\"image\":{\"edit\":{\"label\":\"image\",\"description\":\"\",\"placeholder\":\"\",\"visible\":true,\"editable\":true},\"list\":{\"label\":\"image\",\"searchable\":false,\"sortable\":false}},\"Modalidad\":{\"edit\":{\"label\":\"Modalidad\",\"description\":\"\",\"placeholder\":\"\",\"visible\":true,\"editable\":true},\"list\":{\"label\":\"Modalidad\",\"searchable\":false,\"sortable\":false}},\"texto\":{\"edit\":{\"label\":\"texto\",\"description\":\"\",\"placeholder\":\"\",\"visible\":true,\"editable\":true},\"list\":{\"label\":\"texto\",\"searchable\":false,\"sortable\":false}}},\"layouts\":{\"list\":[\"id\",\"titulo\",\"subtitulo\",\"Modalidad\"],\"edit\":[[{\"name\":\"titulo\",\"size\":6},{\"name\":\"subtitulo\",\"size\":6}],[{\"name\":\"texto\",\"size\":12}],[{\"name\":\"image\",\"size\":6}],[{\"name\":\"Modalidad\",\"size\":12}]]},\"isComponent\":true}','object',NULL,NULL),(38,'plugin_content_manager_configuration_components::admision.admin-destacados','{\"uid\":\"admision.admin-destacados\",\"settings\":{\"bulkable\":true,\"filterable\":true,\"searchable\":true,\"pageSize\":10,\"mainField\":\"titulo\",\"defaultSortBy\":\"id\",\"defaultSortOrder\":\"ASC\"},\"metadatas\":{\"id\":{\"edit\":{},\"list\":{\"label\":\"id\",\"searchable\":false,\"sortable\":false}},\"CardBenefits\":{\"edit\":{\"label\":\"CardBenefits\",\"description\":\"\",\"placeholder\":\"\",\"visible\":true,\"editable\":true},\"list\":{\"label\":\"CardBenefits\",\"searchable\":false,\"sortable\":false}},\"titulo\":{\"edit\":{\"label\":\"titulo\",\"description\":\"\",\"placeholder\":\"\",\"visible\":true,\"editable\":true},\"list\":{\"label\":\"titulo\",\"searchable\":true,\"sortable\":true}},\"subtitulo\":{\"edit\":{\"label\":\"subtitulo\",\"description\":\"\",\"placeholder\":\"\",\"visible\":true,\"editable\":true},\"list\":{\"label\":\"subtitulo\",\"searchable\":true,\"sortable\":true}}},\"layouts\":{\"list\":[\"id\",\"titulo\",\"subtitulo\",\"CardBenefits\"],\"edit\":[[{\"name\":\"titulo\",\"size\":6},{\"name\":\"subtitulo\",\"size\":6}],[{\"name\":\"CardBenefits\",\"size\":12}]]},\"isComponent\":true}','object',NULL,NULL),(39,'plugin_content_manager_configuration_components::admision.card-destacado','{\"uid\":\"admision.card-destacado\",\"settings\":{\"bulkable\":true,\"filterable\":true,\"searchable\":true,\"pageSize\":10,\"mainField\":\"titulo\",\"defaultSortBy\":\"titulo\",\"defaultSortOrder\":\"ASC\"},\"metadatas\":{\"id\":{\"edit\":{},\"list\":{\"label\":\"id\",\"searchable\":false,\"sortable\":false}},\"image\":{\"edit\":{\"label\":\"image\",\"description\":\"\",\"placeholder\":\"\",\"visible\":true,\"editable\":true},\"list\":{\"label\":\"image\",\"searchable\":false,\"sortable\":false}},\"titulo\":{\"edit\":{\"label\":\"titulo\",\"description\":\"\",\"placeholder\":\"\",\"visible\":true,\"editable\":true},\"list\":{\"label\":\"titulo\",\"searchable\":true,\"sortable\":true}}},\"layouts\":{\"list\":[\"id\",\"titulo\",\"image\"],\"edit\":[[{\"name\":\"titulo\",\"size\":6},{\"name\":\"image\",\"size\":6}]]},\"isComponent\":true}','object',NULL,NULL),(40,'plugin_content_manager_configuration_components::admision.galeria-de-imagenes','{\"uid\":\"admision.galeria-de-imagenes\",\"settings\":{\"bulkable\":true,\"filterable\":true,\"searchable\":true,\"pageSize\":10,\"mainField\":\"titulo\",\"defaultSortBy\":\"id\",\"defaultSortOrder\":\"ASC\"},\"metadatas\":{\"id\":{\"edit\":{},\"list\":{\"label\":\"id\",\"searchable\":false,\"sortable\":false}},\"titulo\":{\"edit\":{\"label\":\"titulo\",\"description\":\"\",\"placeholder\":\"\",\"visible\":true,\"editable\":true},\"list\":{\"label\":\"titulo\",\"searchable\":true,\"sortable\":true}},\"subtitulo\":{\"edit\":{\"label\":\"subtitulo\",\"description\":\"\",\"placeholder\":\"\",\"visible\":true,\"editable\":true},\"list\":{\"label\":\"subtitulo\",\"searchable\":true,\"sortable\":true}}},\"layouts\":{\"list\":[\"id\",\"titulo\",\"subtitulo\"],\"edit\":[[{\"name\":\"titulo\",\"size\":6},{\"name\":\"subtitulo\",\"size\":6}]]},\"isComponent\":true}','object',NULL,NULL),(41,'plugin_content_manager_configuration_components::admision.admision-blog','{\"uid\":\"admision.admision-blog\",\"settings\":{\"bulkable\":true,\"filterable\":true,\"searchable\":true,\"pageSize\":10,\"mainField\":\"titulo\",\"defaultSortBy\":\"titulo\",\"defaultSortOrder\":\"ASC\"},\"metadatas\":{\"id\":{\"edit\":{},\"list\":{\"label\":\"id\",\"searchable\":false,\"sortable\":false}},\"titulo\":{\"edit\":{\"label\":\"titulo\",\"description\":\"\",\"placeholder\":\"\",\"visible\":true,\"editable\":true},\"list\":{\"label\":\"titulo\",\"searchable\":true,\"sortable\":true}},\"subtitulo\":{\"edit\":{\"label\":\"subtitulo\",\"description\":\"\",\"placeholder\":\"\",\"visible\":true,\"editable\":true},\"list\":{\"label\":\"subtitulo\",\"searchable\":true,\"sortable\":true}}},\"layouts\":{\"list\":[\"id\",\"titulo\",\"subtitulo\"],\"edit\":[[{\"name\":\"titulo\",\"size\":6},{\"name\":\"subtitulo\",\"size\":6}]]},\"isComponent\":true}','object',NULL,NULL),(42,'plugin_content_manager_configuration_components::admision.admision-testimonios','{\"uid\":\"admision.admision-testimonios\",\"settings\":{\"bulkable\":true,\"filterable\":true,\"searchable\":true,\"pageSize\":10,\"mainField\":\"titulo\",\"defaultSortBy\":\"titulo\",\"defaultSortOrder\":\"ASC\"},\"metadatas\":{\"id\":{\"edit\":{},\"list\":{\"label\":\"id\",\"searchable\":false,\"sortable\":false}},\"titulo\":{\"edit\":{\"label\":\"titulo\",\"description\":\"\",\"placeholder\":\"\",\"visible\":true,\"editable\":true},\"list\":{\"label\":\"titulo\",\"searchable\":true,\"sortable\":true}},\"subtitulo\":{\"edit\":{\"label\":\"subtitulo\",\"description\":\"\",\"placeholder\":\"\",\"visible\":true,\"editable\":true},\"list\":{\"label\":\"subtitulo\",\"searchable\":true,\"sortable\":true}},\"Cardtestimonios\":{\"edit\":{\"label\":\"Cardtestimonios\",\"description\":\"\",\"placeholder\":\"\",\"visible\":true,\"editable\":true},\"list\":{\"label\":\"Cardtestimonios\",\"searchable\":false,\"sortable\":false}}},\"layouts\":{\"list\":[\"id\",\"titulo\",\"subtitulo\",\"Cardtestimonios\"],\"edit\":[[{\"name\":\"titulo\",\"size\":6},{\"name\":\"subtitulo\",\"size\":6}],[{\"name\":\"Cardtestimonios\",\"size\":12}]]},\"isComponent\":true}','object',NULL,NULL),(43,'plugin_content_manager_configuration_components::admision.admision-convenios','{\"uid\":\"admision.admision-convenios\",\"settings\":{\"bulkable\":true,\"filterable\":true,\"searchable\":true,\"pageSize\":10,\"mainField\":\"titulo\",\"defaultSortBy\":\"titulo\",\"defaultSortOrder\":\"ASC\"},\"metadatas\":{\"id\":{\"edit\":{},\"list\":{\"label\":\"id\",\"searchable\":false,\"sortable\":false}},\"titulo\":{\"edit\":{\"label\":\"titulo\",\"description\":\"\",\"placeholder\":\"\",\"visible\":true,\"editable\":true},\"list\":{\"label\":\"titulo\",\"searchable\":true,\"sortable\":true}},\"logo\":{\"edit\":{\"label\":\"logo\",\"description\":\"\",\"placeholder\":\"\",\"visible\":true,\"editable\":true},\"list\":{\"label\":\"logo\",\"searchable\":false,\"sortable\":false}}},\"layouts\":{\"list\":[\"id\",\"titulo\",\"logo\"],\"edit\":[[{\"name\":\"titulo\",\"size\":6},{\"name\":\"logo\",\"size\":6}]]},\"isComponent\":true}','object',NULL,NULL),(44,'plugin_content_manager_configuration_components::admision.cardtestimonios','{\"uid\":\"admision.cardtestimonios\",\"settings\":{\"bulkable\":true,\"filterable\":true,\"searchable\":true,\"pageSize\":10,\"mainField\":\"nombre\",\"defaultSortBy\":\"nombre\",\"defaultSortOrder\":\"ASC\"},\"metadatas\":{\"id\":{\"edit\":{},\"list\":{\"label\":\"id\",\"searchable\":false,\"sortable\":false}},\"imagen\":{\"edit\":{\"label\":\"imagen\",\"description\":\"\",\"placeholder\":\"\",\"visible\":true,\"editable\":true},\"list\":{\"label\":\"imagen\",\"searchable\":false,\"sortable\":false}},\"comentario\":{\"edit\":{\"label\":\"comentario\",\"description\":\"\",\"placeholder\":\"\",\"visible\":true,\"editable\":true},\"list\":{\"label\":\"comentario\",\"searchable\":true,\"sortable\":true}},\"nombre\":{\"edit\":{\"label\":\"nombre\",\"description\":\"\",\"placeholder\":\"\",\"visible\":true,\"editable\":true},\"list\":{\"label\":\"nombre\",\"searchable\":true,\"sortable\":true}},\"ocupacion\":{\"edit\":{\"label\":\"ocupacion\",\"description\":\"\",\"placeholder\":\"\",\"visible\":true,\"editable\":true},\"list\":{\"label\":\"ocupacion\",\"searchable\":true,\"sortable\":true}}},\"layouts\":{\"list\":[\"id\",\"imagen\",\"comentario\",\"nombre\"],\"edit\":[[{\"name\":\"imagen\",\"size\":6},{\"name\":\"comentario\",\"size\":6}],[{\"name\":\"nombre\",\"size\":6},{\"name\":\"ocupacion\",\"size\":6}]]},\"isComponent\":true}','object',NULL,NULL),(45,'plugin_content_manager_configuration_content_types::api::enviroment.enviroment','{\"uid\":\"api::enviroment.enviroment\",\"settings\":{\"bulkable\":true,\"filterable\":true,\"searchable\":true,\"pageSize\":10,\"mainField\":\"id\",\"defaultSortBy\":\"id\",\"defaultSortOrder\":\"ASC\"},\"metadatas\":{\"id\":{\"edit\":{},\"list\":{\"label\":\"id\",\"searchable\":true,\"sortable\":true}},\"ENV\":{\"edit\":{\"label\":\"ENV\",\"description\":\"\",\"placeholder\":\"\",\"visible\":true,\"editable\":true},\"list\":{\"label\":\"ENV\",\"searchable\":true,\"sortable\":true}},\"createdAt\":{\"edit\":{\"label\":\"createdAt\",\"description\":\"\",\"placeholder\":\"\",\"visible\":false,\"editable\":true},\"list\":{\"label\":\"createdAt\",\"searchable\":true,\"sortable\":true}},\"updatedAt\":{\"edit\":{\"label\":\"updatedAt\",\"description\":\"\",\"placeholder\":\"\",\"visible\":false,\"editable\":true},\"list\":{\"label\":\"updatedAt\",\"searchable\":true,\"sortable\":true}},\"createdBy\":{\"edit\":{\"label\":\"createdBy\",\"description\":\"\",\"placeholder\":\"\",\"visible\":false,\"editable\":true,\"mainField\":\"firstname\"},\"list\":{\"label\":\"createdBy\",\"searchable\":true,\"sortable\":true}},\"updatedBy\":{\"edit\":{\"label\":\"updatedBy\",\"description\":\"\",\"placeholder\":\"\",\"visible\":false,\"editable\":true,\"mainField\":\"firstname\"},\"list\":{\"label\":\"updatedBy\",\"searchable\":true,\"sortable\":true}}},\"layouts\":{\"list\":[\"id\",\"ENV\",\"createdAt\",\"updatedAt\"],\"edit\":[[{\"name\":\"ENV\",\"size\":6}]]}}','object',NULL,NULL),(47,'plugin_content_manager_configuration_content_types::api::especialidad.especialidad','{\"uid\":\"api::especialidad.especialidad\",\"settings\":{\"bulkable\":true,\"filterable\":true,\"searchable\":true,\"pageSize\":10,\"mainField\":\"titulo\",\"defaultSortBy\":\"titulo\",\"defaultSortOrder\":\"ASC\"},\"metadatas\":{\"id\":{\"edit\":{},\"list\":{\"label\":\"id\",\"searchable\":true,\"sortable\":true}},\"titulo\":{\"edit\":{\"label\":\"titulo\",\"description\":\"\",\"placeholder\":\"\",\"visible\":true,\"editable\":true},\"list\":{\"label\":\"titulo\",\"searchable\":true,\"sortable\":true}},\"descripcion\":{\"edit\":{\"label\":\"descripcion\",\"description\":\"\",\"placeholder\":\"\",\"visible\":true,\"editable\":true},\"list\":{\"label\":\"descripcion\",\"searchable\":true,\"sortable\":true}},\"logo\":{\"edit\":{\"label\":\"logo\",\"description\":\"\",\"placeholder\":\"\",\"visible\":true,\"editable\":true},\"list\":{\"label\":\"logo\",\"searchable\":false,\"sortable\":false}},\"createdAt\":{\"edit\":{\"label\":\"createdAt\",\"description\":\"\",\"placeholder\":\"\",\"visible\":false,\"editable\":true},\"list\":{\"label\":\"createdAt\",\"searchable\":true,\"sortable\":true}},\"updatedAt\":{\"edit\":{\"label\":\"updatedAt\",\"description\":\"\",\"placeholder\":\"\",\"visible\":false,\"editable\":true},\"list\":{\"label\":\"updatedAt\",\"searchable\":true,\"sortable\":true}},\"createdBy\":{\"edit\":{\"label\":\"createdBy\",\"description\":\"\",\"placeholder\":\"\",\"visible\":false,\"editable\":true,\"mainField\":\"firstname\"},\"list\":{\"label\":\"createdBy\",\"searchable\":true,\"sortable\":true}},\"updatedBy\":{\"edit\":{\"label\":\"updatedBy\",\"description\":\"\",\"placeholder\":\"\",\"visible\":false,\"editable\":true,\"mainField\":\"firstname\"},\"list\":{\"label\":\"updatedBy\",\"searchable\":true,\"sortable\":true}}},\"layouts\":{\"list\":[\"id\",\"titulo\",\"descripcion\",\"logo\"],\"edit\":[[{\"name\":\"titulo\",\"size\":6},{\"name\":\"descripcion\",\"size\":6}],[{\"name\":\"logo\",\"size\":6}]]}}','object',NULL,NULL),(48,'plugin_content_manager_configuration_content_types::api::user-register.user-register','{\"uid\":\"api::user-register.user-register\",\"settings\":{\"bulkable\":true,\"filterable\":true,\"searchable\":true,\"pageSize\":10,\"mainField\":\"nombres\",\"defaultSortBy\":\"id\",\"defaultSortOrder\":\"ASC\"},\"metadatas\":{\"id\":{\"edit\":{},\"list\":{\"label\":\"id\",\"searchable\":true,\"sortable\":true}},\"nombres\":{\"edit\":{\"label\":\"nombres\",\"description\":\"\",\"placeholder\":\"\",\"visible\":true,\"editable\":true},\"list\":{\"label\":\"nombres\",\"searchable\":true,\"sortable\":true}},\"apellidos\":{\"edit\":{\"label\":\"apellidos\",\"description\":\"\",\"placeholder\":\"\",\"visible\":true,\"editable\":true},\"list\":{\"label\":\"apellidos\",\"searchable\":true,\"sortable\":true}},\"carrera_interes\":{\"edit\":{\"label\":\"carrera_interes\",\"description\":\"\",\"placeholder\":\"\",\"visible\":true,\"editable\":true},\"list\":{\"label\":\"carrera_interes\",\"searchable\":true,\"sortable\":true}},\"celular\":{\"edit\":{\"label\":\"celular\",\"description\":\"\",\"placeholder\":\"\",\"visible\":true,\"editable\":true},\"list\":{\"label\":\"celular\",\"searchable\":true,\"sortable\":true}},\"email\":{\"edit\":{\"label\":\"email\",\"description\":\"\",\"placeholder\":\"\",\"visible\":true,\"editable\":true},\"list\":{\"label\":\"email\",\"searchable\":true,\"sortable\":true}},\"createdAt\":{\"edit\":{\"label\":\"createdAt\",\"description\":\"\",\"placeholder\":\"\",\"visible\":false,\"editable\":true},\"list\":{\"label\":\"createdAt\",\"searchable\":true,\"sortable\":true}},\"updatedAt\":{\"edit\":{\"label\":\"updatedAt\",\"description\":\"\",\"placeholder\":\"\",\"visible\":false,\"editable\":true},\"list\":{\"label\":\"updatedAt\",\"searchable\":true,\"sortable\":true}},\"createdBy\":{\"edit\":{\"label\":\"createdBy\",\"description\":\"\",\"placeholder\":\"\",\"visible\":false,\"editable\":true,\"mainField\":\"firstname\"},\"list\":{\"label\":\"createdBy\",\"searchable\":true,\"sortable\":true}},\"updatedBy\":{\"edit\":{\"label\":\"updatedBy\",\"description\":\"\",\"placeholder\":\"\",\"visible\":false,\"editable\":true,\"mainField\":\"firstname\"},\"list\":{\"label\":\"updatedBy\",\"searchable\":true,\"sortable\":true}}},\"layouts\":{\"edit\":[[{\"name\":\"nombres\",\"size\":6},{\"name\":\"apellidos\",\"size\":6}],[{\"name\":\"carrera_interes\",\"size\":6},{\"name\":\"celular\",\"size\":6}],[{\"name\":\"email\",\"size\":6}]],\"list\":[\"id\",\"nombres\",\"carrera_interes\",\"email\"]}}','object',NULL,NULL),(49,'plugin_content_manager_configuration_components::shared.meta-social','{\"uid\":\"shared.meta-social\",\"settings\":{\"bulkable\":true,\"filterable\":true,\"searchable\":true,\"pageSize\":10,\"mainField\":\"title\",\"defaultSortBy\":\"title\",\"defaultSortOrder\":\"ASC\"},\"metadatas\":{\"id\":{\"edit\":{},\"list\":{\"label\":\"id\",\"searchable\":false,\"sortable\":false}},\"socialNetwork\":{\"edit\":{\"label\":\"socialNetwork\",\"description\":\"\",\"placeholder\":\"\",\"visible\":true,\"editable\":true},\"list\":{\"label\":\"socialNetwork\",\"searchable\":true,\"sortable\":true}},\"title\":{\"edit\":{\"label\":\"title\",\"description\":\"\",\"placeholder\":\"\",\"visible\":true,\"editable\":true},\"list\":{\"label\":\"title\",\"searchable\":true,\"sortable\":true}},\"description\":{\"edit\":{\"label\":\"description\",\"description\":\"\",\"placeholder\":\"\",\"visible\":true,\"editable\":true},\"list\":{\"label\":\"description\",\"searchable\":true,\"sortable\":true}},\"image\":{\"edit\":{\"label\":\"image\",\"description\":\"\",\"placeholder\":\"\",\"visible\":true,\"editable\":true},\"list\":{\"label\":\"image\",\"searchable\":false,\"sortable\":false}}},\"layouts\":{\"list\":[\"id\",\"socialNetwork\",\"title\",\"description\"],\"edit\":[[{\"name\":\"socialNetwork\",\"size\":6},{\"name\":\"title\",\"size\":6}],[{\"name\":\"description\",\"size\":6},{\"name\":\"image\",\"size\":6}]]},\"isComponent\":true}','object',NULL,NULL),(50,'plugin_content_manager_configuration_components::error-messages.mensajes-de-error','{\"uid\":\"error-messages.mensajes-de-error\",\"settings\":{\"bulkable\":true,\"filterable\":true,\"searchable\":true,\"pageSize\":10,\"mainField\":\"id\",\"defaultSortBy\":\"id\",\"defaultSortOrder\":\"ASC\"},\"metadatas\":{\"id\":{\"edit\":{},\"list\":{\"label\":\"id\",\"searchable\":false,\"sortable\":false}}},\"layouts\":{\"list\":[\"id\"],\"edit\":[]},\"isComponent\":true}','object',NULL,NULL),(51,'plugin_content_manager_configuration_components::shared.seo','{\"uid\":\"shared.seo\",\"settings\":{\"bulkable\":true,\"filterable\":true,\"searchable\":true,\"pageSize\":10,\"mainField\":\"metaTitle\",\"defaultSortBy\":\"metaTitle\",\"defaultSortOrder\":\"ASC\"},\"metadatas\":{\"id\":{\"edit\":{},\"list\":{\"label\":\"id\",\"searchable\":false,\"sortable\":false}},\"metaTitle\":{\"edit\":{\"label\":\"metaTitle\",\"description\":\"\",\"placeholder\":\"\",\"visible\":true,\"editable\":true},\"list\":{\"label\":\"metaTitle\",\"searchable\":true,\"sortable\":true}},\"metaDescription\":{\"edit\":{\"label\":\"metaDescription\",\"description\":\"\",\"placeholder\":\"\",\"visible\":true,\"editable\":true},\"list\":{\"label\":\"metaDescription\",\"searchable\":true,\"sortable\":true}},\"metaImage\":{\"edit\":{\"label\":\"metaImage\",\"description\":\"\",\"placeholder\":\"\",\"visible\":true,\"editable\":true},\"list\":{\"label\":\"metaImage\",\"searchable\":false,\"sortable\":false}},\"metaSocial\":{\"edit\":{\"label\":\"metaSocial\",\"description\":\"\",\"placeholder\":\"\",\"visible\":true,\"editable\":true},\"list\":{\"label\":\"metaSocial\",\"searchable\":false,\"sortable\":false}},\"keywords\":{\"edit\":{\"label\":\"keywords\",\"description\":\"\",\"placeholder\":\"\",\"visible\":true,\"editable\":true},\"list\":{\"label\":\"keywords\",\"searchable\":true,\"sortable\":true}},\"metaRobots\":{\"edit\":{\"label\":\"metaRobots\",\"description\":\"\",\"placeholder\":\"\",\"visible\":true,\"editable\":true},\"list\":{\"label\":\"metaRobots\",\"searchable\":true,\"sortable\":true}},\"structuredData\":{\"edit\":{\"label\":\"structuredData\",\"description\":\"\",\"placeholder\":\"\",\"visible\":true,\"editable\":true},\"list\":{\"label\":\"structuredData\",\"searchable\":false,\"sortable\":false}},\"metaViewport\":{\"edit\":{\"label\":\"metaViewport\",\"description\":\"\",\"placeholder\":\"\",\"visible\":true,\"editable\":true},\"list\":{\"label\":\"metaViewport\",\"searchable\":true,\"sortable\":true}},\"canonicalURL\":{\"edit\":{\"label\":\"canonicalURL\",\"description\":\"\",\"placeholder\":\"\",\"visible\":true,\"editable\":true},\"list\":{\"label\":\"canonicalURL\",\"searchable\":true,\"sortable\":true}}},\"layouts\":{\"list\":[\"id\",\"metaTitle\",\"metaDescription\",\"metaImage\"],\"edit\":[[{\"name\":\"metaTitle\",\"size\":6},{\"name\":\"metaDescription\",\"size\":6}],[{\"name\":\"metaImage\",\"size\":6}],[{\"name\":\"metaSocial\",\"size\":12}],[{\"name\":\"keywords\",\"size\":6},{\"name\":\"metaRobots\",\"size\":6}],[{\"name\":\"structuredData\",\"size\":12}],[{\"name\":\"metaViewport\",\"size\":6},{\"name\":\"canonicalURL\",\"size\":6}]]},\"isComponent\":true}','object',NULL,NULL),(52,'plugin_content_manager_configuration_components::email.email','{\"uid\":\"email.email\",\"settings\":{\"bulkable\":true,\"filterable\":true,\"searchable\":true,\"pageSize\":10,\"mainField\":\"name\",\"defaultSortBy\":\"name\",\"defaultSortOrder\":\"ASC\"},\"metadatas\":{\"id\":{\"edit\":{},\"list\":{\"label\":\"id\",\"searchable\":false,\"sortable\":false}},\"name\":{\"edit\":{\"label\":\"name\",\"description\":\"\",\"placeholder\":\"\",\"visible\":true,\"editable\":true},\"list\":{\"label\":\"name\",\"searchable\":true,\"sortable\":true}},\"label\":{\"edit\":{\"label\":\"label\",\"description\":\"\",\"placeholder\":\"\",\"visible\":true,\"editable\":true},\"list\":{\"label\":\"label\",\"searchable\":true,\"sortable\":true}}},\"layouts\":{\"list\":[\"id\",\"name\",\"label\"],\"edit\":[[{\"name\":\"name\",\"size\":6},{\"name\":\"label\",\"size\":6}]]},\"isComponent\":true}','object',NULL,NULL),(53,'plugin_seo_settings','{\"api::admision.admision\":{\"collectionName\":\"admision\",\"seoChecks\":{\"metaTitle\":true,\"metaDescription\":true,\"metaRobots\":true,\"metaSocial\":true,\"wordCount\":true,\"canonicalUrl\":true,\"keywordDensity\":true,\"structuredData\":true,\"alternativeText\":true,\"lastUpdatedAt\":true}},\"api::enviroment.enviroment\":{\"collectionName\":\"enviroment\",\"seoChecks\":{\"metaTitle\":true,\"metaDescription\":true,\"metaRobots\":true,\"metaSocial\":true,\"wordCount\":true,\"canonicalUrl\":true,\"keywordDensity\":true,\"structuredData\":true,\"alternativeText\":true,\"lastUpdatedAt\":true}},\"api::especialidad.especialidad\":{\"collectionName\":\"especialidad\",\"seoChecks\":{\"metaTitle\":true,\"metaDescription\":true,\"metaRobots\":true,\"metaSocial\":true,\"wordCount\":true,\"canonicalUrl\":true,\"keywordDensity\":true,\"structuredData\":true,\"alternativeText\":true,\"lastUpdatedAt\":true}},\"api::general.general\":{\"collectionName\":\"general\",\"seoChecks\":{\"metaTitle\":true,\"metaDescription\":true,\"metaRobots\":true,\"metaSocial\":true,\"wordCount\":true,\"canonicalUrl\":true,\"keywordDensity\":true,\"structuredData\":true,\"alternativeText\":true,\"lastUpdatedAt\":true}},\"api::user-register.user-register\":{\"collectionName\":\"user-register\",\"seoChecks\":{\"metaTitle\":true,\"metaDescription\":true,\"metaRobots\":true,\"metaSocial\":true,\"wordCount\":true,\"canonicalUrl\":true,\"keywordDensity\":true,\"structuredData\":true,\"alternativeText\":true,\"lastUpdatedAt\":true}}}','object',NULL,NULL),(54,'plugin_content_manager_configuration_content_types::api::blog-post.blog-post','{\"uid\":\"api::blog-post.blog-post\",\"settings\":{\"bulkable\":true,\"filterable\":true,\"searchable\":true,\"pageSize\":10,\"mainField\":\"titulo\",\"defaultSortBy\":\"titulo\",\"defaultSortOrder\":\"ASC\"},\"metadatas\":{\"id\":{\"edit\":{},\"list\":{\"label\":\"id\",\"searchable\":true,\"sortable\":true}},\"titulo\":{\"edit\":{\"label\":\"titulo\",\"description\":\"\",\"placeholder\":\"\",\"visible\":true,\"editable\":true},\"list\":{\"label\":\"titulo\",\"searchable\":true,\"sortable\":true}},\"text\":{\"edit\":{\"label\":\"text\",\"description\":\"\",\"placeholder\":\"\",\"visible\":true,\"editable\":true},\"list\":{\"label\":\"text\",\"searchable\":false,\"sortable\":false}},\"image\":{\"edit\":{\"label\":\"image\",\"description\":\"\",\"placeholder\":\"\",\"visible\":true,\"editable\":true},\"list\":{\"label\":\"image\",\"searchable\":false,\"sortable\":false}},\"destacado\":{\"edit\":{\"label\":\"destacado\",\"description\":\"\",\"placeholder\":\"\",\"visible\":true,\"editable\":true},\"list\":{\"label\":\"destacado\",\"searchable\":true,\"sortable\":true}},\"slug\":{\"edit\":{\"label\":\"slug\",\"description\":\"\",\"placeholder\":\"\",\"visible\":true,\"editable\":true},\"list\":{\"label\":\"slug\",\"searchable\":true,\"sortable\":true}},\"seo\":{\"edit\":{\"label\":\"seo\",\"description\":\"\",\"placeholder\":\"\",\"visible\":true,\"editable\":true},\"list\":{\"label\":\"seo\",\"searchable\":false,\"sortable\":false}},\"createdAt\":{\"edit\":{\"label\":\"createdAt\",\"description\":\"\",\"placeholder\":\"\",\"visible\":false,\"editable\":true},\"list\":{\"label\":\"createdAt\",\"searchable\":true,\"sortable\":true}},\"updatedAt\":{\"edit\":{\"label\":\"updatedAt\",\"description\":\"\",\"placeholder\":\"\",\"visible\":false,\"editable\":true},\"list\":{\"label\":\"updatedAt\",\"searchable\":true,\"sortable\":true}},\"createdBy\":{\"edit\":{\"label\":\"createdBy\",\"description\":\"\",\"placeholder\":\"\",\"visible\":false,\"editable\":true,\"mainField\":\"firstname\"},\"list\":{\"label\":\"createdBy\",\"searchable\":true,\"sortable\":true}},\"updatedBy\":{\"edit\":{\"label\":\"updatedBy\",\"description\":\"\",\"placeholder\":\"\",\"visible\":false,\"editable\":true,\"mainField\":\"firstname\"},\"list\":{\"label\":\"updatedBy\",\"searchable\":true,\"sortable\":true}}},\"layouts\":{\"edit\":[[{\"name\":\"titulo\",\"size\":6},{\"name\":\"slug\",\"size\":6}],[{\"name\":\"text\",\"size\":12}],[{\"name\":\"image\",\"size\":6},{\"name\":\"destacado\",\"size\":4}],[{\"name\":\"seo\",\"size\":12}]],\"list\":[\"titulo\",\"image\",\"destacado\",\"createdAt\"]}}','object',NULL,NULL),(55,'plugin_content_manager_configuration_components::footer.footer','{\"uid\":\"footer.footer\",\"settings\":{\"bulkable\":true,\"filterable\":true,\"searchable\":true,\"pageSize\":10,\"mainField\":\"copyright\",\"defaultSortBy\":\"copyright\",\"defaultSortOrder\":\"ASC\"},\"metadatas\":{\"id\":{\"edit\":{},\"list\":{\"label\":\"id\",\"searchable\":true,\"sortable\":true}},\"text\":{\"edit\":{\"label\":\"text\",\"description\":\"\",\"placeholder\":\"\",\"visible\":true,\"editable\":true},\"list\":{\"label\":\"text\",\"searchable\":true,\"sortable\":true}},\"copyright\":{\"edit\":{\"label\":\"copyright\",\"description\":\"\",\"placeholder\":\"\",\"visible\":true,\"editable\":true},\"list\":{\"label\":\"copyright\",\"searchable\":true,\"sortable\":true}}},\"layouts\":{\"list\":[\"id\",\"text\",\"copyright\"],\"edit\":[[{\"name\":\"text\",\"size\":6},{\"name\":\"copyright\",\"size\":6}]]},\"isComponent\":true}','object',NULL,NULL);
/*!40000 ALTER TABLE `strapi_core_store_settings` ENABLE KEYS */;
UNLOCK TABLES;

--
-- Table structure for table `strapi_database_schema`
--

DROP TABLE IF EXISTS `strapi_database_schema`;
/*!40101 SET @saved_cs_client     = @@character_set_client */;
/*!50503 SET character_set_client = utf8mb4 */;
CREATE TABLE `strapi_database_schema` (
  `id` int unsigned NOT NULL AUTO_INCREMENT,
  `schema` json DEFAULT NULL,
  `time` datetime DEFAULT NULL,
  `hash` varchar(255) DEFAULT NULL,
  PRIMARY KEY (`id`)
) ENGINE=InnoDB AUTO_INCREMENT=42 DEFAULT CHARSET=utf8mb4 COLLATE=utf8mb4_0900_ai_ci;
/*!40101 SET character_set_client = @saved_cs_client */;

--
-- Dumping data for table `strapi_database_schema`
--

LOCK TABLES `strapi_database_schema` WRITE;
/*!40000 ALTER TABLE `strapi_database_schema` DISABLE KEYS */;
INSERT INTO `strapi_database_schema` VALUES (41,'{\"tables\": [{\"name\": \"strapi_core_store_settings\", \"columns\": [{\"args\": [{\"primary\": true, \"primaryKey\": true}], \"name\": \"id\", \"type\": \"increments\", \"unsigned\": false, \"defaultTo\": null, \"notNullable\": true}, {\"args\": [], \"name\": \"key\", \"type\": \"string\", \"unsigned\": false, \"defaultTo\": null, \"notNullable\": false}, {\"args\": [\"longtext\"], \"name\": \"value\", \"type\": \"text\", \"unsigned\": false, \"defaultTo\": null, \"notNullable\": false}, {\"args\": [], \"name\": \"type\", \"type\": \"string\", \"unsigned\": false, \"defaultTo\": null, \"notNullable\": false}, {\"args\": [], \"name\": \"environment\", \"type\": \"string\", \"unsigned\": false, \"defaultTo\": null, \"notNullable\": false}, {\"args\": [], \"name\": \"tag\", \"type\": \"string\", \"unsigned\": false, \"defaultTo\": null, \"notNullable\": false}], \"indexes\": [], \"foreignKeys\": []}, {\"name\": \"strapi_webhooks\", \"columns\": [{\"args\": [{\"primary\": true, \"primaryKey\": true}], \"name\": \"id\", \"type\": \"increments\", \"unsigned\": false, \"defaultTo\": null, \"notNullable\": true}, {\"args\": [], \"name\": \"name\", \"type\": \"string\", \"unsigned\": false, \"defaultTo\": null, \"notNullable\": false}, {\"args\": [\"longtext\"], \"name\": \"url\", \"type\": \"text\", \"unsigned\": false, \"defaultTo\": null, \"notNullable\": false}, {\"args\": [], \"name\": \"headers\", \"type\": \"jsonb\", \"unsigned\": false, \"defaultTo\": null, \"notNullable\": false}, {\"args\": [], \"name\": \"events\", \"type\": \"jsonb\", \"unsigned\": false, \"defaultTo\": null, \"notNullable\": false}, {\"args\": [], \"name\": \"enabled\", \"type\": \"boolean\", \"unsigned\": false, \"defaultTo\": null, \"notNullable\": false}], \"indexes\": [], \"foreignKeys\": []}, {\"name\": \"admin_permissions\", \"columns\": [{\"args\": [{\"primary\": true, \"primaryKey\": true}], \"name\": \"id\", \"type\": \"increments\", \"unsigned\": false, \"defaultTo\": null, \"notNullable\": true}, {\"args\": [], \"name\": \"action\", \"type\": \"string\", \"unsigned\": false, \"defaultTo\": null, \"notNullable\": false}, {\"args\": [], \"name\": \"action_parameters\", \"type\": \"jsonb\", \"unsigned\": false, \"defaultTo\": null, \"notNullable\": false}, {\"args\": [], \"name\": \"subject\", \"type\": \"string\", \"unsigned\": false, \"defaultTo\": null, \"notNullable\": false}, {\"args\": [], \"name\": \"properties\", \"type\": \"jsonb\", \"unsigned\": false, \"defaultTo\": null, \"notNullable\": false}, {\"args\": [], \"name\": \"conditions\", \"type\": \"jsonb\", \"unsigned\": false, \"defaultTo\": null, \"notNullable\": false}, {\"args\": [{\"useTz\": false, \"precision\": 6}], \"name\": \"created_at\", \"type\": \"datetime\", \"unsigned\": false, \"defaultTo\": null, \"notNullable\": false}, {\"args\": [{\"useTz\": false, \"precision\": 6}], \"name\": \"updated_at\", \"type\": \"datetime\", \"unsigned\": false, \"defaultTo\": null, \"notNullable\": false}, {\"args\": [], \"name\": \"created_by_id\", \"type\": \"integer\", \"unsigned\": true, \"defaultTo\": null, \"notNullable\": false}, {\"args\": [], \"name\": \"updated_by_id\", \"type\": \"integer\", \"unsigned\": true, \"defaultTo\": null, \"notNullable\": false}], \"indexes\": [{\"name\": \"admin_permissions_created_by_id_fk\", \"columns\": [\"created_by_id\"]}, {\"name\": \"admin_permissions_updated_by_id_fk\", \"columns\": [\"updated_by_id\"]}], \"foreignKeys\": [{\"name\": \"admin_permissions_created_by_id_fk\", \"columns\": [\"created_by_id\"], \"onDelete\": \"SET NULL\", \"referencedTable\": \"admin_users\", \"referencedColumns\": [\"id\"]}, {\"name\": \"admin_permissions_updated_by_id_fk\", \"columns\": [\"updated_by_id\"], \"onDelete\": \"SET NULL\", \"referencedTable\": \"admin_users\", \"referencedColumns\": [\"id\"]}]}, {\"name\": \"admin_users\", \"columns\": [{\"args\": [{\"primary\": true, \"primaryKey\": true}], \"name\": \"id\", \"type\": \"increments\", \"unsigned\": false, \"defaultTo\": null, \"notNullable\": true}, {\"args\": [], \"name\": \"firstname\", \"type\": \"string\", \"unsigned\": false, \"defaultTo\": null, \"notNullable\": false}, {\"args\": [], \"name\": \"lastname\", \"type\": \"string\", \"unsigned\": false, \"defaultTo\": null, \"notNullable\": false}, {\"args\": [], \"name\": \"username\", \"type\": \"string\", \"unsigned\": false, \"defaultTo\": null, \"notNullable\": false}, {\"args\": [], \"name\": \"email\", \"type\": \"string\", \"unsigned\": false, \"defaultTo\": null, \"notNullable\": false}, {\"args\": [], \"name\": \"password\", \"type\": \"string\", \"unsigned\": false, \"defaultTo\": null, \"notNullable\": false}, {\"args\": [], \"name\": \"reset_password_token\", \"type\": \"string\", \"unsigned\": false, \"defaultTo\": null, \"notNullable\": false}, {\"args\": [], \"name\": \"registration_token\", \"type\": \"string\", \"unsigned\": false, \"defaultTo\": null, \"notNullable\": false}, {\"args\": [], \"name\": \"is_active\", \"type\": \"boolean\", \"unsigned\": false, \"defaultTo\": null, \"notNullable\": false}, {\"args\": [], \"name\": \"blocked\", \"type\": \"boolean\", \"unsigned\": false, \"defaultTo\": null, \"notNullable\": false}, {\"args\": [], \"name\": \"prefered_language\", \"type\": \"string\", \"unsigned\": false, \"defaultTo\": null, \"notNullable\": false}, {\"args\": [{\"useTz\": false, \"precision\": 6}], \"name\": \"created_at\", \"type\": \"datetime\", \"unsigned\": false, \"defaultTo\": null, \"notNullable\": false}, {\"args\": [{\"useTz\": false, \"precision\": 6}], \"name\": \"updated_at\", \"type\": \"datetime\", \"unsigned\": false, \"defaultTo\": null, \"notNullable\": false}, {\"args\": [], \"name\": \"created_by_id\", \"type\": \"integer\", \"unsigned\": true, \"defaultTo\": null, \"notNullable\": false}, {\"args\": [], \"name\": \"updated_by_id\", \"type\": \"integer\", \"unsigned\": true, \"defaultTo\": null, \"notNullable\": false}], \"indexes\": [{\"name\": \"admin_users_created_by_id_fk\", \"columns\": [\"created_by_id\"]}, {\"name\": \"admin_users_updated_by_id_fk\", \"columns\": [\"updated_by_id\"]}], \"foreignKeys\": [{\"name\": \"admin_users_created_by_id_fk\", \"columns\": [\"created_by_id\"], \"onDelete\": \"SET NULL\", \"referencedTable\": \"admin_users\", \"referencedColumns\": [\"id\"]}, {\"name\": \"admin_users_updated_by_id_fk\", \"columns\": [\"updated_by_id\"], \"onDelete\": \"SET NULL\", \"referencedTable\": \"admin_users\", \"referencedColumns\": [\"id\"]}]}, {\"name\": \"admin_roles\", \"columns\": [{\"args\": [{\"primary\": true, \"primaryKey\": true}], \"name\": \"id\", \"type\": \"increments\", \"unsigned\": false, \"defaultTo\": null, \"notNullable\": true}, {\"args\": [], \"name\": \"name\", \"type\": \"string\", \"unsigned\": false, \"defaultTo\": null, \"notNullable\": false}, {\"args\": [], \"name\": \"code\", \"type\": \"string\", \"unsigned\": false, \"defaultTo\": null, \"notNullable\": false}, {\"args\": [], \"name\": \"description\", \"type\": \"string\", \"unsigned\": false, \"defaultTo\": null, \"notNullable\": false}, {\"args\": [{\"useTz\": false, \"precision\": 6}], \"name\": \"created_at\", \"type\": \"datetime\", \"unsigned\": false, \"defaultTo\": null, \"notNullable\": false}, {\"args\": [{\"useTz\": false, \"precision\": 6}], \"name\": \"updated_at\", \"type\": \"datetime\", \"unsigned\": false, \"defaultTo\": null, \"notNullable\": false}, {\"args\": [], \"name\": \"created_by_id\", \"type\": \"integer\", \"unsigned\": true, \"defaultTo\": null, \"notNullable\": false}, {\"args\": [], \"name\": \"updated_by_id\", \"type\": \"integer\", \"unsigned\": true, \"defaultTo\": null, \"notNullable\": false}], \"indexes\": [{\"name\": \"admin_roles_created_by_id_fk\", \"columns\": [\"created_by_id\"]}, {\"name\": \"admin_roles_updated_by_id_fk\", \"columns\": [\"updated_by_id\"]}], \"foreignKeys\": [{\"name\": \"admin_roles_created_by_id_fk\", \"columns\": [\"created_by_id\"], \"onDelete\": \"SET NULL\", \"referencedTable\": \"admin_users\", \"referencedColumns\": [\"id\"]}, {\"name\": \"admin_roles_updated_by_id_fk\", \"columns\": [\"updated_by_id\"], \"onDelete\": \"SET NULL\", \"referencedTable\": \"admin_users\", \"referencedColumns\": [\"id\"]}]}, {\"name\": \"strapi_api_tokens\", \"columns\": [{\"args\": [{\"primary\": true, \"primaryKey\": true}], \"name\": \"id\", \"type\": \"increments\", \"unsigned\": false, \"defaultTo\": null, \"notNullable\": true}, {\"args\": [], \"name\": \"name\", \"type\": \"string\", \"unsigned\": false, \"defaultTo\": null, \"notNullable\": false}, {\"args\": [], \"name\": \"description\", \"type\": \"string\", \"unsigned\": false, \"defaultTo\": null, \"notNullable\": false}, {\"args\": [], \"name\": \"type\", \"type\": \"string\", \"unsigned\": false, \"defaultTo\": null, \"notNullable\": false}, {\"args\": [], \"name\": \"access_key\", \"type\": \"string\", \"unsigned\": false, \"defaultTo\": null, \"notNullable\": false}, {\"args\": [{\"useTz\": false, \"precision\": 6}], \"name\": \"last_used_at\", \"type\": \"datetime\", \"unsigned\": false, \"defaultTo\": null, \"notNullable\": false}, {\"args\": [{\"useTz\": false, \"precision\": 6}], \"name\": \"expires_at\", \"type\": \"datetime\", \"unsigned\": false, \"defaultTo\": null, \"notNullable\": false}, {\"args\": [], \"name\": \"lifespan\", \"type\": \"bigInteger\", \"unsigned\": false, \"defaultTo\": null, \"notNullable\": false}, {\"args\": [{\"useTz\": false, \"precision\": 6}], \"name\": \"created_at\", \"type\": \"datetime\", \"unsigned\": false, \"defaultTo\": null, \"notNullable\": false}, {\"args\": [{\"useTz\": false, \"precision\": 6}], \"name\": \"updated_at\", \"type\": \"datetime\", \"unsigned\": false, \"defaultTo\": null, \"notNullable\": false}, {\"args\": [], \"name\": \"created_by_id\", \"type\": \"integer\", \"unsigned\": true, \"defaultTo\": null, \"notNullable\": false}, {\"args\": [], \"name\": \"updated_by_id\", \"type\": \"integer\", \"unsigned\": true, \"defaultTo\": null, \"notNullable\": false}], \"indexes\": [{\"name\": \"strapi_api_tokens_created_by_id_fk\", \"columns\": [\"created_by_id\"]}, {\"name\": \"strapi_api_tokens_updated_by_id_fk\", \"columns\": [\"updated_by_id\"]}], \"foreignKeys\": [{\"name\": \"strapi_api_tokens_created_by_id_fk\", \"columns\": [\"created_by_id\"], \"onDelete\": \"SET NULL\", \"referencedTable\": \"admin_users\", \"referencedColumns\": [\"id\"]}, {\"name\": \"strapi_api_tokens_updated_by_id_fk\", \"columns\": [\"updated_by_id\"], \"onDelete\": \"SET NULL\", \"referencedTable\": \"admin_users\", \"referencedColumns\": [\"id\"]}]}, {\"name\": \"strapi_api_token_permissions\", \"columns\": [{\"args\": [{\"primary\": true, \"primaryKey\": true}], \"name\": \"id\", \"type\": \"increments\", \"unsigned\": false, \"defaultTo\": null, \"notNullable\": true}, {\"args\": [], \"name\": \"action\", \"type\": \"string\", \"unsigned\": false, \"defaultTo\": null, \"notNullable\": false}, {\"args\": [{\"useTz\": false, \"precision\": 6}], \"name\": \"created_at\", \"type\": \"datetime\", \"unsigned\": false, \"defaultTo\": null, \"notNullable\": false}, {\"args\": [{\"useTz\": false, \"precision\": 6}], \"name\": \"updated_at\", \"type\": \"datetime\", \"unsigned\": false, \"defaultTo\": null, \"notNullable\": false}, {\"args\": [], \"name\": \"created_by_id\", \"type\": \"integer\", \"unsigned\": true, \"defaultTo\": null, \"notNullable\": false}, {\"args\": [], \"name\": \"updated_by_id\", \"type\": \"integer\", \"unsigned\": true, \"defaultTo\": null, \"notNullable\": false}], \"indexes\": [{\"name\": \"strapi_api_token_permissions_created_by_id_fk\", \"columns\": [\"created_by_id\"]}, {\"name\": \"strapi_api_token_permissions_updated_by_id_fk\", \"columns\": [\"updated_by_id\"]}], \"foreignKeys\": [{\"name\": \"strapi_api_token_permissions_created_by_id_fk\", \"columns\": [\"created_by_id\"], \"onDelete\": \"SET NULL\", \"referencedTable\": \"admin_users\", \"referencedColumns\": [\"id\"]}, {\"name\": \"strapi_api_token_permissions_updated_by_id_fk\", \"columns\": [\"updated_by_id\"], \"onDelete\": \"SET NULL\", \"referencedTable\": \"admin_users\", \"referencedColumns\": [\"id\"]}]}, {\"name\": \"strapi_transfer_tokens\", \"columns\": [{\"args\": [{\"primary\": true, \"primaryKey\": true}], \"name\": \"id\", \"type\": \"increments\", \"unsigned\": false, \"defaultTo\": null, \"notNullable\": true}, {\"args\": [], \"name\": \"name\", \"type\": \"string\", \"unsigned\": false, \"defaultTo\": null, \"notNullable\": false}, {\"args\": [], \"name\": \"description\", \"type\": \"string\", \"unsigned\": false, \"defaultTo\": null, \"notNullable\": false}, {\"args\": [], \"name\": \"access_key\", \"type\": \"string\", \"unsigned\": false, \"defaultTo\": null, \"notNullable\": false}, {\"args\": [{\"useTz\": false, \"precision\": 6}], \"name\": \"last_used_at\", \"type\": \"datetime\", \"unsigned\": false, \"defaultTo\": null, \"notNullable\": false}, {\"args\": [{\"useTz\": false, \"precision\": 6}], \"name\": \"expires_at\", \"type\": \"datetime\", \"unsigned\": false, \"defaultTo\": null, \"notNullable\": false}, {\"args\": [], \"name\": \"lifespan\", \"type\": \"bigInteger\", \"unsigned\": false, \"defaultTo\": null, \"notNullable\": false}, {\"args\": [{\"useTz\": false, \"precision\": 6}], \"name\": \"created_at\", \"type\": \"datetime\", \"unsigned\": false, \"defaultTo\": null, \"notNullable\": false}, {\"args\": [{\"useTz\": false, \"precision\": 6}], \"name\": \"updated_at\", \"type\": \"datetime\", \"unsigned\": false, \"defaultTo\": null, \"notNullable\": false}, {\"args\": [], \"name\": \"created_by_id\", \"type\": \"integer\", \"unsigned\": true, \"defaultTo\": null, \"notNullable\": false}, {\"args\": [], \"name\": \"updated_by_id\", \"type\": \"integer\", \"unsigned\": true, \"defaultTo\": null, \"notNullable\": false}], \"indexes\": [{\"name\": \"strapi_transfer_tokens_created_by_id_fk\", \"columns\": [\"created_by_id\"]}, {\"name\": \"strapi_transfer_tokens_updated_by_id_fk\", \"columns\": [\"updated_by_id\"]}], \"foreignKeys\": [{\"name\": \"strapi_transfer_tokens_created_by_id_fk\", \"columns\": [\"created_by_id\"], \"onDelete\": \"SET NULL\", \"referencedTable\": \"admin_users\", \"referencedColumns\": [\"id\"]}, {\"name\": \"strapi_transfer_tokens_updated_by_id_fk\", \"columns\": [\"updated_by_id\"], \"onDelete\": \"SET NULL\", \"referencedTable\": \"admin_users\", \"referencedColumns\": [\"id\"]}]}, {\"name\": \"strapi_transfer_token_permissions\", \"columns\": [{\"args\": [{\"primary\": true, \"primaryKey\": true}], \"name\": \"id\", \"type\": \"increments\", \"unsigned\": false, \"defaultTo\": null, \"notNullable\": true}, {\"args\": [], \"name\": \"action\", \"type\": \"string\", \"unsigned\": false, \"defaultTo\": null, \"notNullable\": false}, {\"args\": [{\"useTz\": false, \"precision\": 6}], \"name\": \"created_at\", \"type\": \"datetime\", \"unsigned\": false, \"defaultTo\": null, \"notNullable\": false}, {\"args\": [{\"useTz\": false, \"precision\": 6}], \"name\": \"updated_at\", \"type\": \"datetime\", \"unsigned\": false, \"defaultTo\": null, \"notNullable\": false}, {\"args\": [], \"name\": \"created_by_id\", \"type\": \"integer\", \"unsigned\": true, \"defaultTo\": null, \"notNullable\": false}, {\"args\": [], \"name\": \"updated_by_id\", \"type\": \"integer\", \"unsigned\": true, \"defaultTo\": null, \"notNullable\": false}], \"indexes\": [{\"name\": \"strapi_transfer_token_permissions_created_by_id_fk\", \"columns\": [\"created_by_id\"]}, {\"name\": \"strapi_transfer_token_permissions_updated_by_id_fk\", \"columns\": [\"updated_by_id\"]}], \"foreignKeys\": [{\"name\": \"strapi_transfer_token_permissions_created_by_id_fk\", \"columns\": [\"created_by_id\"], \"onDelete\": \"SET NULL\", \"referencedTable\": \"admin_users\", \"referencedColumns\": [\"id\"]}, {\"name\": \"strapi_transfer_token_permissions_updated_by_id_fk\", \"columns\": [\"updated_by_id\"], \"onDelete\": \"SET NULL\", \"referencedTable\": \"admin_users\", \"referencedColumns\": [\"id\"]}]}, {\"name\": \"files\", \"columns\": [{\"args\": [{\"primary\": true, \"primaryKey\": true}], \"name\": \"id\", \"type\": \"increments\", \"unsigned\": false, \"defaultTo\": null, \"notNullable\": true}, {\"args\": [], \"name\": \"name\", \"type\": \"string\", \"unsigned\": false, \"defaultTo\": null, \"notNullable\": false}, {\"args\": [], \"name\": \"alternative_text\", \"type\": \"string\", \"unsigned\": false, \"defaultTo\": null, \"notNullable\": false}, {\"args\": [], \"name\": \"caption\", \"type\": \"string\", \"unsigned\": false, \"defaultTo\": null, \"notNullable\": false}, {\"args\": [], \"name\": \"width\", \"type\": \"integer\", \"unsigned\": false, \"defaultTo\": null, \"notNullable\": false}, {\"args\": [], \"name\": \"height\", \"type\": \"integer\", \"unsigned\": false, \"defaultTo\": null, \"notNullable\": false}, {\"args\": [], \"name\": \"formats\", \"type\": \"jsonb\", \"unsigned\": false, \"defaultTo\": null, \"notNullable\": false}, {\"args\": [], \"name\": \"hash\", \"type\": \"string\", \"unsigned\": false, \"defaultTo\": null, \"notNullable\": false}, {\"args\": [], \"name\": \"ext\", \"type\": \"string\", \"unsigned\": false, \"defaultTo\": null, \"notNullable\": false}, {\"args\": [], \"name\": \"mime\", \"type\": \"string\", \"unsigned\": false, \"defaultTo\": null, \"notNullable\": false}, {\"args\": [10, 2], \"name\": \"size\", \"type\": \"decimal\", \"unsigned\": false, \"defaultTo\": null, \"notNullable\": false}, {\"args\": [], \"name\": \"url\", \"type\": \"string\", \"unsigned\": false, \"defaultTo\": null, \"notNullable\": false}, {\"args\": [], \"name\": \"preview_url\", \"type\": \"string\", \"unsigned\": false, \"defaultTo\": null, \"notNullable\": false}, {\"args\": [], \"name\": \"provider\", \"type\": \"string\", \"unsigned\": false, \"defaultTo\": null, \"notNullable\": false}, {\"args\": [], \"name\": \"provider_metadata\", \"type\": \"jsonb\", \"unsigned\": false, \"defaultTo\": null, \"notNullable\": false}, {\"args\": [], \"name\": \"folder_path\", \"type\": \"string\", \"unsigned\": false, \"defaultTo\": null, \"notNullable\": false}, {\"args\": [{\"useTz\": false, \"precision\": 6}], \"name\": \"created_at\", \"type\": \"datetime\", \"unsigned\": false, \"defaultTo\": null, \"notNullable\": false}, {\"args\": [{\"useTz\": false, \"precision\": 6}], \"name\": \"updated_at\", \"type\": \"datetime\", \"unsigned\": false, \"defaultTo\": null, \"notNullable\": false}, {\"args\": [], \"name\": \"created_by_id\", \"type\": \"integer\", \"unsigned\": true, \"defaultTo\": null, \"notNullable\": false}, {\"args\": [], \"name\": \"updated_by_id\", \"type\": \"integer\", \"unsigned\": true, \"defaultTo\": null, \"notNullable\": false}], \"indexes\": [{\"name\": \"upload_files_folder_path_index\", \"type\": null, \"columns\": [\"folder_path\"]}, {\"name\": \"upload_files_created_at_index\", \"type\": null, \"columns\": [\"created_at\"]}, {\"name\": \"upload_files_updated_at_index\", \"type\": null, \"columns\": [\"updated_at\"]}, {\"name\": \"upload_files_name_index\", \"type\": null, \"columns\": [\"name\"]}, {\"name\": \"upload_files_size_index\", \"type\": null, \"columns\": [\"size\"]}, {\"name\": \"upload_files_ext_index\", \"type\": null, \"columns\": [\"ext\"]}, {\"name\": \"files_created_by_id_fk\", \"columns\": [\"created_by_id\"]}, {\"name\": \"files_updated_by_id_fk\", \"columns\": [\"updated_by_id\"]}], \"foreignKeys\": [{\"name\": \"files_created_by_id_fk\", \"columns\": [\"created_by_id\"], \"onDelete\": \"SET NULL\", \"referencedTable\": \"admin_users\", \"referencedColumns\": [\"id\"]}, {\"name\": \"files_updated_by_id_fk\", \"columns\": [\"updated_by_id\"], \"onDelete\": \"SET NULL\", \"referencedTable\": \"admin_users\", \"referencedColumns\": [\"id\"]}]}, {\"name\": \"upload_folders\", \"columns\": [{\"args\": [{\"primary\": true, \"primaryKey\": true}], \"name\": \"id\", \"type\": \"increments\", \"unsigned\": false, \"defaultTo\": null, \"notNullable\": true}, {\"args\": [], \"name\": \"name\", \"type\": \"string\", \"unsigned\": false, \"defaultTo\": null, \"notNullable\": false}, {\"args\": [], \"name\": \"path_id\", \"type\": \"integer\", \"unsigned\": false, \"defaultTo\": null, \"notNullable\": false}, {\"args\": [], \"name\": \"path\", \"type\": \"string\", \"unsigned\": false, \"defaultTo\": null, \"notNullable\": false}, {\"args\": [{\"useTz\": false, \"precision\": 6}], \"name\": \"created_at\", \"type\": \"datetime\", \"unsigned\": false, \"defaultTo\": null, \"notNullable\": false}, {\"args\": [{\"useTz\": false, \"precision\": 6}], \"name\": \"updated_at\", \"type\": \"datetime\", \"unsigned\": false, \"defaultTo\": null, \"notNullable\": false}, {\"args\": [], \"name\": \"created_by_id\", \"type\": \"integer\", \"unsigned\": true, \"defaultTo\": null, \"notNullable\": false}, {\"args\": [], \"name\": \"updated_by_id\", \"type\": \"integer\", \"unsigned\": true, \"defaultTo\": null, \"notNullable\": false}], \"indexes\": [{\"name\": \"upload_folders_path_id_index\", \"type\": \"unique\", \"columns\": [\"path_id\"]}, {\"name\": \"upload_folders_path_index\", \"type\": \"unique\", \"columns\": [\"path\"]}, {\"name\": \"upload_folders_created_by_id_fk\", \"columns\": [\"created_by_id\"]}, {\"name\": \"upload_folders_updated_by_id_fk\", \"columns\": [\"updated_by_id\"]}], \"foreignKeys\": [{\"name\": \"upload_folders_created_by_id_fk\", \"columns\": [\"created_by_id\"], \"onDelete\": \"SET NULL\", \"referencedTable\": \"admin_users\", \"referencedColumns\": [\"id\"]}, {\"name\": \"upload_folders_updated_by_id_fk\", \"columns\": [\"updated_by_id\"], \"onDelete\": \"SET NULL\", \"referencedTable\": \"admin_users\", \"referencedColumns\": [\"id\"]}]}, {\"name\": \"ezforms_submission\", \"columns\": [{\"args\": [{\"primary\": true, \"primaryKey\": true}], \"name\": \"id\", \"type\": \"increments\", \"unsigned\": false, \"defaultTo\": null, \"notNullable\": true}, {\"args\": [], \"name\": \"score\", \"type\": \"string\", \"unsigned\": false, \"defaultTo\": null, \"notNullable\": false}, {\"args\": [], \"name\": \"form_name\", \"type\": \"string\", \"unsigned\": false, \"defaultTo\": null, \"notNullable\": false}, {\"args\": [], \"name\": \"data\", \"type\": \"jsonb\", \"unsigned\": false, \"defaultTo\": null, \"notNullable\": false}, {\"args\": [{\"useTz\": false, \"precision\": 6}], \"name\": \"created_at\", \"type\": \"datetime\", \"unsigned\": false, \"defaultTo\": null, \"notNullable\": false}, {\"args\": [{\"useTz\": false, \"precision\": 6}], \"name\": \"updated_at\", \"type\": \"datetime\", \"unsigned\": false, \"defaultTo\": null, \"notNullable\": false}, {\"args\": [], \"name\": \"created_by_id\", \"type\": \"integer\", \"unsigned\": true, \"defaultTo\": null, \"notNullable\": false}, {\"args\": [], \"name\": \"updated_by_id\", \"type\": \"integer\", \"unsigned\": true, \"defaultTo\": null, \"notNullable\": false}], \"indexes\": [{\"name\": \"ezforms_submission_created_by_id_fk\", \"columns\": [\"created_by_id\"]}, {\"name\": \"ezforms_submission_updated_by_id_fk\", \"columns\": [\"updated_by_id\"]}], \"foreignKeys\": [{\"name\": \"ezforms_submission_created_by_id_fk\", \"columns\": [\"created_by_id\"], \"onDelete\": \"SET NULL\", \"referencedTable\": \"admin_users\", \"referencedColumns\": [\"id\"]}, {\"name\": \"ezforms_submission_updated_by_id_fk\", \"columns\": [\"updated_by_id\"], \"onDelete\": \"SET NULL\", \"referencedTable\": \"admin_users\", \"referencedColumns\": [\"id\"]}]}, {\"name\": \"ezforms_recipient\", \"columns\": [{\"args\": [{\"primary\": true, \"primaryKey\": true}], \"name\": \"id\", \"type\": \"increments\", \"unsigned\": false, \"defaultTo\": null, \"notNullable\": true}, {\"args\": [], \"name\": \"name\", \"type\": \"string\", \"unsigned\": false, \"defaultTo\": null, \"notNullable\": false}, {\"args\": [], \"name\": \"email\", \"type\": \"string\", \"unsigned\": false, \"defaultTo\": null, \"notNullable\": false}, {\"args\": [], \"name\": \"number\", \"type\": \"string\", \"unsigned\": false, \"defaultTo\": null, \"notNullable\": false}, {\"args\": [{\"useTz\": false, \"precision\": 6}], \"name\": \"created_at\", \"type\": \"datetime\", \"unsigned\": false, \"defaultTo\": null, \"notNullable\": false}, {\"args\": [{\"useTz\": false, \"precision\": 6}], \"name\": \"updated_at\", \"type\": \"datetime\", \"unsigned\": false, \"defaultTo\": null, \"notNullable\": false}, {\"args\": [], \"name\": \"created_by_id\", \"type\": \"integer\", \"unsigned\": true, \"defaultTo\": null, \"notNullable\": false}, {\"args\": [], \"name\": \"updated_by_id\", \"type\": \"integer\", \"unsigned\": true, \"defaultTo\": null, \"notNullable\": false}], \"indexes\": [{\"name\": \"ezforms_recipient_created_by_id_fk\", \"columns\": [\"created_by_id\"]}, {\"name\": \"ezforms_recipient_updated_by_id_fk\", \"columns\": [\"updated_by_id\"]}], \"foreignKeys\": [{\"name\": \"ezforms_recipient_created_by_id_fk\", \"columns\": [\"created_by_id\"], \"onDelete\": \"SET NULL\", \"referencedTable\": \"admin_users\", \"referencedColumns\": [\"id\"]}, {\"name\": \"ezforms_recipient_updated_by_id_fk\", \"columns\": [\"updated_by_id\"], \"onDelete\": \"SET NULL\", \"referencedTable\": \"admin_users\", \"referencedColumns\": [\"id\"]}]}, {\"name\": \"i18n_locale\", \"columns\": [{\"args\": [{\"primary\": true, \"primaryKey\": true}], \"name\": \"id\", \"type\": \"increments\", \"unsigned\": false, \"defaultTo\": null, \"notNullable\": true}, {\"args\": [], \"name\": \"name\", \"type\": \"string\", \"unsigned\": false, \"defaultTo\": null, \"notNullable\": false}, {\"args\": [], \"name\": \"code\", \"type\": \"string\", \"unsigned\": false, \"defaultTo\": null, \"notNullable\": false}, {\"args\": [{\"useTz\": false, \"precision\": 6}], \"name\": \"created_at\", \"type\": \"datetime\", \"unsigned\": false, \"defaultTo\": null, \"notNullable\": false}, {\"args\": [{\"useTz\": false, \"precision\": 6}], \"name\": \"updated_at\", \"type\": \"datetime\", \"unsigned\": false, \"defaultTo\": null, \"notNullable\": false}, {\"args\": [], \"name\": \"created_by_id\", \"type\": \"integer\", \"unsigned\": true, \"defaultTo\": null, \"notNullable\": false}, {\"args\": [], \"name\": \"updated_by_id\", \"type\": \"integer\", \"unsigned\": true, \"defaultTo\": null, \"notNullable\": false}], \"indexes\": [{\"name\": \"i18n_locale_created_by_id_fk\", \"columns\": [\"created_by_id\"]}, {\"name\": \"i18n_locale_updated_by_id_fk\", \"columns\": [\"updated_by_id\"]}], \"foreignKeys\": [{\"name\": \"i18n_locale_created_by_id_fk\", \"columns\": [\"created_by_id\"], \"onDelete\": \"SET NULL\", \"referencedTable\": \"admin_users\", \"referencedColumns\": [\"id\"]}, {\"name\": \"i18n_locale_updated_by_id_fk\", \"columns\": [\"updated_by_id\"], \"onDelete\": \"SET NULL\", \"referencedTable\": \"admin_users\", \"referencedColumns\": [\"id\"]}]}, {\"name\": \"up_permissions\", \"columns\": [{\"args\": [{\"primary\": true, \"primaryKey\": true}], \"name\": \"id\", \"type\": \"increments\", \"unsigned\": false, \"defaultTo\": null, \"notNullable\": true}, {\"args\": [], \"name\": \"action\", \"type\": \"string\", \"unsigned\": false, \"defaultTo\": null, \"notNullable\": false}, {\"args\": [{\"useTz\": false, \"precision\": 6}], \"name\": \"created_at\", \"type\": \"datetime\", \"unsigned\": false, \"defaultTo\": null, \"notNullable\": false}, {\"args\": [{\"useTz\": false, \"precision\": 6}], \"name\": \"updated_at\", \"type\": \"datetime\", \"unsigned\": false, \"defaultTo\": null, \"notNullable\": false}, {\"args\": [], \"name\": \"created_by_id\", \"type\": \"integer\", \"unsigned\": true, \"defaultTo\": null, \"notNullable\": false}, {\"args\": [], \"name\": \"updated_by_id\", \"type\": \"integer\", \"unsigned\": true, \"defaultTo\": null, \"notNullable\": false}], \"indexes\": [{\"name\": \"up_permissions_created_by_id_fk\", \"columns\": [\"created_by_id\"]}, {\"name\": \"up_permissions_updated_by_id_fk\", \"columns\": [\"updated_by_id\"]}], \"foreignKeys\": [{\"name\": \"up_permissions_created_by_id_fk\", \"columns\": [\"created_by_id\"], \"onDelete\": \"SET NULL\", \"referencedTable\": \"admin_users\", \"referencedColumns\": [\"id\"]}, {\"name\": \"up_permissions_updated_by_id_fk\", \"columns\": [\"updated_by_id\"], \"onDelete\": \"SET NULL\", \"referencedTable\": \"admin_users\", \"referencedColumns\": [\"id\"]}]}, {\"name\": \"up_roles\", \"columns\": [{\"args\": [{\"primary\": true, \"primaryKey\": true}], \"name\": \"id\", \"type\": \"increments\", \"unsigned\": false, \"defaultTo\": null, \"notNullable\": true}, {\"args\": [], \"name\": \"name\", \"type\": \"string\", \"unsigned\": false, \"defaultTo\": null, \"notNullable\": false}, {\"args\": [], \"name\": \"description\", \"type\": \"string\", \"unsigned\": false, \"defaultTo\": null, \"notNullable\": false}, {\"args\": [], \"name\": \"type\", \"type\": \"string\", \"unsigned\": false, \"defaultTo\": null, \"notNullable\": false}, {\"args\": [{\"useTz\": false, \"precision\": 6}], \"name\": \"created_at\", \"type\": \"datetime\", \"unsigned\": false, \"defaultTo\": null, \"notNullable\": false}, {\"args\": [{\"useTz\": false, \"precision\": 6}], \"name\": \"updated_at\", \"type\": \"datetime\", \"unsigned\": false, \"defaultTo\": null, \"notNullable\": false}, {\"args\": [], \"name\": \"created_by_id\", \"type\": \"integer\", \"unsigned\": true, \"defaultTo\": null, \"notNullable\": false}, {\"args\": [], \"name\": \"updated_by_id\", \"type\": \"integer\", \"unsigned\": true, \"defaultTo\": null, \"notNullable\": false}], \"indexes\": [{\"name\": \"up_roles_created_by_id_fk\", \"columns\": [\"created_by_id\"]}, {\"name\": \"up_roles_updated_by_id_fk\", \"columns\": [\"updated_by_id\"]}], \"foreignKeys\": [{\"name\": \"up_roles_created_by_id_fk\", \"columns\": [\"created_by_id\"], \"onDelete\": \"SET NULL\", \"referencedTable\": \"admin_users\", \"referencedColumns\": [\"id\"]}, {\"name\": \"up_roles_updated_by_id_fk\", \"columns\": [\"updated_by_id\"], \"onDelete\": \"SET NULL\", \"referencedTable\": \"admin_users\", \"referencedColumns\": [\"id\"]}]}, {\"name\": \"up_users\", \"columns\": [{\"args\": [{\"primary\": true, \"primaryKey\": true}], \"name\": \"id\", \"type\": \"increments\", \"unsigned\": false, \"defaultTo\": null, \"notNullable\": true}, {\"args\": [], \"name\": \"username\", \"type\": \"string\", \"unsigned\": false, \"defaultTo\": null, \"notNullable\": false}, {\"args\": [], \"name\": \"email\", \"type\": \"string\", \"unsigned\": false, \"defaultTo\": null, \"notNullable\": false}, {\"args\": [], \"name\": \"provider\", \"type\": \"string\", \"unsigned\": false, \"defaultTo\": null, \"notNullable\": false}, {\"args\": [], \"name\": \"password\", \"type\": \"string\", \"unsigned\": false, \"defaultTo\": null, \"notNullable\": false}, {\"args\": [], \"name\": \"reset_password_token\", \"type\": \"string\", \"unsigned\": false, \"defaultTo\": null, \"notNullable\": false}, {\"args\": [], \"name\": \"confirmation_token\", \"type\": \"string\", \"unsigned\": false, \"defaultTo\": null, \"notNullable\": false}, {\"args\": [], \"name\": \"confirmed\", \"type\": \"boolean\", \"unsigned\": false, \"defaultTo\": null, \"notNullable\": false}, {\"args\": [], \"name\": \"blocked\", \"type\": \"boolean\", \"unsigned\": false, \"defaultTo\": null, \"notNullable\": false}, {\"args\": [{\"useTz\": false, \"precision\": 6}], \"name\": \"created_at\", \"type\": \"datetime\", \"unsigned\": false, \"defaultTo\": null, \"notNullable\": false}, {\"args\": [{\"useTz\": false, \"precision\": 6}], \"name\": \"updated_at\", \"type\": \"datetime\", \"unsigned\": false, \"defaultTo\": null, \"notNullable\": false}, {\"args\": [], \"name\": \"created_by_id\", \"type\": \"integer\", \"unsigned\": true, \"defaultTo\": null, \"notNullable\": false}, {\"args\": [], \"name\": \"updated_by_id\", \"type\": \"integer\", \"unsigned\": true, \"defaultTo\": null, \"notNullable\": false}], \"indexes\": [{\"name\": \"up_users_created_by_id_fk\", \"columns\": [\"created_by_id\"]}, {\"name\": \"up_users_updated_by_id_fk\", \"columns\": [\"updated_by_id\"]}], \"foreignKeys\": [{\"name\": \"up_users_created_by_id_fk\", \"columns\": [\"created_by_id\"], \"onDelete\": \"SET NULL\", \"referencedTable\": \"admin_users\", \"referencedColumns\": [\"id\"]}, {\"name\": \"up_users_updated_by_id_fk\", \"columns\": [\"updated_by_id\"], \"onDelete\": \"SET NULL\", \"referencedTable\": \"admin_users\", \"referencedColumns\": [\"id\"]}]}, {\"name\": \"admisions\", \"columns\": [{\"args\": [{\"primary\": true, \"primaryKey\": true}], \"name\": \"id\", \"type\": \"increments\", \"unsigned\": false, \"defaultTo\": null, \"notNullable\": true}, {\"args\": [{\"useTz\": false, \"precision\": 6}], \"name\": \"created_at\", \"type\": \"datetime\", \"unsigned\": false, \"defaultTo\": null, \"notNullable\": false}, {\"args\": [{\"useTz\": false, \"precision\": 6}], \"name\": \"updated_at\", \"type\": \"datetime\", \"unsigned\": false, \"defaultTo\": null, \"notNullable\": false}, {\"args\": [{\"useTz\": false, \"precision\": 6}], \"name\": \"published_at\", \"type\": \"datetime\", \"unsigned\": false, \"defaultTo\": null, \"notNullable\": false}, {\"args\": [], \"name\": \"created_by_id\", \"type\": \"integer\", \"unsigned\": true, \"defaultTo\": null, \"notNullable\": false}, {\"args\": [], \"name\": \"updated_by_id\", \"type\": \"integer\", \"unsigned\": true, \"defaultTo\": null, \"notNullable\": false}], \"indexes\": [{\"name\": \"admisions_created_by_id_fk\", \"columns\": [\"created_by_id\"]}, {\"name\": \"admisions_updated_by_id_fk\", \"columns\": [\"updated_by_id\"]}], \"foreignKeys\": [{\"name\": \"admisions_created_by_id_fk\", \"columns\": [\"created_by_id\"], \"onDelete\": \"SET NULL\", \"referencedTable\": \"admin_users\", \"referencedColumns\": [\"id\"]}, {\"name\": \"admisions_updated_by_id_fk\", \"columns\": [\"updated_by_id\"], \"onDelete\": \"SET NULL\", \"referencedTable\": \"admin_users\", \"referencedColumns\": [\"id\"]}]}, {\"name\": \"blog_posts\", \"columns\": [{\"args\": [{\"primary\": true, \"primaryKey\": true}], \"name\": \"id\", \"type\": \"increments\", \"unsigned\": false, \"defaultTo\": null, \"notNullable\": true}, {\"args\": [], \"name\": \"titulo\", \"type\": \"string\", \"unsigned\": false, \"defaultTo\": null, \"notNullable\": false}, {\"args\": [\"longtext\"], \"name\": \"text\", \"type\": \"text\", \"unsigned\": false, \"defaultTo\": null, \"notNullable\": false}, {\"args\": [], \"name\": \"destacado\", \"type\": \"boolean\", \"unsigned\": false, \"defaultTo\": null, \"notNullable\": false}, {\"args\": [], \"name\": \"slug\", \"type\": \"string\", \"unique\": true, \"unsigned\": false, \"defaultTo\": null, \"notNullable\": false}, {\"args\": [{\"useTz\": false, \"precision\": 6}], \"name\": \"created_at\", \"type\": \"datetime\", \"unsigned\": false, \"defaultTo\": null, \"notNullable\": false}, {\"args\": [{\"useTz\": false, \"precision\": 6}], \"name\": \"updated_at\", \"type\": \"datetime\", \"unsigned\": false, \"defaultTo\": null, \"notNullable\": false}, {\"args\": [{\"useTz\": false, \"precision\": 6}], \"name\": \"published_at\", \"type\": \"datetime\", \"unsigned\": false, \"defaultTo\": null, \"notNullable\": false}, {\"args\": [], \"name\": \"created_by_id\", \"type\": \"integer\", \"unsigned\": true, \"defaultTo\": null, \"notNullable\": false}, {\"args\": [], \"name\": \"updated_by_id\", \"type\": \"integer\", \"unsigned\": true, \"defaultTo\": null, \"notNullable\": false}], \"indexes\": [{\"name\": \"blog_posts_slug_unique\", \"type\": \"unique\", \"columns\": [\"slug\"]}, {\"name\": \"blog_posts_created_by_id_fk\", \"columns\": [\"created_by_id\"]}, {\"name\": \"blog_posts_updated_by_id_fk\", \"columns\": [\"updated_by_id\"]}], \"foreignKeys\": [{\"name\": \"blog_posts_created_by_id_fk\", \"columns\": [\"created_by_id\"], \"onDelete\": \"SET NULL\", \"referencedTable\": \"admin_users\", \"referencedColumns\": [\"id\"]}, {\"name\": \"blog_posts_updated_by_id_fk\", \"columns\": [\"updated_by_id\"], \"onDelete\": \"SET NULL\", \"referencedTable\": \"admin_users\", \"referencedColumns\": [\"id\"]}]}, {\"name\": \"enviroments\", \"columns\": [{\"args\": [{\"primary\": true, \"primaryKey\": true}], \"name\": \"id\", \"type\": \"increments\", \"unsigned\": false, \"defaultTo\": null, \"notNullable\": true}, {\"args\": [], \"name\": \"env\", \"type\": \"string\", \"unsigned\": false, \"defaultTo\": null, \"notNullable\": false}, {\"args\": [{\"useTz\": false, \"precision\": 6}], \"name\": \"created_at\", \"type\": \"datetime\", \"unsigned\": false, \"defaultTo\": null, \"notNullable\": false}, {\"args\": [{\"useTz\": false, \"precision\": 6}], \"name\": \"updated_at\", \"type\": \"datetime\", \"unsigned\": false, \"defaultTo\": null, \"notNullable\": false}, {\"args\": [{\"useTz\": false, \"precision\": 6}], \"name\": \"published_at\", \"type\": \"datetime\", \"unsigned\": false, \"defaultTo\": null, \"notNullable\": false}, {\"args\": [], \"name\": \"created_by_id\", \"type\": \"integer\", \"unsigned\": true, \"defaultTo\": null, \"notNullable\": false}, {\"args\": [], \"name\": \"updated_by_id\", \"type\": \"integer\", \"unsigned\": true, \"defaultTo\": null, \"notNullable\": false}], \"indexes\": [{\"name\": \"enviroments_created_by_id_fk\", \"columns\": [\"created_by_id\"]}, {\"name\": \"enviroments_updated_by_id_fk\", \"columns\": [\"updated_by_id\"]}], \"foreignKeys\": [{\"name\": \"enviroments_created_by_id_fk\", \"columns\": [\"created_by_id\"], \"onDelete\": \"SET NULL\", \"referencedTable\": \"admin_users\", \"referencedColumns\": [\"id\"]}, {\"name\": \"enviroments_updated_by_id_fk\", \"columns\": [\"updated_by_id\"], \"onDelete\": \"SET NULL\", \"referencedTable\": \"admin_users\", \"referencedColumns\": [\"id\"]}]}, {\"name\": \"especialidades\", \"columns\": [{\"args\": [{\"primary\": true, \"primaryKey\": true}], \"name\": \"id\", \"type\": \"increments\", \"unsigned\": false, \"defaultTo\": null, \"notNullable\": true}, {\"args\": [], \"name\": \"titulo\", \"type\": \"string\", \"unsigned\": false, \"defaultTo\": null, \"notNullable\": false}, {\"args\": [\"longtext\"], \"name\": \"descripcion\", \"type\": \"text\", \"unsigned\": false, \"defaultTo\": null, \"notNullable\": false}, {\"args\": [{\"useTz\": false, \"precision\": 6}], \"name\": \"created_at\", \"type\": \"datetime\", \"unsigned\": false, \"defaultTo\": null, \"notNullable\": false}, {\"args\": [{\"useTz\": false, \"precision\": 6}], \"name\": \"updated_at\", \"type\": \"datetime\", \"unsigned\": false, \"defaultTo\": null, \"notNullable\": false}, {\"args\": [{\"useTz\": false, \"precision\": 6}], \"name\": \"published_at\", \"type\": \"datetime\", \"unsigned\": false, \"defaultTo\": null, \"notNullable\": false}, {\"args\": [], \"name\": \"created_by_id\", \"type\": \"integer\", \"unsigned\": true, \"defaultTo\": null, \"notNullable\": false}, {\"args\": [], \"name\": \"updated_by_id\", \"type\": \"integer\", \"unsigned\": true, \"defaultTo\": null, \"notNullable\": false}], \"indexes\": [{\"name\": \"especialidades_created_by_id_fk\", \"columns\": [\"created_by_id\"]}, {\"name\": \"especialidades_updated_by_id_fk\", \"columns\": [\"updated_by_id\"]}], \"foreignKeys\": [{\"name\": \"especialidades_created_by_id_fk\", \"columns\": [\"created_by_id\"], \"onDelete\": \"SET NULL\", \"referencedTable\": \"admin_users\", \"referencedColumns\": [\"id\"]}, {\"name\": \"especialidades_updated_by_id_fk\", \"columns\": [\"updated_by_id\"], \"onDelete\": \"SET NULL\", \"referencedTable\": \"admin_users\", \"referencedColumns\": [\"id\"]}]}, {\"name\": \"generals\", \"columns\": [{\"args\": [{\"primary\": true, \"primaryKey\": true}], \"name\": \"id\", \"type\": \"increments\", \"unsigned\": false, \"defaultTo\": null, \"notNullable\": true}, {\"args\": [{\"useTz\": false, \"precision\": 6}], \"name\": \"created_at\", \"type\": \"datetime\", \"unsigned\": false, \"defaultTo\": null, \"notNullable\": false}, {\"args\": [{\"useTz\": false, \"precision\": 6}], \"name\": \"updated_at\", \"type\": \"datetime\", \"unsigned\": false, \"defaultTo\": null, \"notNullable\": false}, {\"args\": [{\"useTz\": false, \"precision\": 6}], \"name\": \"published_at\", \"type\": \"datetime\", \"unsigned\": false, \"defaultTo\": null, \"notNullable\": false}, {\"args\": [], \"name\": \"created_by_id\", \"type\": \"integer\", \"unsigned\": true, \"defaultTo\": null, \"notNullable\": false}, {\"args\": [], \"name\": \"updated_by_id\", \"type\": \"integer\", \"unsigned\": true, \"defaultTo\": null, \"notNullable\": false}], \"indexes\": [{\"name\": \"generals_created_by_id_fk\", \"columns\": [\"created_by_id\"]}, {\"name\": \"generals_updated_by_id_fk\", \"columns\": [\"updated_by_id\"]}], \"foreignKeys\": [{\"name\": \"generals_created_by_id_fk\", \"columns\": [\"created_by_id\"], \"onDelete\": \"SET NULL\", \"referencedTable\": \"admin_users\", \"referencedColumns\": [\"id\"]}, {\"name\": \"generals_updated_by_id_fk\", \"columns\": [\"updated_by_id\"], \"onDelete\": \"SET NULL\", \"referencedTable\": \"admin_users\", \"referencedColumns\": [\"id\"]}]}, {\"name\": \"users_register\", \"columns\": [{\"args\": [{\"primary\": true, \"primaryKey\": true}], \"name\": \"id\", \"type\": \"increments\", \"unsigned\": false, \"defaultTo\": null, \"notNullable\": true}, {\"args\": [], \"name\": \"nombres\", \"type\": \"string\", \"unsigned\": false, \"defaultTo\": null, \"notNullable\": false}, {\"args\": [], \"name\": \"apellidos\", \"type\": \"string\", \"unsigned\": false, \"defaultTo\": null, \"notNullable\": false}, {\"args\": [], \"name\": \"carrera_interes\", \"type\": \"string\", \"unsigned\": false, \"defaultTo\": null, \"notNullable\": false}, {\"args\": [], \"name\": \"celular\", \"type\": \"string\", \"unsigned\": false, \"defaultTo\": null, \"notNullable\": false}, {\"args\": [], \"name\": \"email\", \"type\": \"string\", \"unsigned\": false, \"defaultTo\": null, \"notNullable\": false}, {\"args\": [{\"useTz\": false, \"precision\": 6}], \"name\": \"created_at\", \"type\": \"datetime\", \"unsigned\": false, \"defaultTo\": null, \"notNullable\": false}, {\"args\": [{\"useTz\": false, \"precision\": 6}], \"name\": \"updated_at\", \"type\": \"datetime\", \"unsigned\": false, \"defaultTo\": null, \"notNullable\": false}, {\"args\": [{\"useTz\": false, \"precision\": 6}], \"name\": \"published_at\", \"type\": \"datetime\", \"unsigned\": false, \"defaultTo\": null, \"notNullable\": false}, {\"args\": [], \"name\": \"created_by_id\", \"type\": \"integer\", \"unsigned\": true, \"defaultTo\": null, \"notNullable\": false}, {\"args\": [], \"name\": \"updated_by_id\", \"type\": \"integer\", \"unsigned\": true, \"defaultTo\": null, \"notNullable\": false}], \"indexes\": [{\"name\": \"users_register_created_by_id_fk\", \"columns\": [\"created_by_id\"]}, {\"name\": \"users_register_updated_by_id_fk\", \"columns\": [\"updated_by_id\"]}], \"foreignKeys\": [{\"name\": \"users_register_created_by_id_fk\", \"columns\": [\"created_by_id\"], \"onDelete\": \"SET NULL\", \"referencedTable\": \"admin_users\", \"referencedColumns\": [\"id\"]}, {\"name\": \"users_register_updated_by_id_fk\", \"columns\": [\"updated_by_id\"], \"onDelete\": \"SET NULL\", \"referencedTable\": \"admin_users\", \"referencedColumns\": [\"id\"]}]}, {\"name\": \"components_admision_admin_destacados\", \"columns\": [{\"args\": [{\"primary\": true, \"primaryKey\": true}], \"name\": \"id\", \"type\": \"increments\", \"unsigned\": false, \"defaultTo\": null, \"notNullable\": true}, {\"args\": [], \"name\": \"titulo\", \"type\": \"string\", \"unsigned\": false, \"defaultTo\": null, \"notNullable\": false}, {\"args\": [], \"name\": \"subtitulo\", \"type\": \"string\", \"unsigned\": false, \"defaultTo\": null, \"notNullable\": false}], \"indexes\": [], \"foreignKeys\": []}, {\"name\": \"components_admision_admision_banners\", \"columns\": [{\"args\": [{\"primary\": true, \"primaryKey\": true}], \"name\": \"id\", \"type\": \"increments\", \"unsigned\": false, \"defaultTo\": null, \"notNullable\": true}, {\"args\": [], \"name\": \"titulo\", \"type\": \"string\", \"unsigned\": false, \"defaultTo\": null, \"notNullable\": false}, {\"args\": [], \"name\": \"subtitulo\", \"type\": \"string\", \"unsigned\": false, \"defaultTo\": null, \"notNullable\": false}, {\"args\": [\"longtext\"], \"name\": \"texto\", \"type\": \"text\", \"unsigned\": false, \"defaultTo\": null, \"notNullable\": false}], \"indexes\": [], \"foreignKeys\": []}, {\"name\": \"components_admision_admision_blogs\", \"columns\": [{\"args\": [{\"primary\": true, \"primaryKey\": true}], \"name\": \"id\", \"type\": \"increments\", \"unsigned\": false, \"defaultTo\": null, \"notNullable\": true}, {\"args\": [], \"name\": \"titulo\", \"type\": \"string\", \"unsigned\": false, \"defaultTo\": null, \"notNullable\": false}, {\"args\": [], \"name\": \"subtitulo\", \"type\": \"string\", \"unsigned\": false, \"defaultTo\": null, \"notNullable\": false}], \"indexes\": [], \"foreignKeys\": []}, {\"name\": \"components_admision_admision_convenios\", \"columns\": [{\"args\": [{\"primary\": true, \"primaryKey\": true}], \"name\": \"id\", \"type\": \"increments\", \"unsigned\": false, \"defaultTo\": null, \"notNullable\": true}, {\"args\": [], \"name\": \"titulo\", \"type\": \"string\", \"unsigned\": false, \"defaultTo\": null, \"notNullable\": false}], \"indexes\": [], \"foreignKeys\": []}, {\"name\": \"components_admision_admision_especialidades\", \"columns\": [{\"args\": [{\"primary\": true, \"primaryKey\": true}], \"name\": \"id\", \"type\": \"increments\", \"unsigned\": false, \"defaultTo\": null, \"notNullable\": true}, {\"args\": [], \"name\": \"titulo\", \"type\": \"string\", \"unsigned\": false, \"defaultTo\": null, \"notNullable\": false}, {\"args\": [], \"name\": \"subtitulo\", \"type\": \"string\", \"unsigned\": false, \"defaultTo\": null, \"notNullable\": false}, {\"args\": [\"longtext\"], \"name\": \"texto\", \"type\": \"text\", \"unsigned\": false, \"defaultTo\": null, \"notNullable\": false}], \"indexes\": [], \"foreignKeys\": []}, {\"name\": \"components_admision_admision_estudia\", \"columns\": [{\"args\": [{\"primary\": true, \"primaryKey\": true}], \"name\": \"id\", \"type\": \"increments\", \"unsigned\": false, \"defaultTo\": null, \"notNullable\": true}, {\"args\": [], \"name\": \"titulo\", \"type\": \"string\", \"unsigned\": false, \"defaultTo\": null, \"notNullable\": false}, {\"args\": [], \"name\": \"subtitulo\", \"type\": \"string\", \"unsigned\": false, \"defaultTo\": null, \"notNullable\": false}, {\"args\": [\"longtext\"], \"name\": \"texto\", \"type\": \"text\", \"unsigned\": false, \"defaultTo\": null, \"notNullable\": false}], \"indexes\": [], \"foreignKeys\": []}, {\"name\": \"components_admision_admision_forms\", \"columns\": [{\"args\": [{\"primary\": true, \"primaryKey\": true}], \"name\": \"id\", \"type\": \"increments\", \"unsigned\": false, \"defaultTo\": null, \"notNullable\": true}, {\"args\": [], \"name\": \"messages\", \"type\": \"jsonb\", \"unsigned\": false, \"defaultTo\": null, \"notNullable\": false}, {\"args\": [], \"name\": \"titulo\", \"type\": \"string\", \"unsigned\": false, \"defaultTo\": null, \"notNullable\": false}, {\"args\": [], \"name\": \"subtitulo\", \"type\": \"string\", \"unsigned\": false, \"defaultTo\": null, \"notNullable\": false}], \"indexes\": [], \"foreignKeys\": []}, {\"name\": \"components_admision_admision_testimonios\", \"columns\": [{\"args\": [{\"primary\": true, \"primaryKey\": true}], \"name\": \"id\", \"type\": \"increments\", \"unsigned\": false, \"defaultTo\": null, \"notNullable\": true}, {\"args\": [], \"name\": \"titulo\", \"type\": \"string\", \"unsigned\": false, \"defaultTo\": null, \"notNullable\": false}, {\"args\": [], \"name\": \"subtitulo\", \"type\": \"string\", \"unsigned\": false, \"defaultTo\": null, \"notNullable\": false}], \"indexes\": [], \"foreignKeys\": []}, {\"name\": \"components_admision_card_destacados\", \"columns\": [{\"args\": [{\"primary\": true, \"primaryKey\": true}], \"name\": \"id\", \"type\": \"increments\", \"unsigned\": false, \"defaultTo\": null, \"notNullable\": true}, {\"args\": [], \"name\": \"titulo\", \"type\": \"string\", \"unsigned\": false, \"defaultTo\": null, \"notNullable\": false}], \"indexes\": [], \"foreignKeys\": []}, {\"name\": \"components_admision_cardtestimonios\", \"columns\": [{\"args\": [{\"primary\": true, \"primaryKey\": true}], \"name\": \"id\", \"type\": \"increments\", \"unsigned\": false, \"defaultTo\": null, \"notNullable\": true}, {\"args\": [\"longtext\"], \"name\": \"comentario\", \"type\": \"text\", \"unsigned\": false, \"defaultTo\": null, \"notNullable\": false}, {\"args\": [], \"name\": \"nombre\", \"type\": \"string\", \"unsigned\": false, \"defaultTo\": null, \"notNullable\": false}, {\"args\": [], \"name\": \"ocupacion\", \"type\": \"string\", \"unsigned\": false, \"defaultTo\": null, \"notNullable\": false}], \"indexes\": [], \"foreignKeys\": []}, {\"name\": \"components_admision_galeria_de_imagenes\", \"columns\": [{\"args\": [{\"primary\": true, \"primaryKey\": true}], \"name\": \"id\", \"type\": \"increments\", \"unsigned\": false, \"defaultTo\": null, \"notNullable\": true}, {\"args\": [], \"name\": \"titulo\", \"type\": \"string\", \"unsigned\": false, \"defaultTo\": null, \"notNullable\": false}, {\"args\": [], \"name\": \"subtitulo\", \"type\": \"string\", \"unsigned\": false, \"defaultTo\": null, \"notNullable\": false}], \"indexes\": [], \"foreignKeys\": []}, {\"name\": \"components_admision_input_admisions\", \"columns\": [{\"args\": [{\"primary\": true, \"primaryKey\": true}], \"name\": \"id\", \"type\": \"increments\", \"unsigned\": false, \"defaultTo\": null, \"notNullable\": true}, {\"args\": [], \"name\": \"name\", \"type\": \"string\", \"unsigned\": false, \"defaultTo\": null, \"notNullable\": false}, {\"args\": [], \"name\": \"label\", \"type\": \"string\", \"unsigned\": false, \"defaultTo\": null, \"notNullable\": false}], \"indexes\": [], \"foreignKeys\": []}, {\"name\": \"components_admision_razones\", \"columns\": [{\"args\": [{\"primary\": true, \"primaryKey\": true}], \"name\": \"id\", \"type\": \"increments\", \"unsigned\": false, \"defaultTo\": null, \"notNullable\": true}, {\"args\": [], \"name\": \"titulo\", \"type\": \"string\", \"unsigned\": false, \"defaultTo\": null, \"notNullable\": false}, {\"args\": [\"longtext\"], \"name\": \"descripcion\", \"type\": \"text\", \"unsigned\": false, \"defaultTo\": null, \"notNullable\": false}], \"indexes\": [], \"foreignKeys\": []}, {\"name\": \"components_card_especialidad_card_especialidads\", \"columns\": [{\"args\": [{\"primary\": true, \"primaryKey\": true}], \"name\": \"id\", \"type\": \"increments\", \"unsigned\": false, \"defaultTo\": null, \"notNullable\": true}], \"indexes\": [], \"foreignKeys\": []}, {\"name\": \"components_email_emails\", \"columns\": [{\"args\": [{\"primary\": true, \"primaryKey\": true}], \"name\": \"id\", \"type\": \"increments\", \"unsigned\": false, \"defaultTo\": null, \"notNullable\": true}, {\"args\": [], \"name\": \"name\", \"type\": \"string\", \"unsigned\": false, \"defaultTo\": null, \"notNullable\": false}, {\"args\": [], \"name\": \"label\", \"type\": \"string\", \"unsigned\": false, \"defaultTo\": null, \"notNullable\": false}], \"indexes\": [], \"foreignKeys\": []}, {\"name\": \"components_error_messages_mensajes_de_errors\", \"columns\": [{\"args\": [{\"primary\": true, \"primaryKey\": true}], \"name\": \"id\", \"type\": \"increments\", \"unsigned\": false, \"defaultTo\": null, \"notNullable\": true}], \"indexes\": [], \"foreignKeys\": []}, {\"name\": \"components_footer_footers\", \"columns\": [{\"args\": [{\"primary\": true, \"primaryKey\": true}], \"name\": \"id\", \"type\": \"increments\", \"unsigned\": false, \"defaultTo\": null, \"notNullable\": true}, {\"args\": [\"longtext\"], \"name\": \"text\", \"type\": \"text\", \"unsigned\": false, \"defaultTo\": null, \"notNullable\": false}, {\"args\": [], \"name\": \"copyright\", \"type\": \"string\", \"unsigned\": false, \"defaultTo\": null, \"notNullable\": false}], \"indexes\": [], \"foreignKeys\": []}, {\"name\": \"components_informacion_informacions\", \"columns\": [{\"args\": [{\"primary\": true, \"primaryKey\": true}], \"name\": \"id\", \"type\": \"increments\", \"unsigned\": false, \"defaultTo\": null, \"notNullable\": true}, {\"args\": [], \"name\": \"direccion\", \"type\": \"string\", \"unsigned\": false, \"defaultTo\": null, \"notNullable\": false}, {\"args\": [], \"name\": \"telefono\", \"type\": \"string\", \"unsigned\": false, \"defaultTo\": null, \"notNullable\": false}, {\"args\": [], \"name\": \"correo\", \"type\": \"string\", \"unsigned\": false, \"defaultTo\": null, \"notNullable\": false}, {\"args\": [], \"name\": \"horario\", \"type\": \"string\", \"unsigned\": false, \"defaultTo\": null, \"notNullable\": false}], \"indexes\": [], \"foreignKeys\": []}, {\"name\": \"components_labels_labels\", \"columns\": [{\"args\": [{\"primary\": true, \"primaryKey\": true}], \"name\": \"id\", \"type\": \"increments\", \"unsigned\": false, \"defaultTo\": null, \"notNullable\": true}, {\"args\": [], \"name\": \"lbl_enviar\", \"type\": \"string\", \"unsigned\": false, \"defaultTo\": null, \"notNullable\": false}, {\"args\": [], \"name\": \"lbl_leer_mas\", \"type\": \"string\", \"unsigned\": false, \"defaultTo\": null, \"notNullable\": false}], \"indexes\": [], \"foreignKeys\": []}, {\"name\": \"components_shared_meta_socials\", \"columns\": [{\"args\": [{\"primary\": true, \"primaryKey\": true}], \"name\": \"id\", \"type\": \"increments\", \"unsigned\": false, \"defaultTo\": null, \"notNullable\": true}, {\"args\": [], \"name\": \"social_network\", \"type\": \"string\", \"unsigned\": false, \"defaultTo\": null, \"notNullable\": false}, {\"args\": [], \"name\": \"title\", \"type\": \"string\", \"unsigned\": false, \"defaultTo\": null, \"notNullable\": false}, {\"args\": [], \"name\": \"description\", \"type\": \"string\", \"unsigned\": false, \"defaultTo\": null, \"notNullable\": false}], \"indexes\": [], \"foreignKeys\": []}, {\"name\": \"components_shared_seos\", \"columns\": [{\"args\": [{\"primary\": true, \"primaryKey\": true}], \"name\": \"id\", \"type\": \"increments\", \"unsigned\": false, \"defaultTo\": null, \"notNullable\": true}, {\"args\": [], \"name\": \"meta_title\", \"type\": \"string\", \"unsigned\": false, \"defaultTo\": null, \"notNullable\": false}, {\"args\": [], \"name\": \"meta_description\", \"type\": \"string\", \"unsigned\": false, \"defaultTo\": null, \"notNullable\": false}, {\"args\": [\"longtext\"], \"name\": \"keywords\", \"type\": \"text\", \"unsigned\": false, \"defaultTo\": null, \"notNullable\": false}, {\"args\": [], \"name\": \"meta_robots\", \"type\": \"string\", \"unsigned\": false, \"defaultTo\": null, \"notNullable\": false}, {\"args\": [], \"name\": \"structured_data\", \"type\": \"jsonb\", \"unsigned\": false, \"defaultTo\": null, \"notNullable\": false}, {\"args\": [], \"name\": \"meta_viewport\", \"type\": \"string\", \"unsigned\": false, \"defaultTo\": null, \"notNullable\": false}, {\"args\": [], \"name\": \"canonical_url\", \"type\": \"string\", \"unsigned\": false, \"defaultTo\": null, \"notNullable\": false}], \"indexes\": [], \"foreignKeys\": []}, {\"name\": \"components_social_networks_redes_sociales\", \"columns\": [{\"args\": [{\"primary\": true, \"primaryKey\": true}], \"name\": \"id\", \"type\": \"increments\", \"unsigned\": false, \"defaultTo\": null, \"notNullable\": true}, {\"args\": [], \"name\": \"tipo\", \"type\": \"string\", \"unsigned\": false, \"defaultTo\": null, \"notNullable\": false}, {\"args\": [], \"name\": \"url\", \"type\": \"string\", \"unsigned\": false, \"defaultTo\": null, \"notNullable\": false}], \"indexes\": [], \"foreignKeys\": []}, {\"name\": \"admin_permissions_role_links\", \"columns\": [{\"args\": [{\"primary\": true, \"primaryKey\": true}], \"name\": \"id\", \"type\": \"increments\", \"unsigned\": false, \"defaultTo\": null, \"notNullable\": true}, {\"args\": [], \"name\": \"permission_id\", \"type\": \"integer\", \"unsigned\": true, \"defaultTo\": null, \"notNullable\": false}, {\"args\": [], \"name\": \"role_id\", \"type\": \"integer\", \"unsigned\": true, \"defaultTo\": null, \"notNullable\": false}, {\"args\": [], \"name\": \"permission_order\", \"type\": \"double\", \"unsigned\": true, \"defaultTo\": null, \"notNullable\": false}], \"indexes\": [{\"name\": \"admin_permissions_role_links_fk\", \"columns\": [\"permission_id\"]}, {\"name\": \"admin_permissions_role_links_inv_fk\", \"columns\": [\"role_id\"]}, {\"name\": \"admin_permissions_role_links_unique\", \"type\": \"unique\", \"columns\": [\"permission_id\", \"role_id\"]}, {\"name\": \"admin_permissions_role_links_order_inv_fk\", \"columns\": [\"permission_order\"]}], \"foreignKeys\": [{\"name\": \"admin_permissions_role_links_fk\", \"columns\": [\"permission_id\"], \"onDelete\": \"CASCADE\", \"referencedTable\": \"admin_permissions\", \"referencedColumns\": [\"id\"]}, {\"name\": \"admin_permissions_role_links_inv_fk\", \"columns\": [\"role_id\"], \"onDelete\": \"CASCADE\", \"referencedTable\": \"admin_roles\", \"referencedColumns\": [\"id\"]}]}, {\"name\": \"admin_users_roles_links\", \"columns\": [{\"args\": [{\"primary\": true, \"primaryKey\": true}], \"name\": \"id\", \"type\": \"increments\", \"unsigned\": false, \"defaultTo\": null, \"notNullable\": true}, {\"args\": [], \"name\": \"user_id\", \"type\": \"integer\", \"unsigned\": true, \"defaultTo\": null, \"notNullable\": false}, {\"args\": [], \"name\": \"role_id\", \"type\": \"integer\", \"unsigned\": true, \"defaultTo\": null, \"notNullable\": false}, {\"args\": [], \"name\": \"role_order\", \"type\": \"double\", \"unsigned\": true, \"defaultTo\": null, \"notNullable\": false}, {\"args\": [], \"name\": \"user_order\", \"type\": \"double\", \"unsigned\": true, \"defaultTo\": null, \"notNullable\": false}], \"indexes\": [{\"name\": \"admin_users_roles_links_fk\", \"columns\": [\"user_id\"]}, {\"name\": \"admin_users_roles_links_inv_fk\", \"columns\": [\"role_id\"]}, {\"name\": \"admin_users_roles_links_unique\", \"type\": \"unique\", \"columns\": [\"user_id\", \"role_id\"]}, {\"name\": \"admin_users_roles_links_order_fk\", \"columns\": [\"role_order\"]}, {\"name\": \"admin_users_roles_links_order_inv_fk\", \"columns\": [\"user_order\"]}], \"foreignKeys\": [{\"name\": \"admin_users_roles_links_fk\", \"columns\": [\"user_id\"], \"onDelete\": \"CASCADE\", \"referencedTable\": \"admin_users\", \"referencedColumns\": [\"id\"]}, {\"name\": \"admin_users_roles_links_inv_fk\", \"columns\": [\"role_id\"], \"onDelete\": \"CASCADE\", \"referencedTable\": \"admin_roles\", \"referencedColumns\": [\"id\"]}]}, {\"name\": \"strapi_api_token_permissions_token_links\", \"columns\": [{\"args\": [{\"primary\": true, \"primaryKey\": true}], \"name\": \"id\", \"type\": \"increments\", \"unsigned\": false, \"defaultTo\": null, \"notNullable\": true}, {\"args\": [], \"name\": \"api_token_permission_id\", \"type\": \"integer\", \"unsigned\": true, \"defaultTo\": null, \"notNullable\": false}, {\"args\": [], \"name\": \"api_token_id\", \"type\": \"integer\", \"unsigned\": true, \"defaultTo\": null, \"notNullable\": false}, {\"args\": [], \"name\": \"api_token_permission_order\", \"type\": \"double\", \"unsigned\": true, \"defaultTo\": null, \"notNullable\": false}], \"indexes\": [{\"name\": \"strapi_api_token_permissions_token_links_fk\", \"columns\": [\"api_token_permission_id\"]}, {\"name\": \"strapi_api_token_permissions_token_links_inv_fk\", \"columns\": [\"api_token_id\"]}, {\"name\": \"strapi_api_token_permissions_token_links_unique\", \"type\": \"unique\", \"columns\": [\"api_token_permission_id\", \"api_token_id\"]}, {\"name\": \"strapi_api_token_permissions_token_links_order_inv_fk\", \"columns\": [\"api_token_permission_order\"]}], \"foreignKeys\": [{\"name\": \"strapi_api_token_permissions_token_links_fk\", \"columns\": [\"api_token_permission_id\"], \"onDelete\": \"CASCADE\", \"referencedTable\": \"strapi_api_token_permissions\", \"referencedColumns\": [\"id\"]}, {\"name\": \"strapi_api_token_permissions_token_links_inv_fk\", \"columns\": [\"api_token_id\"], \"onDelete\": \"CASCADE\", \"referencedTable\": \"strapi_api_tokens\", \"referencedColumns\": [\"id\"]}]}, {\"name\": \"strapi_transfer_token_permissions_token_links\", \"columns\": [{\"args\": [{\"primary\": true, \"primaryKey\": true}], \"name\": \"id\", \"type\": \"increments\", \"unsigned\": false, \"defaultTo\": null, \"notNullable\": true}, {\"args\": [], \"name\": \"transfer_token_permission_id\", \"type\": \"integer\", \"unsigned\": true, \"defaultTo\": null, \"notNullable\": false}, {\"args\": [], \"name\": \"transfer_token_id\", \"type\": \"integer\", \"unsigned\": true, \"defaultTo\": null, \"notNullable\": false}, {\"args\": [], \"name\": \"transfer_token_permission_order\", \"type\": \"double\", \"unsigned\": true, \"defaultTo\": null, \"notNullable\": false}], \"indexes\": [{\"name\": \"strapi_transfer_token_permissions_token_links_fk\", \"columns\": [\"transfer_token_permission_id\"]}, {\"name\": \"strapi_transfer_token_permissions_token_links_inv_fk\", \"columns\": [\"transfer_token_id\"]}, {\"name\": \"strapi_transfer_token_permissions_token_links_unique\", \"type\": \"unique\", \"columns\": [\"transfer_token_permission_id\", \"transfer_token_id\"]}, {\"name\": \"strapi_transfer_token_permissions_token_links_order_inv_fk\", \"columns\": [\"transfer_token_permission_order\"]}], \"foreignKeys\": [{\"name\": \"strapi_transfer_token_permissions_token_links_fk\", \"columns\": [\"transfer_token_permission_id\"], \"onDelete\": \"CASCADE\", \"referencedTable\": \"strapi_transfer_token_permissions\", \"referencedColumns\": [\"id\"]}, {\"name\": \"strapi_transfer_token_permissions_token_links_inv_fk\", \"columns\": [\"transfer_token_id\"], \"onDelete\": \"CASCADE\", \"referencedTable\": \"strapi_transfer_tokens\", \"referencedColumns\": [\"id\"]}]}, {\"name\": \"files_related_morphs\", \"columns\": [{\"args\": [{\"primary\": true, \"primaryKey\": true}], \"name\": \"id\", \"type\": \"increments\", \"unsigned\": false, \"defaultTo\": null, \"notNullable\": true}, {\"args\": [], \"name\": \"file_id\", \"type\": \"integer\", \"unsigned\": true, \"defaultTo\": null, \"notNullable\": false}, {\"args\": [], \"name\": \"related_id\", \"type\": \"integer\", \"unsigned\": true, \"defaultTo\": null, \"notNullable\": false}, {\"args\": [], \"name\": \"related_type\", \"type\": \"string\", \"unsigned\": false, \"defaultTo\": null, \"notNullable\": false}, {\"args\": [], \"name\": \"field\", \"type\": \"string\", \"unsigned\": false, \"defaultTo\": null, \"notNullable\": false}, {\"args\": [], \"name\": \"order\", \"type\": \"double\", \"unsigned\": true, \"defaultTo\": null, \"notNullable\": false}], \"indexes\": [{\"name\": \"files_related_morphs_fk\", \"columns\": [\"file_id\"]}, {\"name\": \"files_related_morphs_order_index\", \"columns\": [\"order\"]}, {\"name\": \"files_related_morphs_id_column_index\", \"columns\": [\"related_id\"]}], \"foreignKeys\": [{\"name\": \"files_related_morphs_fk\", \"columns\": [\"file_id\"], \"onDelete\": \"CASCADE\", \"referencedTable\": \"files\", \"referencedColumns\": [\"id\"]}]}, {\"name\": \"files_folder_links\", \"columns\": [{\"args\": [{\"primary\": true, \"primaryKey\": true}], \"name\": \"id\", \"type\": \"increments\", \"unsigned\": false, \"defaultTo\": null, \"notNullable\": true}, {\"args\": [], \"name\": \"file_id\", \"type\": \"integer\", \"unsigned\": true, \"defaultTo\": null, \"notNullable\": false}, {\"args\": [], \"name\": \"folder_id\", \"type\": \"integer\", \"unsigned\": true, \"defaultTo\": null, \"notNullable\": false}, {\"args\": [], \"name\": \"file_order\", \"type\": \"double\", \"unsigned\": true, \"defaultTo\": null, \"notNullable\": false}], \"indexes\": [{\"name\": \"files_folder_links_fk\", \"columns\": [\"file_id\"]}, {\"name\": \"files_folder_links_inv_fk\", \"columns\": [\"folder_id\"]}, {\"name\": \"files_folder_links_unique\", \"type\": \"unique\", \"columns\": [\"file_id\", \"folder_id\"]}, {\"name\": \"files_folder_links_order_inv_fk\", \"columns\": [\"file_order\"]}], \"foreignKeys\": [{\"name\": \"files_folder_links_fk\", \"columns\": [\"file_id\"], \"onDelete\": \"CASCADE\", \"referencedTable\": \"files\", \"referencedColumns\": [\"id\"]}, {\"name\": \"files_folder_links_inv_fk\", \"columns\": [\"folder_id\"], \"onDelete\": \"CASCADE\", \"referencedTable\": \"upload_folders\", \"referencedColumns\": [\"id\"]}]}, {\"name\": \"upload_folders_parent_links\", \"columns\": [{\"args\": [{\"primary\": true, \"primaryKey\": true}], \"name\": \"id\", \"type\": \"increments\", \"unsigned\": false, \"defaultTo\": null, \"notNullable\": true}, {\"args\": [], \"name\": \"folder_id\", \"type\": \"integer\", \"unsigned\": true, \"defaultTo\": null, \"notNullable\": false}, {\"args\": [], \"name\": \"inv_folder_id\", \"type\": \"integer\", \"unsigned\": true, \"defaultTo\": null, \"notNullable\": false}, {\"args\": [], \"name\": \"folder_order\", \"type\": \"double\", \"unsigned\": true, \"defaultTo\": null, \"notNullable\": false}], \"indexes\": [{\"name\": \"upload_folders_parent_links_fk\", \"columns\": [\"folder_id\"]}, {\"name\": \"upload_folders_parent_links_inv_fk\", \"columns\": [\"inv_folder_id\"]}, {\"name\": \"upload_folders_parent_links_unique\", \"type\": \"unique\", \"columns\": [\"folder_id\", \"inv_folder_id\"]}, {\"name\": \"upload_folders_parent_links_order_inv_fk\", \"columns\": [\"folder_order\"]}], \"foreignKeys\": [{\"name\": \"upload_folders_parent_links_fk\", \"columns\": [\"folder_id\"], \"onDelete\": \"CASCADE\", \"referencedTable\": \"upload_folders\", \"referencedColumns\": [\"id\"]}, {\"name\": \"upload_folders_parent_links_inv_fk\", \"columns\": [\"inv_folder_id\"], \"onDelete\": \"CASCADE\", \"referencedTable\": \"upload_folders\", \"referencedColumns\": [\"id\"]}]}, {\"name\": \"up_permissions_role_links\", \"columns\": [{\"args\": [{\"primary\": true, \"primaryKey\": true}], \"name\": \"id\", \"type\": \"increments\", \"unsigned\": false, \"defaultTo\": null, \"notNullable\": true}, {\"args\": [], \"name\": \"permission_id\", \"type\": \"integer\", \"unsigned\": true, \"defaultTo\": null, \"notNullable\": false}, {\"args\": [], \"name\": \"role_id\", \"type\": \"integer\", \"unsigned\": true, \"defaultTo\": null, \"notNullable\": false}, {\"args\": [], \"name\": \"permission_order\", \"type\": \"double\", \"unsigned\": true, \"defaultTo\": null, \"notNullable\": false}], \"indexes\": [{\"name\": \"up_permissions_role_links_fk\", \"columns\": [\"permission_id\"]}, {\"name\": \"up_permissions_role_links_inv_fk\", \"columns\": [\"role_id\"]}, {\"name\": \"up_permissions_role_links_unique\", \"type\": \"unique\", \"columns\": [\"permission_id\", \"role_id\"]}, {\"name\": \"up_permissions_role_links_order_inv_fk\", \"columns\": [\"permission_order\"]}], \"foreignKeys\": [{\"name\": \"up_permissions_role_links_fk\", \"columns\": [\"permission_id\"], \"onDelete\": \"CASCADE\", \"referencedTable\": \"up_permissions\", \"referencedColumns\": [\"id\"]}, {\"name\": \"up_permissions_role_links_inv_fk\", \"columns\": [\"role_id\"], \"onDelete\": \"CASCADE\", \"referencedTable\": \"up_roles\", \"referencedColumns\": [\"id\"]}]}, {\"name\": \"up_users_role_links\", \"columns\": [{\"args\": [{\"primary\": true, \"primaryKey\": true}], \"name\": \"id\", \"type\": \"increments\", \"unsigned\": false, \"defaultTo\": null, \"notNullable\": true}, {\"args\": [], \"name\": \"user_id\", \"type\": \"integer\", \"unsigned\": true, \"defaultTo\": null, \"notNullable\": false}, {\"args\": [], \"name\": \"role_id\", \"type\": \"integer\", \"unsigned\": true, \"defaultTo\": null, \"notNullable\": false}, {\"args\": [], \"name\": \"user_order\", \"type\": \"double\", \"unsigned\": true, \"defaultTo\": null, \"notNullable\": false}], \"indexes\": [{\"name\": \"up_users_role_links_fk\", \"columns\": [\"user_id\"]}, {\"name\": \"up_users_role_links_inv_fk\", \"columns\": [\"role_id\"]}, {\"name\": \"up_users_role_links_unique\", \"type\": \"unique\", \"columns\": [\"user_id\", \"role_id\"]}, {\"name\": \"up_users_role_links_order_inv_fk\", \"columns\": [\"user_order\"]}], \"foreignKeys\": [{\"name\": \"up_users_role_links_fk\", \"columns\": [\"user_id\"], \"onDelete\": \"CASCADE\", \"referencedTable\": \"up_users\", \"referencedColumns\": [\"id\"]}, {\"name\": \"up_users_role_links_inv_fk\", \"columns\": [\"role_id\"], \"onDelete\": \"CASCADE\", \"referencedTable\": \"up_roles\", \"referencedColumns\": [\"id\"]}]}, {\"name\": \"admisions_components\", \"columns\": [{\"args\": [{\"primary\": true, \"primaryKey\": true}], \"name\": \"id\", \"type\": \"increments\", \"unsigned\": false, \"defaultTo\": null, \"notNullable\": true}, {\"args\": [], \"name\": \"entity_id\", \"type\": \"integer\", \"unsigned\": true, \"defaultTo\": null, \"notNullable\": false}, {\"args\": [], \"name\": \"component_id\", \"type\": \"integer\", \"unsigned\": true, \"defaultTo\": null, \"notNullable\": false}, {\"args\": [], \"name\": \"component_type\", \"type\": \"string\", \"unsigned\": false, \"defaultTo\": null, \"notNullable\": false}, {\"args\": [], \"name\": \"field\", \"type\": \"string\", \"unsigned\": false, \"defaultTo\": null, \"notNullable\": false}, {\"args\": [], \"name\": \"order\", \"type\": \"double\", \"unsigned\": true, \"defaultTo\": null, \"notNullable\": false}], \"indexes\": [{\"name\": \"admisions_field_index\", \"columns\": [\"field\"]}, {\"name\": \"admisions_component_type_index\", \"columns\": [\"component_type\"]}, {\"name\": \"admisions_entity_fk\", \"columns\": [\"entity_id\"]}, {\"name\": \"admisions_unique\", \"type\": \"unique\", \"columns\": [\"entity_id\", \"component_id\", \"field\", \"component_type\"]}], \"foreignKeys\": [{\"name\": \"admisions_entity_fk\", \"columns\": [\"entity_id\"], \"onDelete\": \"CASCADE\", \"referencedTable\": \"admisions\", \"referencedColumns\": [\"id\"]}]}, {\"name\": \"blog_posts_components\", \"columns\": [{\"args\": [{\"primary\": true, \"primaryKey\": true}], \"name\": \"id\", \"type\": \"increments\", \"unsigned\": false, \"defaultTo\": null, \"notNullable\": true}, {\"args\": [], \"name\": \"entity_id\", \"type\": \"integer\", \"unsigned\": true, \"defaultTo\": null, \"notNullable\": false}, {\"args\": [], \"name\": \"component_id\", \"type\": \"integer\", \"unsigned\": true, \"defaultTo\": null, \"notNullable\": false}, {\"args\": [], \"name\": \"component_type\", \"type\": \"string\", \"unsigned\": false, \"defaultTo\": null, \"notNullable\": false}, {\"args\": [], \"name\": \"field\", \"type\": \"string\", \"unsigned\": false, \"defaultTo\": null, \"notNullable\": false}, {\"args\": [], \"name\": \"order\", \"type\": \"double\", \"unsigned\": true, \"defaultTo\": null, \"notNullable\": false}], \"indexes\": [{\"name\": \"blog_posts_field_index\", \"columns\": [\"field\"]}, {\"name\": \"blog_posts_component_type_index\", \"columns\": [\"component_type\"]}, {\"name\": \"blog_posts_entity_fk\", \"columns\": [\"entity_id\"]}, {\"name\": \"blog_posts_unique\", \"type\": \"unique\", \"columns\": [\"entity_id\", \"component_id\", \"field\", \"component_type\"]}], \"foreignKeys\": [{\"name\": \"blog_posts_entity_fk\", \"columns\": [\"entity_id\"], \"onDelete\": \"CASCADE\", \"referencedTable\": \"blog_posts\", \"referencedColumns\": [\"id\"]}]}, {\"name\": \"generals_components\", \"columns\": [{\"args\": [{\"primary\": true, \"primaryKey\": true}], \"name\": \"id\", \"type\": \"increments\", \"unsigned\": false, \"defaultTo\": null, \"notNullable\": true}, {\"args\": [], \"name\": \"entity_id\", \"type\": \"integer\", \"unsigned\": true, \"defaultTo\": null, \"notNullable\": false}, {\"args\": [], \"name\": \"component_id\", \"type\": \"integer\", \"unsigned\": true, \"defaultTo\": null, \"notNullable\": false}, {\"args\": [], \"name\": \"component_type\", \"type\": \"string\", \"unsigned\": false, \"defaultTo\": null, \"notNullable\": false}, {\"args\": [], \"name\": \"field\", \"type\": \"string\", \"unsigned\": false, \"defaultTo\": null, \"notNullable\": false}, {\"args\": [], \"name\": \"order\", \"type\": \"double\", \"unsigned\": true, \"defaultTo\": null, \"notNullable\": false}], \"indexes\": [{\"name\": \"generals_field_index\", \"columns\": [\"field\"]}, {\"name\": \"generals_component_type_index\", \"columns\": [\"component_type\"]}, {\"name\": \"generals_entity_fk\", \"columns\": [\"entity_id\"]}, {\"name\": \"generals_unique\", \"type\": \"unique\", \"columns\": [\"entity_id\", \"component_id\", \"field\", \"component_type\"]}], \"foreignKeys\": [{\"name\": \"generals_entity_fk\", \"columns\": [\"entity_id\"], \"onDelete\": \"CASCADE\", \"referencedTable\": \"generals\", \"referencedColumns\": [\"id\"]}]}, {\"name\": \"components_admision_admin_destacados_components\", \"columns\": [{\"args\": [{\"primary\": true, \"primaryKey\": true}], \"name\": \"id\", \"type\": \"increments\", \"unsigned\": false, \"defaultTo\": null, \"notNullable\": true}, {\"args\": [], \"name\": \"entity_id\", \"type\": \"integer\", \"unsigned\": true, \"defaultTo\": null, \"notNullable\": false}, {\"args\": [], \"name\": \"component_id\", \"type\": \"integer\", \"unsigned\": true, \"defaultTo\": null, \"notNullable\": false}, {\"args\": [], \"name\": \"component_type\", \"type\": \"string\", \"unsigned\": false, \"defaultTo\": null, \"notNullable\": false}, {\"args\": [], \"name\": \"field\", \"type\": \"string\", \"unsigned\": false, \"defaultTo\": null, \"notNullable\": false}, {\"args\": [], \"name\": \"order\", \"type\": \"double\", \"unsigned\": true, \"defaultTo\": null, \"notNullable\": false}], \"indexes\": [{\"name\": \"components_admision_admin_destacados_field_index\", \"columns\": [\"field\"]}, {\"name\": \"components_admision_admin_destacados_component_type_index\", \"columns\": [\"component_type\"]}, {\"name\": \"components_admision_admin_destacados_entity_fk\", \"columns\": [\"entity_id\"]}, {\"name\": \"components_admision_admin_destacados_unique\", \"type\": \"unique\", \"columns\": [\"entity_id\", \"component_id\", \"field\", \"component_type\"]}], \"foreignKeys\": [{\"name\": \"components_admision_admin_destacados_entity_fk\", \"columns\": [\"entity_id\"], \"onDelete\": \"CASCADE\", \"referencedTable\": \"components_admision_admin_destacados\", \"referencedColumns\": [\"id\"]}]}, {\"name\": \"components_admision_admision_estudia_components\", \"columns\": [{\"args\": [{\"primary\": true, \"primaryKey\": true}], \"name\": \"id\", \"type\": \"increments\", \"unsigned\": false, \"defaultTo\": null, \"notNullable\": true}, {\"args\": [], \"name\": \"entity_id\", \"type\": \"integer\", \"unsigned\": true, \"defaultTo\": null, \"notNullable\": false}, {\"args\": [], \"name\": \"component_id\", \"type\": \"integer\", \"unsigned\": true, \"defaultTo\": null, \"notNullable\": false}, {\"args\": [], \"name\": \"component_type\", \"type\": \"string\", \"unsigned\": false, \"defaultTo\": null, \"notNullable\": false}, {\"args\": [], \"name\": \"field\", \"type\": \"string\", \"unsigned\": false, \"defaultTo\": null, \"notNullable\": false}, {\"args\": [], \"name\": \"order\", \"type\": \"double\", \"unsigned\": true, \"defaultTo\": null, \"notNullable\": false}], \"indexes\": [{\"name\": \"components_admision_admision_estudia_field_index\", \"columns\": [\"field\"]}, {\"name\": \"components_admision_admision_estudia_component_type_index\", \"columns\": [\"component_type\"]}, {\"name\": \"components_admision_admision_estudia_entity_fk\", \"columns\": [\"entity_id\"]}, {\"name\": \"components_admision_admision_estudia_unique\", \"type\": \"unique\", \"columns\": [\"entity_id\", \"component_id\", \"field\", \"component_type\"]}], \"foreignKeys\": [{\"name\": \"components_admision_admision_estudia_entity_fk\", \"columns\": [\"entity_id\"], \"onDelete\": \"CASCADE\", \"referencedTable\": \"components_admision_admision_estudia\", \"referencedColumns\": [\"id\"]}]}, {\"name\": \"components_admision_admision_forms_components\", \"columns\": [{\"args\": [{\"primary\": true, \"primaryKey\": true}], \"name\": \"id\", \"type\": \"increments\", \"unsigned\": false, \"defaultTo\": null, \"notNullable\": true}, {\"args\": [], \"name\": \"entity_id\", \"type\": \"integer\", \"unsigned\": true, \"defaultTo\": null, \"notNullable\": false}, {\"args\": [], \"name\": \"component_id\", \"type\": \"integer\", \"unsigned\": true, \"defaultTo\": null, \"notNullable\": false}, {\"args\": [], \"name\": \"component_type\", \"type\": \"string\", \"unsigned\": false, \"defaultTo\": null, \"notNullable\": false}, {\"args\": [], \"name\": \"field\", \"type\": \"string\", \"unsigned\": false, \"defaultTo\": null, \"notNullable\": false}, {\"args\": [], \"name\": \"order\", \"type\": \"double\", \"unsigned\": true, \"defaultTo\": null, \"notNullable\": false}], \"indexes\": [{\"name\": \"components_admision_admision_forms_field_index\", \"columns\": [\"field\"]}, {\"name\": \"components_admision_admision_forms_component_type_index\", \"columns\": [\"component_type\"]}, {\"name\": \"components_admision_admision_forms_entity_fk\", \"columns\": [\"entity_id\"]}, {\"name\": \"components_admision_admision_forms_unique\", \"type\": \"unique\", \"columns\": [\"entity_id\", \"component_id\", \"field\", \"component_type\"]}], \"foreignKeys\": [{\"name\": \"components_admision_admision_forms_entity_fk\", \"columns\": [\"entity_id\"], \"onDelete\": \"CASCADE\", \"referencedTable\": \"components_admision_admision_forms\", \"referencedColumns\": [\"id\"]}]}, {\"name\": \"components_admision_admision_testimonios_components\", \"columns\": [{\"args\": [{\"primary\": true, \"primaryKey\": true}], \"name\": \"id\", \"type\": \"increments\", \"unsigned\": false, \"defaultTo\": null, \"notNullable\": true}, {\"args\": [], \"name\": \"entity_id\", \"type\": \"integer\", \"unsigned\": true, \"defaultTo\": null, \"notNullable\": false}, {\"args\": [], \"name\": \"component_id\", \"type\": \"integer\", \"unsigned\": true, \"defaultTo\": null, \"notNullable\": false}, {\"args\": [], \"name\": \"component_type\", \"type\": \"string\", \"unsigned\": false, \"defaultTo\": null, \"notNullable\": false}, {\"args\": [], \"name\": \"field\", \"type\": \"string\", \"unsigned\": false, \"defaultTo\": null, \"notNullable\": false}, {\"args\": [], \"name\": \"order\", \"type\": \"double\", \"unsigned\": true, \"defaultTo\": null, \"notNullable\": false}], \"indexes\": [{\"name\": \"components_admision_admision_testimonios_field_index\", \"columns\": [\"field\"]}, {\"name\": \"components_admision_admision_testimonios_component_type_index\", \"columns\": [\"component_type\"]}, {\"name\": \"components_admision_admision_testimonios_entity_fk\", \"columns\": [\"entity_id\"]}, {\"name\": \"components_admision_admision_testimonios_unique\", \"type\": \"unique\", \"columns\": [\"entity_id\", \"component_id\", \"field\", \"component_type\"]}], \"foreignKeys\": [{\"name\": \"components_admision_admision_testimonios_entity_fk\", \"columns\": [\"entity_id\"], \"onDelete\": \"CASCADE\", \"referencedTable\": \"components_admision_admision_testimonios\", \"referencedColumns\": [\"id\"]}]}, {\"name\": \"components_informacion_informacions_components\", \"columns\": [{\"args\": [{\"primary\": true, \"primaryKey\": true}], \"name\": \"id\", \"type\": \"increments\", \"unsigned\": false, \"defaultTo\": null, \"notNullable\": true}, {\"args\": [], \"name\": \"entity_id\", \"type\": \"integer\", \"unsigned\": true, \"defaultTo\": null, \"notNullable\": false}, {\"args\": [], \"name\": \"component_id\", \"type\": \"integer\", \"unsigned\": true, \"defaultTo\": null, \"notNullable\": false}, {\"args\": [], \"name\": \"component_type\", \"type\": \"string\", \"unsigned\": false, \"defaultTo\": null, \"notNullable\": false}, {\"args\": [], \"name\": \"field\", \"type\": \"string\", \"unsigned\": false, \"defaultTo\": null, \"notNullable\": false}, {\"args\": [], \"name\": \"order\", \"type\": \"double\", \"unsigned\": true, \"defaultTo\": null, \"notNullable\": false}], \"indexes\": [{\"name\": \"components_informacion_informacions_field_index\", \"columns\": [\"field\"]}, {\"name\": \"components_informacion_informacions_component_type_index\", \"columns\": [\"component_type\"]}, {\"name\": \"components_informacion_informacions_entity_fk\", \"columns\": [\"entity_id\"]}, {\"name\": \"components_informacion_informacions_unique\", \"type\": \"unique\", \"columns\": [\"entity_id\", \"component_id\", \"field\", \"component_type\"]}], \"foreignKeys\": [{\"name\": \"components_informacion_informacions_entity_fk\", \"columns\": [\"entity_id\"], \"onDelete\": \"CASCADE\", \"referencedTable\": \"components_informacion_informacions\", \"referencedColumns\": [\"id\"]}]}, {\"name\": \"components_shared_seos_components\", \"columns\": [{\"args\": [{\"primary\": true, \"primaryKey\": true}], \"name\": \"id\", \"type\": \"increments\", \"unsigned\": false, \"defaultTo\": null, \"notNullable\": true}, {\"args\": [], \"name\": \"entity_id\", \"type\": \"integer\", \"unsigned\": true, \"defaultTo\": null, \"notNullable\": false}, {\"args\": [], \"name\": \"component_id\", \"type\": \"integer\", \"unsigned\": true, \"defaultTo\": null, \"notNullable\": false}, {\"args\": [], \"name\": \"component_type\", \"type\": \"string\", \"unsigned\": false, \"defaultTo\": null, \"notNullable\": false}, {\"args\": [], \"name\": \"field\", \"type\": \"string\", \"unsigned\": false, \"defaultTo\": null, \"notNullable\": false}, {\"args\": [], \"name\": \"order\", \"type\": \"double\", \"unsigned\": true, \"defaultTo\": null, \"notNullable\": false}], \"indexes\": [{\"name\": \"components_shared_seos_field_index\", \"columns\": [\"field\"]}, {\"name\": \"components_shared_seos_component_type_index\", \"columns\": [\"component_type\"]}, {\"name\": \"components_shared_seos_entity_fk\", \"columns\": [\"entity_id\"]}, {\"name\": \"components_shared_seos_unique\", \"type\": \"unique\", \"columns\": [\"entity_id\", \"component_id\", \"field\", \"component_type\"]}], \"foreignKeys\": [{\"name\": \"components_shared_seos_entity_fk\", \"columns\": [\"entity_id\"], \"onDelete\": \"CASCADE\", \"referencedTable\": \"components_shared_seos\", \"referencedColumns\": [\"id\"]}]}]}','2024-11-19 03:13:26','89d39da917e01afbf020bd850a1ddfdb');
/*!40000 ALTER TABLE `strapi_database_schema` ENABLE KEYS */;
UNLOCK TABLES;

--
-- Table structure for table `strapi_migrations`
--

DROP TABLE IF EXISTS `strapi_migrations`;
/*!40101 SET @saved_cs_client     = @@character_set_client */;
/*!50503 SET character_set_client = utf8mb4 */;
CREATE TABLE `strapi_migrations` (
  `id` int unsigned NOT NULL AUTO_INCREMENT,
  `name` varchar(255) DEFAULT NULL,
  `time` datetime DEFAULT NULL,
  PRIMARY KEY (`id`)
) ENGINE=InnoDB DEFAULT CHARSET=utf8mb4 COLLATE=utf8mb4_0900_ai_ci;
/*!40101 SET character_set_client = @saved_cs_client */;

--
-- Dumping data for table `strapi_migrations`
--

LOCK TABLES `strapi_migrations` WRITE;
/*!40000 ALTER TABLE `strapi_migrations` DISABLE KEYS */;
/*!40000 ALTER TABLE `strapi_migrations` ENABLE KEYS */;
UNLOCK TABLES;

--
-- Table structure for table `strapi_transfer_token_permissions`
--

DROP TABLE IF EXISTS `strapi_transfer_token_permissions`;
/*!40101 SET @saved_cs_client     = @@character_set_client */;
/*!50503 SET character_set_client = utf8mb4 */;
CREATE TABLE `strapi_transfer_token_permissions` (
  `id` int unsigned NOT NULL AUTO_INCREMENT,
  `action` varchar(255) DEFAULT NULL,
  `created_at` datetime(6) DEFAULT NULL,
  `updated_at` datetime(6) DEFAULT NULL,
  `created_by_id` int unsigned DEFAULT NULL,
  `updated_by_id` int unsigned DEFAULT NULL,
  PRIMARY KEY (`id`),
  KEY `strapi_transfer_token_permissions_created_by_id_fk` (`created_by_id`),
  KEY `strapi_transfer_token_permissions_updated_by_id_fk` (`updated_by_id`),
  CONSTRAINT `strapi_transfer_token_permissions_created_by_id_fk` FOREIGN KEY (`created_by_id`) REFERENCES `admin_users` (`id`) ON DELETE SET NULL,
  CONSTRAINT `strapi_transfer_token_permissions_updated_by_id_fk` FOREIGN KEY (`updated_by_id`) REFERENCES `admin_users` (`id`) ON DELETE SET NULL
) ENGINE=InnoDB DEFAULT CHARSET=utf8mb4 COLLATE=utf8mb4_0900_ai_ci;
/*!40101 SET character_set_client = @saved_cs_client */;

--
-- Dumping data for table `strapi_transfer_token_permissions`
--

LOCK TABLES `strapi_transfer_token_permissions` WRITE;
/*!40000 ALTER TABLE `strapi_transfer_token_permissions` DISABLE KEYS */;
/*!40000 ALTER TABLE `strapi_transfer_token_permissions` ENABLE KEYS */;
UNLOCK TABLES;

--
-- Table structure for table `strapi_transfer_token_permissions_token_links`
--

DROP TABLE IF EXISTS `strapi_transfer_token_permissions_token_links`;
/*!40101 SET @saved_cs_client     = @@character_set_client */;
/*!50503 SET character_set_client = utf8mb4 */;
CREATE TABLE `strapi_transfer_token_permissions_token_links` (
  `id` int unsigned NOT NULL AUTO_INCREMENT,
  `transfer_token_permission_id` int unsigned DEFAULT NULL,
  `transfer_token_id` int unsigned DEFAULT NULL,
  `transfer_token_permission_order` double unsigned DEFAULT NULL,
  PRIMARY KEY (`id`),
  UNIQUE KEY `strapi_transfer_token_permissions_token_links_unique` (`transfer_token_permission_id`,`transfer_token_id`),
  KEY `strapi_transfer_token_permissions_token_links_fk` (`transfer_token_permission_id`),
  KEY `strapi_transfer_token_permissions_token_links_inv_fk` (`transfer_token_id`),
  KEY `strapi_transfer_token_permissions_token_links_order_inv_fk` (`transfer_token_permission_order`),
  CONSTRAINT `strapi_transfer_token_permissions_token_links_fk` FOREIGN KEY (`transfer_token_permission_id`) REFERENCES `strapi_transfer_token_permissions` (`id`) ON DELETE CASCADE,
  CONSTRAINT `strapi_transfer_token_permissions_token_links_inv_fk` FOREIGN KEY (`transfer_token_id`) REFERENCES `strapi_transfer_tokens` (`id`) ON DELETE CASCADE
) ENGINE=InnoDB DEFAULT CHARSET=utf8mb4 COLLATE=utf8mb4_0900_ai_ci;
/*!40101 SET character_set_client = @saved_cs_client */;

--
-- Dumping data for table `strapi_transfer_token_permissions_token_links`
--

LOCK TABLES `strapi_transfer_token_permissions_token_links` WRITE;
/*!40000 ALTER TABLE `strapi_transfer_token_permissions_token_links` DISABLE KEYS */;
/*!40000 ALTER TABLE `strapi_transfer_token_permissions_token_links` ENABLE KEYS */;
UNLOCK TABLES;

--
-- Table structure for table `strapi_transfer_tokens`
--

DROP TABLE IF EXISTS `strapi_transfer_tokens`;
/*!40101 SET @saved_cs_client     = @@character_set_client */;
/*!50503 SET character_set_client = utf8mb4 */;
CREATE TABLE `strapi_transfer_tokens` (
  `id` int unsigned NOT NULL AUTO_INCREMENT,
  `name` varchar(255) DEFAULT NULL,
  `description` varchar(255) DEFAULT NULL,
  `access_key` varchar(255) DEFAULT NULL,
  `last_used_at` datetime(6) DEFAULT NULL,
  `expires_at` datetime(6) DEFAULT NULL,
  `lifespan` bigint DEFAULT NULL,
  `created_at` datetime(6) DEFAULT NULL,
  `updated_at` datetime(6) DEFAULT NULL,
  `created_by_id` int unsigned DEFAULT NULL,
  `updated_by_id` int unsigned DEFAULT NULL,
  PRIMARY KEY (`id`),
  KEY `strapi_transfer_tokens_created_by_id_fk` (`created_by_id`),
  KEY `strapi_transfer_tokens_updated_by_id_fk` (`updated_by_id`),
  CONSTRAINT `strapi_transfer_tokens_created_by_id_fk` FOREIGN KEY (`created_by_id`) REFERENCES `admin_users` (`id`) ON DELETE SET NULL,
  CONSTRAINT `strapi_transfer_tokens_updated_by_id_fk` FOREIGN KEY (`updated_by_id`) REFERENCES `admin_users` (`id`) ON DELETE SET NULL
) ENGINE=InnoDB DEFAULT CHARSET=utf8mb4 COLLATE=utf8mb4_0900_ai_ci;
/*!40101 SET character_set_client = @saved_cs_client */;

--
-- Dumping data for table `strapi_transfer_tokens`
--

LOCK TABLES `strapi_transfer_tokens` WRITE;
/*!40000 ALTER TABLE `strapi_transfer_tokens` DISABLE KEYS */;
/*!40000 ALTER TABLE `strapi_transfer_tokens` ENABLE KEYS */;
UNLOCK TABLES;

--
-- Table structure for table `strapi_webhooks`
--

DROP TABLE IF EXISTS `strapi_webhooks`;
/*!40101 SET @saved_cs_client     = @@character_set_client */;
/*!50503 SET character_set_client = utf8mb4 */;
CREATE TABLE `strapi_webhooks` (
  `id` int unsigned NOT NULL AUTO_INCREMENT,
  `name` varchar(255) DEFAULT NULL,
  `url` longtext,
  `headers` json DEFAULT NULL,
  `events` json DEFAULT NULL,
  `enabled` tinyint(1) DEFAULT NULL,
  PRIMARY KEY (`id`)
) ENGINE=InnoDB DEFAULT CHARSET=utf8mb4 COLLATE=utf8mb4_0900_ai_ci;
/*!40101 SET character_set_client = @saved_cs_client */;

--
-- Dumping data for table `strapi_webhooks`
--

LOCK TABLES `strapi_webhooks` WRITE;
/*!40000 ALTER TABLE `strapi_webhooks` DISABLE KEYS */;
/*!40000 ALTER TABLE `strapi_webhooks` ENABLE KEYS */;
UNLOCK TABLES;

--
-- Table structure for table `up_permissions`
--

DROP TABLE IF EXISTS `up_permissions`;
/*!40101 SET @saved_cs_client     = @@character_set_client */;
/*!50503 SET character_set_client = utf8mb4 */;
CREATE TABLE `up_permissions` (
  `id` int unsigned NOT NULL AUTO_INCREMENT,
  `action` varchar(255) DEFAULT NULL,
  `created_at` datetime(6) DEFAULT NULL,
  `updated_at` datetime(6) DEFAULT NULL,
  `created_by_id` int unsigned DEFAULT NULL,
  `updated_by_id` int unsigned DEFAULT NULL,
  PRIMARY KEY (`id`),
  KEY `up_permissions_created_by_id_fk` (`created_by_id`),
  KEY `up_permissions_updated_by_id_fk` (`updated_by_id`),
  CONSTRAINT `up_permissions_created_by_id_fk` FOREIGN KEY (`created_by_id`) REFERENCES `admin_users` (`id`) ON DELETE SET NULL,
  CONSTRAINT `up_permissions_updated_by_id_fk` FOREIGN KEY (`updated_by_id`) REFERENCES `admin_users` (`id`) ON DELETE SET NULL
) ENGINE=InnoDB AUTO_INCREMENT=19 DEFAULT CHARSET=utf8mb4 COLLATE=utf8mb4_0900_ai_ci;
/*!40101 SET character_set_client = @saved_cs_client */;

--
-- Dumping data for table `up_permissions`
--

LOCK TABLES `up_permissions` WRITE;
/*!40000 ALTER TABLE `up_permissions` DISABLE KEYS */;
INSERT INTO `up_permissions` VALUES (1,'plugin::users-permissions.user.me','2024-03-05 11:38:11.148000','2024-03-05 11:38:11.148000',NULL,NULL),(2,'plugin::users-permissions.auth.changePassword','2024-03-05 11:38:11.148000','2024-03-05 11:38:11.148000',NULL,NULL),(3,'plugin::users-permissions.auth.connect','2024-03-05 11:38:11.703000','2024-03-05 11:38:11.703000',NULL,NULL),(4,'plugin::users-permissions.auth.callback','2024-03-05 11:38:11.703000','2024-03-05 11:38:11.703000',NULL,NULL),(5,'plugin::users-permissions.auth.forgotPassword','2024-03-05 11:38:11.703000','2024-03-05 11:38:11.703000',NULL,NULL),(6,'plugin::users-permissions.auth.register','2024-03-05 11:38:11.703000','2024-03-05 11:38:11.703000',NULL,NULL),(7,'plugin::users-permissions.auth.sendEmailConfirmation','2024-03-05 11:38:11.703000','2024-03-05 11:38:11.703000',NULL,NULL),(8,'plugin::users-permissions.auth.emailConfirmation','2024-03-05 11:38:11.703000','2024-03-05 11:38:11.703000',NULL,NULL),(9,'plugin::users-permissions.auth.resetPassword','2024-03-05 11:38:11.703000','2024-03-05 11:38:11.703000',NULL,NULL),(10,'api::admision.admision.find','2024-03-05 12:19:39.491000','2024-03-05 12:19:39.491000',NULL,NULL),(11,'api::general.general.find','2024-03-05 20:23:43.462000','2024-03-05 20:23:43.462000',NULL,NULL),(12,'api::especialidad.especialidad.find','2024-03-07 21:46:31.556000','2024-03-07 21:46:31.556000',NULL,NULL),(14,'api::user-register.user-register.find','2024-03-07 22:19:49.735000','2024-03-07 22:19:49.735000',NULL,NULL),(15,'api::user-register.user-register.create','2024-03-07 22:19:49.736000','2024-03-07 22:19:49.736000',NULL,NULL),(16,'plugin::ezforms.submitController.index','2024-04-11 23:46:16.997000','2024-04-11 23:46:16.997000',NULL,NULL),(17,'plugin::email.email.send','2024-04-12 13:22:23.325000','2024-04-12 13:22:23.325000',NULL,NULL),(18,'api::blog-post.blog-post.find','2024-11-18 11:03:58.608000','2024-11-18 11:03:58.608000',NULL,NULL);
/*!40000 ALTER TABLE `up_permissions` ENABLE KEYS */;
UNLOCK TABLES;

--
-- Table structure for table `up_permissions_role_links`
--

DROP TABLE IF EXISTS `up_permissions_role_links`;
/*!40101 SET @saved_cs_client     = @@character_set_client */;
/*!50503 SET character_set_client = utf8mb4 */;
CREATE TABLE `up_permissions_role_links` (
  `id` int unsigned NOT NULL AUTO_INCREMENT,
  `permission_id` int unsigned DEFAULT NULL,
  `role_id` int unsigned DEFAULT NULL,
  `permission_order` double unsigned DEFAULT NULL,
  PRIMARY KEY (`id`),
  UNIQUE KEY `up_permissions_role_links_unique` (`permission_id`,`role_id`),
  KEY `up_permissions_role_links_fk` (`permission_id`),
  KEY `up_permissions_role_links_inv_fk` (`role_id`),
  KEY `up_permissions_role_links_order_inv_fk` (`permission_order`),
  CONSTRAINT `up_permissions_role_links_fk` FOREIGN KEY (`permission_id`) REFERENCES `up_permissions` (`id`) ON DELETE CASCADE,
  CONSTRAINT `up_permissions_role_links_inv_fk` FOREIGN KEY (`role_id`) REFERENCES `up_roles` (`id`) ON DELETE CASCADE
) ENGINE=InnoDB AUTO_INCREMENT=19 DEFAULT CHARSET=utf8mb4 COLLATE=utf8mb4_0900_ai_ci;
/*!40101 SET character_set_client = @saved_cs_client */;

--
-- Dumping data for table `up_permissions_role_links`
--

LOCK TABLES `up_permissions_role_links` WRITE;
/*!40000 ALTER TABLE `up_permissions_role_links` DISABLE KEYS */;
INSERT INTO `up_permissions_role_links` VALUES (1,1,1,1),(2,2,1,1),(3,4,2,1),(4,5,2,1),(5,3,2,1),(6,6,2,1),(7,7,2,1),(8,9,2,1),(9,8,2,1),(10,10,2,2),(11,11,2,3),(12,12,2,4),(14,14,2,5),(15,15,2,5),(16,16,2,6),(17,17,2,7),(18,18,2,8);
/*!40000 ALTER TABLE `up_permissions_role_links` ENABLE KEYS */;
UNLOCK TABLES;

--
-- Table structure for table `up_roles`
--

DROP TABLE IF EXISTS `up_roles`;
/*!40101 SET @saved_cs_client     = @@character_set_client */;
/*!50503 SET character_set_client = utf8mb4 */;
CREATE TABLE `up_roles` (
  `id` int unsigned NOT NULL AUTO_INCREMENT,
  `name` varchar(255) DEFAULT NULL,
  `description` varchar(255) DEFAULT NULL,
  `type` varchar(255) DEFAULT NULL,
  `created_at` datetime(6) DEFAULT NULL,
  `updated_at` datetime(6) DEFAULT NULL,
  `created_by_id` int unsigned DEFAULT NULL,
  `updated_by_id` int unsigned DEFAULT NULL,
  PRIMARY KEY (`id`),
  KEY `up_roles_created_by_id_fk` (`created_by_id`),
  KEY `up_roles_updated_by_id_fk` (`updated_by_id`),
  CONSTRAINT `up_roles_created_by_id_fk` FOREIGN KEY (`created_by_id`) REFERENCES `admin_users` (`id`) ON DELETE SET NULL,
  CONSTRAINT `up_roles_updated_by_id_fk` FOREIGN KEY (`updated_by_id`) REFERENCES `admin_users` (`id`) ON DELETE SET NULL
) ENGINE=InnoDB AUTO_INCREMENT=3 DEFAULT CHARSET=utf8mb4 COLLATE=utf8mb4_0900_ai_ci;
/*!40101 SET character_set_client = @saved_cs_client */;

--
-- Dumping data for table `up_roles`
--

LOCK TABLES `up_roles` WRITE;
/*!40000 ALTER TABLE `up_roles` DISABLE KEYS */;
INSERT INTO `up_roles` VALUES (1,'Authenticated','Default role given to authenticated user.','authenticated','2024-03-05 11:38:10.193000','2024-03-05 11:38:10.193000',NULL,NULL),(2,'Public','Default role given to unauthenticated user.','public','2024-03-05 11:38:10.564000','2024-11-18 11:06:22.436000',NULL,NULL);
/*!40000 ALTER TABLE `up_roles` ENABLE KEYS */;
UNLOCK TABLES;

--
-- Table structure for table `up_users`
--

DROP TABLE IF EXISTS `up_users`;
/*!40101 SET @saved_cs_client     = @@character_set_client */;
/*!50503 SET character_set_client = utf8mb4 */;
CREATE TABLE `up_users` (
  `id` int unsigned NOT NULL AUTO_INCREMENT,
  `username` varchar(255) DEFAULT NULL,
  `email` varchar(255) DEFAULT NULL,
  `provider` varchar(255) DEFAULT NULL,
  `password` varchar(255) DEFAULT NULL,
  `reset_password_token` varchar(255) DEFAULT NULL,
  `confirmation_token` varchar(255) DEFAULT NULL,
  `confirmed` tinyint(1) DEFAULT NULL,
  `blocked` tinyint(1) DEFAULT NULL,
  `created_at` datetime(6) DEFAULT NULL,
  `updated_at` datetime(6) DEFAULT NULL,
  `created_by_id` int unsigned DEFAULT NULL,
  `updated_by_id` int unsigned DEFAULT NULL,
  PRIMARY KEY (`id`),
  KEY `up_users_created_by_id_fk` (`created_by_id`),
  KEY `up_users_updated_by_id_fk` (`updated_by_id`),
  CONSTRAINT `up_users_created_by_id_fk` FOREIGN KEY (`created_by_id`) REFERENCES `admin_users` (`id`) ON DELETE SET NULL,
  CONSTRAINT `up_users_updated_by_id_fk` FOREIGN KEY (`updated_by_id`) REFERENCES `admin_users` (`id`) ON DELETE SET NULL
) ENGINE=InnoDB DEFAULT CHARSET=utf8mb4 COLLATE=utf8mb4_0900_ai_ci;
/*!40101 SET character_set_client = @saved_cs_client */;

--
-- Dumping data for table `up_users`
--

LOCK TABLES `up_users` WRITE;
/*!40000 ALTER TABLE `up_users` DISABLE KEYS */;
/*!40000 ALTER TABLE `up_users` ENABLE KEYS */;
UNLOCK TABLES;

--
-- Table structure for table `up_users_role_links`
--

DROP TABLE IF EXISTS `up_users_role_links`;
/*!40101 SET @saved_cs_client     = @@character_set_client */;
/*!50503 SET character_set_client = utf8mb4 */;
CREATE TABLE `up_users_role_links` (
  `id` int unsigned NOT NULL AUTO_INCREMENT,
  `user_id` int unsigned DEFAULT NULL,
  `role_id` int unsigned DEFAULT NULL,
  `user_order` double unsigned DEFAULT NULL,
  PRIMARY KEY (`id`),
  UNIQUE KEY `up_users_role_links_unique` (`user_id`,`role_id`),
  KEY `up_users_role_links_fk` (`user_id`),
  KEY `up_users_role_links_inv_fk` (`role_id`),
  KEY `up_users_role_links_order_inv_fk` (`user_order`),
  CONSTRAINT `up_users_role_links_fk` FOREIGN KEY (`user_id`) REFERENCES `up_users` (`id`) ON DELETE CASCADE,
  CONSTRAINT `up_users_role_links_inv_fk` FOREIGN KEY (`role_id`) REFERENCES `up_roles` (`id`) ON DELETE CASCADE
) ENGINE=InnoDB DEFAULT CHARSET=utf8mb4 COLLATE=utf8mb4_0900_ai_ci;
/*!40101 SET character_set_client = @saved_cs_client */;

--
-- Dumping data for table `up_users_role_links`
--

LOCK TABLES `up_users_role_links` WRITE;
/*!40000 ALTER TABLE `up_users_role_links` DISABLE KEYS */;
/*!40000 ALTER TABLE `up_users_role_links` ENABLE KEYS */;
UNLOCK TABLES;

--
-- Table structure for table `upload_folders`
--

DROP TABLE IF EXISTS `upload_folders`;
/*!40101 SET @saved_cs_client     = @@character_set_client */;
/*!50503 SET character_set_client = utf8mb4 */;
CREATE TABLE `upload_folders` (
  `id` int unsigned NOT NULL AUTO_INCREMENT,
  `name` varchar(255) DEFAULT NULL,
  `path_id` int DEFAULT NULL,
  `path` varchar(255) DEFAULT NULL,
  `created_at` datetime(6) DEFAULT NULL,
  `updated_at` datetime(6) DEFAULT NULL,
  `created_by_id` int unsigned DEFAULT NULL,
  `updated_by_id` int unsigned DEFAULT NULL,
  PRIMARY KEY (`id`),
  UNIQUE KEY `upload_folders_path_id_index` (`path_id`),
  UNIQUE KEY `upload_folders_path_index` (`path`),
  KEY `upload_folders_created_by_id_fk` (`created_by_id`),
  KEY `upload_folders_updated_by_id_fk` (`updated_by_id`),
  CONSTRAINT `upload_folders_created_by_id_fk` FOREIGN KEY (`created_by_id`) REFERENCES `admin_users` (`id`) ON DELETE SET NULL,
  CONSTRAINT `upload_folders_updated_by_id_fk` FOREIGN KEY (`updated_by_id`) REFERENCES `admin_users` (`id`) ON DELETE SET NULL
) ENGINE=InnoDB DEFAULT CHARSET=utf8mb4 COLLATE=utf8mb4_0900_ai_ci;
/*!40101 SET character_set_client = @saved_cs_client */;

--
-- Dumping data for table `upload_folders`
--

LOCK TABLES `upload_folders` WRITE;
/*!40000 ALTER TABLE `upload_folders` DISABLE KEYS */;
/*!40000 ALTER TABLE `upload_folders` ENABLE KEYS */;
UNLOCK TABLES;

--
-- Table structure for table `upload_folders_parent_links`
--

DROP TABLE IF EXISTS `upload_folders_parent_links`;
/*!40101 SET @saved_cs_client     = @@character_set_client */;
/*!50503 SET character_set_client = utf8mb4 */;
CREATE TABLE `upload_folders_parent_links` (
  `id` int unsigned NOT NULL AUTO_INCREMENT,
  `folder_id` int unsigned DEFAULT NULL,
  `inv_folder_id` int unsigned DEFAULT NULL,
  `folder_order` double unsigned DEFAULT NULL,
  PRIMARY KEY (`id`),
  UNIQUE KEY `upload_folders_parent_links_unique` (`folder_id`,`inv_folder_id`),
  KEY `upload_folders_parent_links_fk` (`folder_id`),
  KEY `upload_folders_parent_links_inv_fk` (`inv_folder_id`),
  KEY `upload_folders_parent_links_order_inv_fk` (`folder_order`),
  CONSTRAINT `upload_folders_parent_links_fk` FOREIGN KEY (`folder_id`) REFERENCES `upload_folders` (`id`) ON DELETE CASCADE,
  CONSTRAINT `upload_folders_parent_links_inv_fk` FOREIGN KEY (`inv_folder_id`) REFERENCES `upload_folders` (`id`) ON DELETE CASCADE
) ENGINE=InnoDB DEFAULT CHARSET=utf8mb4 COLLATE=utf8mb4_0900_ai_ci;
/*!40101 SET character_set_client = @saved_cs_client */;

--
-- Dumping data for table `upload_folders_parent_links`
--

LOCK TABLES `upload_folders_parent_links` WRITE;
/*!40000 ALTER TABLE `upload_folders_parent_links` DISABLE KEYS */;
/*!40000 ALTER TABLE `upload_folders_parent_links` ENABLE KEYS */;
UNLOCK TABLES;

--
-- Table structure for table `users_register`
--

DROP TABLE IF EXISTS `users_register`;
/*!40101 SET @saved_cs_client     = @@character_set_client */;
/*!50503 SET character_set_client = utf8mb4 */;
CREATE TABLE `users_register` (
  `id` int unsigned NOT NULL AUTO_INCREMENT,
  `nombres` varchar(255) DEFAULT NULL,
  `apellidos` varchar(255) DEFAULT NULL,
  `carrera_interes` varchar(255) DEFAULT NULL,
  `celular` varchar(255) DEFAULT NULL,
  `created_at` datetime(6) DEFAULT NULL,
  `updated_at` datetime(6) DEFAULT NULL,
  `published_at` datetime(6) DEFAULT NULL,
  `created_by_id` int unsigned DEFAULT NULL,
  `updated_by_id` int unsigned DEFAULT NULL,
  `email` varchar(255) DEFAULT NULL,
  PRIMARY KEY (`id`),
  KEY `users_register_created_by_id_fk` (`created_by_id`),
  KEY `users_register_updated_by_id_fk` (`updated_by_id`),
  CONSTRAINT `users_register_created_by_id_fk` FOREIGN KEY (`created_by_id`) REFERENCES `admin_users` (`id`) ON DELETE SET NULL,
  CONSTRAINT `users_register_updated_by_id_fk` FOREIGN KEY (`updated_by_id`) REFERENCES `admin_users` (`id`) ON DELETE SET NULL
) ENGINE=InnoDB AUTO_INCREMENT=100 DEFAULT CHARSET=utf8mb4 COLLATE=utf8mb4_0900_ai_ci;
/*!40101 SET character_set_client = @saved_cs_client */;

--
-- Dumping data for table `users_register`
--

LOCK TABLES `users_register` WRITE;
/*!40000 ALTER TABLE `users_register` DISABLE KEYS */;
INSERT INTO `users_register` VALUES (83,'Jhair','Infanzon','Computación e Informática','922692354','2024-11-12 19:39:20.399000','2024-11-12 19:39:20.399000','2024-11-12 19:39:20.396000',NULL,NULL,'jinfanzonquispe30@gmail.com'),(84,'cesar','zegarra','Mecánica automotriz ','92269232','2024-11-12 19:43:07.592000','2024-11-12 19:43:07.592000','2024-11-12 19:43:07.588000',NULL,NULL,'cesarzegarrav26@gmail.com'),(90,'Jhair','Infanzon','Construcción civil','922692354','2024-11-12 20:17:18.327000','2024-11-12 20:17:18.327000','2024-11-12 20:17:18.325000',NULL,NULL,'jinfanzonquispe30@gmail.com'),(94,'Jhair','Infanzon','Computación e Informática','922692354','2024-11-12 21:21:21.218000','2024-11-12 21:21:21.218000','2024-11-12 21:21:21.213000',NULL,NULL,'jinfanzonquispe30@gmail.com'),(95,'Jhair','Infanzon','Construcción civil','922692354','2024-11-12 21:21:57.747000','2024-11-12 21:21:57.747000','2024-11-12 21:21:57.745000',NULL,NULL,'jinfanzonquispe30@gmail.com'),(96,'Jhair','Infanzon','Construcción civil','922692354','2024-11-12 21:24:41.864000','2024-11-12 21:24:41.864000','2024-11-12 21:24:41.863000',NULL,NULL,'jinfanzonquispe30@gmail.com'),(97,'Jhair','Infanzon','Computación e Informática','922692354','2024-11-12 21:28:28.273000','2024-11-12 21:28:28.273000','2024-11-12 21:28:28.270000',NULL,NULL,'jinfanzonquispe30@gmail.com'),(98,'Jhair','Infanzon','Computación e Informática','922692354','2024-11-12 21:31:31.671000','2024-11-12 21:31:31.671000','2024-11-12 21:31:31.668000',NULL,NULL,'jinfanzonquispe30@gmail.com'),(99,'Jhair','Infanzon','Metalurgia','922692354','2024-11-12 21:33:35.450000','2024-11-12 21:33:35.450000','2024-11-12 21:33:35.447000',NULL,NULL,'jinfanzonquispe30@gmail.com');
/*!40000 ALTER TABLE `users_register` ENABLE KEYS */;
UNLOCK TABLES;
/*!40103 SET TIME_ZONE=@OLD_TIME_ZONE */;

/*!40101 SET SQL_MODE=@OLD_SQL_MODE */;
/*!40014 SET FOREIGN_KEY_CHECKS=@OLD_FOREIGN_KEY_CHECKS */;
/*!40014 SET UNIQUE_CHECKS=@OLD_UNIQUE_CHECKS */;
/*!40101 SET CHARACTER_SET_CLIENT=@OLD_CHARACTER_SET_CLIENT */;
/*!40101 SET CHARACTER_SET_RESULTS=@OLD_CHARACTER_SET_RESULTS */;
/*!40101 SET COLLATION_CONNECTION=@OLD_COLLATION_CONNECTION */;
/*!40111 SET SQL_NOTES=@OLD_SQL_NOTES */;

-- Dump completed on 2024-11-19  5:40:34
